x,y,spatial_ref,power,heat_pump_power,capex,opex,utc,npv,hprod,cop,cophp,pres,flow_rate,welld,inj_temp,prd_temp,transmissivity_with_ntg,thickness,transmissivity,permeability,temperature,geometry,distance_to_city
137000,466000,0,9.278055191,1.254120708,15.0343895,-1.867899537,6.8703022,9.920614319,1174011.625,6.772230625,5.225231647,46.76930237,301.6395874,1102.539063,36.25247955,65.56794739,19.47281469,141.1761932,20214.69417,143.1876984,66.25247955,POINT (137000 466000),5533.38401
136000,467000,0,9.235870361,1.132158279,15.0119257,-1.84895575,6.858414173,9.913020001,1168673.75,6.885930061,5.271642208,46.94862366,300.3953247,1102.539063,36.60240936,65.90855408,19.19171358,140.993103,19945.6598,141.4654999,66.60240936,POINT (136000 467000),6318.255154
138000,465000,0,9.196495056,1.120970845,15.00715446,-1.841940284,6.87241888,9.826755768,1163691.375,6.877306938,5.274270058,47.16025543,299.2073364,1091.210938,36.62203979,65.9232254,18.96567837,141.0516968,19665.78028,139.4225006,66.62203979,POINT (138000 465000),4915.542713
142000,459000,0,9.122141838,0.884657264,14.88040924,-1.802955627,6.821524143,9.905923748,1154283,7.160066605,5.368667603,46.82630157,296.9277649,1113.867188,37.31442261,66.60572815,18.7464835,134.0072937,19254.81109,143.6847992,67.31442261,POINT (142000 459000),2764.940614
141000,460000,0,9.071915627,0.812158763,14.9129858,-1.790606976,6.840459824,9.792692251,1147927.5,7.194906712,5.397570133,47.38407516,295.5134583,1102.539063,37.52157593,66.79985046,18.33781711,136.6421051,18846.6776,137.9273071,67.52157593,POINT (141000 460000),2517.612391
143000,459000,0,8.990437508,0.786486804,14.80573368,-1.770498514,6.837656021,9.713352199,1137617.5,7.244540215,5.40557766,47.03177643,292.8243408,1113.867188,37.57857513,66.85430145,18.2630173,132.576004,18810.39995,141.8838959,67.57857513,POINT (143000 459000),3406.334259
142000,460000,0,8.947387695,0.683877587,14.84486389,-1.757246852,6.850950241,9.62620216,1132170.125,7.313709259,5.449136257,47.62805176,291.7500916,1102.539063,37.88570404,67.14691162,17.83751156,135.311203,18379.71324,135.832901,67.88570404,POINT (142000 460000),3356.845897
144000,458000,0,8.784380913,0.587883532,14.68588543,-1.716295004,6.855871201,9.436060195,1111543.875,7.43803072,5.487119198,47.3764267,286.4968872,1113.867188,38.14953613,67.39787292,17.47187269,129.4131012,17991.83728,139.0263977,68.14953613,POINT (144000 458000),3368.085246
143000,458000,0,8.773934364,0.426186293,14.72157288,-1.703907251,6.845151901,9.456971833,1110222.125,7.599040508,5.561807156,47.86397171,286.4645996,1102.539063,38.65782166,67.89299774,17.12032464,130.9132996,17577.33577,134.2669983,68.65782166,POINT (143000 458000),2605.872798
141000,461000,0,8.736207008,0.400853604,14.82880402,-1.701050401,6.891855717,9.27690913,1105448.125,7.542329311,5.572958946,48.82492447,285.5429688,1079.882813,38.73254395,67.9509964,16.66854164,137.5690002,17185.83506,124.9252014,68.73254395,POINT (141000 461000),3043.735362
146000,457000,0,8.704446793,0.863272905,14.55425262,-1.720243216,6.898664474,9.222935534,1101429.375,7.15999651,5.360607624,46.48401642,283.5276794,1136.523438,37.2562561,66.52016449,17.87358751,124.2826996,18466.35801,148.5834961,67.2562561,POINT (146000 457000),4638.549987
137000,463000,0,8.693961143,0.689556181,14.77809143,-1.715804696,6.946248531,9.070486988,1100102.5,7.207282543,5.438026905,48.51798248,283.9281921,1057.226563,37.80783844,67.03924561,16.82388922,142.1192932,17324.56976,121.9016037,67.80783844,POINT (137000 463000),2679.516092
141000,459000,0,8.633789063,0.041046683,14.77379036,-1.656445146,6.864159584,9.249847899,1092488.5,7.96558857,5.748228073,49.25372696,282.7028503,1079.882813,39.86886597,69.05819702,16.01916681,135.3710022,16414.76268,121.2575989,69.86886597,POINT (141000 459000),1943.441989
140000,462000,0,8.631408691,0.285522521,14.83458996,-1.67608881,6.922311306,9.075814387,1092187.375,7.623625278,5.626485348,49.46637344,282.5203247,1068.554688,39.08708191,68.28347015,16.12065846,139.3233032,16636.38675,119.4085007,69.08708191,POINT (140000 462000),3194.904184
145000,457000,0,8.603794098,0.500307262,14.56534863,-1.675416827,6.88364172,9.160446154,1088693.125,7.523792267,5.522684097,47.48955917,280.8329468,1113.867188,38.39328766,67.62249756,16.92628364,125.8899002,17430.01145,138.4544067,68.39328766,POINT (145000 457000),3723.070884
135000,468000,0,8.584421158,0,14.8346405,-1.648482919,6.899615288,9.092970705,1086241.625,7.951593876,0,49.9213562,281.4000244,1068.554688,40.13515472,69.30690002,15.64011494,140.5879974,16259.60599,115.6542969,70.13515472,POINT (135000 468000),7147.806604
144000,457000,0,8.572606087,0.317033261,14.60123062,-1.657937884,6.878211975,9.143142365,1084746.625,7.713123322,5.610064507,48.02559662,280.1769409,1113.867188,38.97903442,68.19044495,16.5426977,127.4300995,16982.54574,133.2695007,68.97903442,POINT (144000 457000),2864.644744
137000,462000,0,8.511329651,0.175928414,14.82485771,-1.648846269,6.957487583,8.847264353,1076993,7.699293137,5.679238319,50.11788177,278.9278259,1045.898438,39.42995453,68.60279083,15.52698345,142.0870972,15941.46182,112.1949997,69.42995453,POINT (137000 462000),1830.595278
151000,455000,0,8.462333679,2.106401205,14.20277309,-1.793990493,7.181397438,8.148978663,1070793.125,5.915790081,4.840229988,43.47460556,274.0377808,1181.835938,33.09088135,62.42412567,19.72322816,110.7538986,20564.3082,185.675705,63.09088135,POINT (151000 455000),9187.98506
135000,467000,0,8.43343544,0,14.84041405,-1.624432683,6.970703125,8.728217815,1067136.5,7.875114918,0,50.63719559,276.9361572,1057.226563,40.71070862,69.8508606,14.96270168,141.1595001,15550.51122,110.1626968,70.71070862,POINT (135000 467000),6151.151116
151000,457000,0,8.360230446,1.340721846,14.24281788,-1.696691871,7.058891296,8.400565594,1057873.375,6.615574837,5.135757446,45.33181763,271.8510437,1159.179688,35.56000519,64.83178711,17.92734489,115.0551987,18687.94458,162.4259033,65.56000519,POINT (151000 457000),9474.720819
149000,462000,0,8.269826889,0,14.46116638,-1.581194043,6.923015594,8.693626007,1046434.125,8.06265831,0,48.80075455,270.971344,1102.539063,40.09980011,69.25856018,15.32563439,125.8608017,15937.63966,126.629097,70.09980011,POINT (149000 462000),9765.310253
151000,456000,0,8.262195587,1.406150103,14.1688385,-1.68492496,7.098811626,8.189371875,1045468.375,6.527777195,5.101473331,45.20849609,268.6442566,1159.179688,35.2882309,64.55718994,17.78959702,112.9925995,18550.15347,164.171402,65.2882309,POINT (151000 456000),9310.668318
145000,458000,0,8.257975578,0,14.53371906,-1.582530737,6.952682018,8.597468767,1044934.5,8.004005432,0,49.35118866,270.8500366,1091.210938,40.34152985,69.48833466,15.0690401,127.8501968,15565.58199,121.7485962,70.34152985,POINT (145000 458000),4230.534648
140000,460000,0,8.232701302,0,14.82316399,-1.59117496,7.060565472,8.267712353,1041736.313,7.791158676,0,51.413311,270.9962463,1045.898438,41.7882309,70.88323212,14.08752383,137.8968048,14445.7792,104.7578964,71.7882309,POINT (140000 460000),1641.325284
137000,467000,0,8.173951149,0,14.81513023,-1.581057668,7.086123466,8.13733894,1034302.313,7.772058487,0,51.60618591,269.1359253,1045.898438,41.54113007,70.62988281,13.98132417,140.6327972,14529.07007,103.3121033,71.54113007,POINT (137000 467000),6513.922216
146000,456000,0,8.137274742,0.03728212,14.37183285,-1.558540702,6.962485313,8.444551182,1029661.375,8.009085655,5.74901104,48.7805748,266.6854858,1102.539063,39.87378693,69.02359009,15.08439413,122.0794983,15539.70715,127.2917023,69.87378693,POINT (146000 456000),4376.875744
136000,466000,0,8.111071587,0,14.84113121,-1.571949601,7.125983715,7.964283364,1026345.813,7.724956036,0,52.06751633,267.3391113,1034.570313,41.87717438,70.94795227,13.65356157,141.5363007,14167.85475,100.100502,71.87717438,POINT (136000 466000),5354.051644
149000,461000,0,8.107521057,0,14.43321705,-1.553700089,6.991161823,8.334242697,1025896.5,8.003973007,0,49.31470871,266.1138611,1102.539063,40.66130829,69.78878021,14.70869577,125.0046005,15300.83796,122.4021988,70.66130829,POINT (149000 461000),9195.039113
140000,461000,0,8.093854904,0,14.81699467,-1.568201661,7.126754284,7.945246757,1024167.188,7.731276989,0,51.99523163,266.7866516,1034.570313,41.99150085,71.06046295,13.60725911,138.7702942,13996.35819,100.8599014,71.99150085,POINT (140000 461000),2345.621135
142000,458000,0,8.09076786,0,14.70718479,-1.563018441,7.091632366,8.039300761,1023776.625,7.802497387,0,51.25378036,266.5171509,1057.226563,42.26921082,71.34500122,13.75982222,132.3540955,14090.96014,106.4641037,72.26921082,POINT (142000 458000),2024.658414
139000,463000,0,8.089249611,0,14.81567383,-1.567274213,7.128340721,7.936342003,1023584.5,7.731820583,0,52.00618362,266.5481567,1034.570313,41.5532074,70.62740326,13.68816262,140.569397,14142.12515,100.6060028,71.5532074,POINT (139000 463000),3814.436175
138000,464000,0,8.053977966,0,14.82918835,-1.561930299,7.150241852,7.841473494,1019121.375,7.708849907,0,52.2292099,265.536377,1034.570313,41.75537872,70.81919098,13.53089722,141.3224945,13998.44528,99.05319977,71.75537872,POINT (138000 464000),4043.478221
137000,465000,0,8.030266762,0,14.84246254,-1.558841348,7.167244434,7.771741007,1016121.063,7.685647964,0,52.45345306,264.9177551,1023.242188,42.09786987,71.15132904,13.33615913,141.6215057,13816.99029,97.56279755,72.09786987,POINT (137000 465000),4561.304042
145000,456000,0,7.933187008,0,14.44009781,-1.525665879,7.079851627,7.914652066,1003836.875,7.914562702,0,50.14245224,260.9165649,1091.210938,41.37049866,70.4581604,13.95887126,123.6407013,14331.49034,115.9123993,71.37049866,POINT (145000 456000),3393.42078
139000,462000,0,7.848430157,0,14.83697891,-1.528238535,7.258497715,7.351071269,993112.0625,7.61272192,0,53.15485001,259.4776306,1023.242188,42.79309845,71.80437469,12.71204771,140.3645935,13090.35945,93.25969696,72.79309845,POINT (139000 462000),2865.014506
150000,458000,0,7.820225239,1.74E-05,14.19690323,-1.497370243,7.054893494,7.868636719,989543.125,8.025760651,5.769156933,49.0821991,256.7312317,1102.539063,39.99993896,69.11101532,14.28531552,118.9223022,14878.98718,125.1151962,69.99993896,POINT (150000 458000),8744.92948
150000,457000,0,7.780566692,0.108358845,14.14299488,-1.495882154,7.074094296,7.77769276,984524.875,7.895791054,5.708396435,48.76456451,255.2599487,1113.867188,39.61675262,68.73327637,14.39339327,117.0571976,14993.11833,128.0836945,69.61675262,POINT (150000 457000),8492.420587
150000,459000,0,7.762028217,0,14.26568508,-1.490800142,7.108663082,7.667488575,982179.0625,7.947473526,0,49.80184174,255.2718201,1091.210938,40.8765564,69.95809174,13.77826861,120.5588989,14343.39824,118.9741974,70.8765564,POINT (150000 459000),9100.354143
139000,465000,0,7.759107113,0,14.81990623,-1.512672305,7.300076008,7.157189311,981809.4375,7.584405422,0,53.41399002,256.8188171,1023.242188,43.32553864,72.31365204,12.39752201,140.3276062,12865.83881,91.68430328,73.32553864,POINT (139000 465000),5433.17864
134000,468000,0,7.742895126,0,14.86241913,-1.511674404,7.323357105,7.080648633,979758.0625,7.55107832,0,53.72532654,256.608551,1023.242188,44.26495361,73.23152161,12.14328514,140.5923004,12625.58266,89.80280304,74.26495361,POINT (134000 468000),7141.950091
136000,469000,0,7.713768959,0,14.28662586,-1.485723376,7.145889759,7.521709999,976072.5,7.876599312,0,50.50281143,253.8989105,1011.914063,40.7142868,69.78326416,13.35387886,139.6972961,13859.75977,99.21279907,70.7142868,POINT (136000 469000),8272.20083
144000,456000,0,7.710690022,0,14.5149641,-1.492383242,7.221243858,7.320199378,975682.9375,7.756869316,0,51.61730576,254.6407928,1068.554688,42.98232269,71.99891663,12.81580623,125.1361008,13120.19442,104.8473969,72.98232269,POINT (144000 456000),2421.762675
146000,455000,0,7.707856655,0,14.31129456,-1.483626246,7.152320385,7.49901062,975324.375,7.892702579,0,50.30332947,253.8530731,1091.210938,41.60259247,70.65972137,13.40624648,119.6268005,13772.59762,115.1296997,71.60259247,POINT (146000 455000),4214.669635
150000,456000,0,7.705034256,0.171670347,14.07682991,-1.485482216,7.101703167,7.629510131,974967.25,7.812601566,5.672558784,48.62004852,252.7591858,1113.867188,39.38689423,68.50107574,14.31263301,114.9835968,14904.33467,129.6213989,69.38689423,POINT (150000 456000),8323.694512
143000,457000,0,7.660580158,0,14.6348381,-1.489044785,7.289978504,7.092733045,969342.1875,7.654174805,0,52.63142395,253.5492859,1045.898438,43.93261719,72.91295624,12.29561192,128.9129944,12587.64497,97.64450073,73.93261719,POINT (143000 457000),1994.500688
134000,467000,0,7.6467309,0,14.86834526,-1.495872617,7.377986431,6.849990325,967589.75,7.505180359,0,54.1906395,253.7140503,1011.914063,44.48057556,73.42433929,11.82181319,141.0935974,12283.67929,87.0605011,74.48057556,POINT (134000 467000),6144.34471
138000,463000,0,7.62674427,0,14.86368179,-1.492392421,7.387561798,6.807135799,965060.6875,7.49857378,0,54.29043579,252.9419403,1000.585938,43.79508972,72.74602509,11.85735407,141.4181061,12227.85844,86.46600342,73.79508972,POINT (138000 463000),3227.388105
139000,464000,0,7.584785461,0,14.83263683,-1.483947992,7.399679184,6.738285992,959751.375,7.502189159,0,54.23112488,251.6313324,1011.914063,43.997612,72.94020844,11.78633092,140.5438995,12210.01827,86.87689972,73.997612,POINT (139000 464000),4623.847661
134000,469000,0,7.553653717,0,14.87378216,-1.480422378,7.431723118,6.627933064,955812.0625,7.462578297,0,54.5908432,251.0618286,1011.914063,45.37762451,74.28826904,11.43906773,140.0458984,11889.6865,84.89849854,75.37762451,POINT (134000 469000),8140.143138
145000,455000,0,7.545721531,0,14.39223766,-1.460349679,7.268242359,7.0424237,954808.375,7.758603096,0,51.56450653,249.3569183,1068.554688,43.04135132,72.0383606,12.49315957,121.1186981,12795.12427,105.6411972,73.04135132,POINT (145000 455000),3227.967147
141000,458000,0,7.506866455,0,14.69073296,-1.46574223,7.3948946,6.681334823,949891.875,7.548727989,0,53.67422104,249.1477509,1023.242188,44.82952881,73.75881195,11.62218614,133.7346954,11877.55343,88.81430054,74.82952881,POINT (141000 458000),1467.463454
148000,463000,0,7.468392849,0,14.57816315,-1.454776883,7.37670517,6.693503208,945023.5,7.604021549,0,53.07543564,247.7394409,1045.898438,44.8372879,73.77108002,11.70598877,128.2642975,12169.65259,94.87950134,74.8372879,POINT (148000 463000),9675.763494
135000,466000,0,7.458699703,0,14.88905144,-1.464877963,7.490949154,6.393693162,943796.9375,7.41520071,0,55.09944153,248.1209564,1000.585938,45.16657257,74.05904388,11.20058375,141.6822052,11617.65762,81.9980011,75.16657257,POINT (135000 466000),5155.791003
149000,460000,0,7.401154518,0,14.41871643,-1.437383533,7.358533382,6.679190516,936515.4375,7.674591541,0,52.3624382,245.16008,1057.226563,43.90493011,72.85655212,11.89319755,123.8816986,12375.8556,99.90059662,73.90493011,POINT (149000 460000),8689.148655
149000,458000,0,7.362180233,0,14.30743122,-1.42652297,7.34099102,6.688141803,931583.75,7.729842663,0,51.81249237,243.5990143,1068.554688,43.20511627,72.17157745,12.06923483,120.8602982,12561.65168,103.9353027,73.20511627,POINT (149000 458000),7798.761157
149000,459000,0,7.356462955,0,14.36885929,-1.428069115,7.366510868,6.618808394,930860.3125,7.685194492,0,52.25050735,243.6549988,1057.226563,43.72524261,72.67586517,11.86067773,122.4971008,12345.87076,100.7850037,73.72524261,POINT (149000 459000),8195.204588
147000,454000,0,7.346125603,0,14.17602921,-1.418820739,7.303315639,6.76811434,929552.25,7.808436871,0,51.0438118,242.6803436,1079.882813,42.41584015,71.40576935,12.34950438,115.4592972,12701.33134,110.0070038,72.41584015,POINT (147000 454000),5177.988104
140000,459000,0,7.324808121,0,14.77253628,-1.438166499,7.528958797,6.183800362,926854.8125,7.421700954,0,54.96179199,243.937149,1000.585938,45.87698364,74.74228668,10.87661917,136.6661987,11123.56212,81.39219666,75.87698364,POINT (140000 459000),1292.137902
134000,466000,0,7.303872585,0,14.89695168,-1.438898444,7.584769726,6.026858209,924205.75,7.346392155,0,55.79669952,243.505661,989.2578125,45.80788422,74.65596771,10.70386267,141.5653076,11095.53524,78.37750244,75.80788422,POINT (134000 466000),5147.668669
137000,464000,0,7.289517879,0,14.90430737,-1.436842322,7.596307278,5.986278884,922389.25,7.334505081,0,55.93913651,243.0292206,977.9296875,45.57750702,74.42546844,10.66666228,141.9476013,11019.27927,77.6292038,75.57750702,POINT (137000 464000),3604.531943
148000,461000,0,7.28330946,0,14.5310955,-1.421765089,7.466482639,6.304227571,921603.75,7.554059982,0,53.54463577,242.0383453,1045.898438,45.23035431,74.1241684,11.23199723,126.8542023,11685.3904,92.11669922,75.23035431,POINT (148000 461000),8366.320524
146000,461000,0,7.275073051,0,14.63536453,-1.424512148,7.509263039,6.190767114,920561.5625,7.483561516,0,54.27785873,242.1091614,1023.242188,45.77661133,74.64829254,10.96248254,130.3238983,11401.43803,87.48539734,75.77661133,POINT (146000 461000),6847.515515
138000,462000,0,7.255778313,0.25315997,13.8305912,-1.411911845,7.285919189,6.728000517,918120.0625,7.572363377,5.619572163,49.58428192,238.65065,977.9296875,39.04167175,68.097435,12.86191839,141.2940063,13221.54417,93.5746994,69.04167175,POINT (138000 462000),2417.78279
148000,462000,0,7.251786709,0,14.5663662,-1.417932272,7.498213768,6.198326326,917614.9375,7.516205311,0,53.92418289,241.2312317,1034.570313,45.6554184,74.53173065,11.02184468,127.6933975,11463.17713,89.77110291,75.6554184,POINT (148000 462000),8989.319171
147000,461000,0,7.210236073,0,14.59170723,-1.411710382,7.53183651,6.079986507,912357.25,7.48527956,0,54.23574829,240.0496521,1034.570313,45.89950562,74.75983429,10.86450808,128.6289978,11303.0671,87.87339783,75.89950562,POINT (147000 461000),7579.043074
138000,466000,0,7.185359478,0,14.86659908,-1.417497516,7.645727158,5.779423134,909209.4375,7.316054821,0,56.08717346,239.875824,989.2578125,46.1689682,74.98791504,10.41104022,140.6394043,10811.04904,76.87069702,76.1689682,POINT (138000 466000),5828.84244
133000,468000,0,7.185134888,0,14.90019226,-1.418765545,7.658168316,5.748702351,909181.0625,7.295744419,0,56.27733231,240.1071625,989.2578125,46.96287537,75.76496887,10.26806662,140.3623047,10676.9953,76.06739807,76.96287537,POINT (133000 468000),7274.872024
133000,469000,0,7.154469967,0,14.90762043,-1.413804054,7.679895878,5.671058797,905300.8125,7.278833389,0,56.43812561,239.2732544,989.2578125,47.4114151,76.19816589,10.13233107,139.9376984,10539.14225,75.31310272,77.4114151,POINT (133000 469000),8257.011697
142000,457000,0,7.118002892,0,14.66517448,-1.398932338,7.615201473,5.799480361,900686.4375,7.399674416,0,55.11677551,237.5022125,1011.914063,46.57549286,75.39577484,10.42380405,130.3441925,10647.39974,81.6867981,76.57549286,POINT (142000 457000),1193.569356
146000,454000,0,7.106408119,0,14.26840687,-1.38233459,7.477608681,6.124093642,899219.25,7.636894226,0,52.67399216,235.8787537,1057.226563,44.23246765,73.13369751,11.24227065,116.9483032,11523.4426,98.53450012,74.23246765,POINT (146000 454000),4180.961007
136000,464000,0,7.074172497,0,14.94240761,-1.401187539,7.742798805,5.455381814,895140.3125,7.228456974,0,57.03116989,236.6929321,966.6015625,46.66593933,75.44250488,9.979127622,142.3815002,10297.31466,72.3219986,76.66593933,POINT (136000 464000),3411.09732
136000,462000,0,7.071119785,0,14.9603548,-1.40116775,7.750907898,5.433437218,894754,7.219464779,0,57.14305496,236.5881042,966.6015625,46.48795319,75.26496124,9.984618075,142.6988068,10242.7351,71.77870178,76.48795319,POINT (136000 462000),1417.708311
133000,467000,0,7.068840981,0,14.90403175,-1.398930907,7.73231554,5.476587653,894465.625,7.246993542,0,56.79367065,236.5522766,977.9296875,47.09500885,75.86728668,9.967247687,140.753006,10352.35503,73.54979706,77.09500885,POINT (133000 467000),6298.355641
136000,465000,0,7.041127205,0,14.9372654,-1.395359397,7.762153625,5.383338161,890958.8125,7.217386246,0,57.12970352,235.7458496,966.6015625,47.03892517,75.80181885,9.861923334,142.0050964,10209.03015,71.89199829,77.03892517,POINT (136000 465000),4405.835881
149000,457000,0,7.029632568,0,14.26618385,-1.369210958,7.523497581,5.947720869,889504.3125,7.605724335,0,52.97097778,233.5604553,1057.226563,44.42726135,73.3079834,11.02744519,118.9854965,11472.58136,96.41999817,74.42726135,POINT (149000 457000),7514.790765
146000,453000,0,6.998030186,0,14.17844868,-1.360592484,7.510461807,5.952149358,885505.5,7.648379803,0,52.53344727,232.3370667,1068.554688,44.07317352,72.96318054,11.1218746,114.0725021,11377.87658,99.74250031,74.07317352,POINT (146000 453000),4381.487162
150000,455000,0,6.989948273,0,14.00555706,-1.352911592,7.451477528,6.086136105,884482.875,7.7564044,0,51.49238205,231.4214478,1079.882813,42.37172699,71.30619049,11.59637175,112.7254028,12066.98381,107.0475998,72.37172699,POINT (150000 455000),8190.72302
148000,460000,0,6.986289501,0,14.51932049,-1.371224761,7.644399643,5.62247334,884019.875,7.429533958,0,54.75549316,233.1486053,1023.242188,46.49367523,75.30135345,10.29263469,125.7442017,10710.33759,85.17559814,76.49367523,POINT (148000 460000),7821.942154
145000,454000,0,6.969664097,0,14.35413265,-1.36230588,7.593520641,5.730245374,881916.1875,7.524038792,0,53.7733345,232.1089935,1045.898438,45.54202271,74.38146973,10.59650296,118.3460007,10829.33353,91.50569916,75.54202271,POINT (145000 454000),3185.798028
147000,455000,0,6.931084633,0,14.29401779,-1.353667021,7.595833778,5.693049144,877034.5,7.542768478,0,53.57920837,230.7383423,1045.898438,45.18803406,74.03096771,10.6139794,118.0506973,10944.50346,92.71019745,75.18803406,POINT (147000 455000),5205.244086
139000,461000,0,6.904986382,0,14.94477844,-1.371970654,7.853432178,5.063918213,873732.125,7.161393642,0,57.6938591,231.7275848,966.6015625,47.85662079,76.57169342,9.467572812,139.8825073,9719.302816,69.48190308,77.85662079,POINT (139000 461000),1898.775347
149000,456000,0,6.901164055,0,14.20486641,-1.345269203,7.581308365,5.702720466,873248.4375,7.586893559,0,53.13047791,229.5193024,1057.226563,44.56320953,73.41950989,10.75319048,116.8917007,11175.62942,95.60669708,74.56320953,POINT (149000 456000),7336.958607
147000,462000,0,6.889227867,0,14.65824795,-1.359621525,7.758651257,5.27544633,871738.0625,7.307266712,0,56.01924133,230.7053528,1000.585938,47.8190155,76.56453705,9.728583264,129.4499969,10119.18405,78.17060089,77.8190155,POINT (147000 462000),8261.624172
133000,466000,0,6.877930641,0,14.92107773,-1.366395593,7.862509251,5.022746193,870308.5,7.164488316,0,57.66595078,230.7759247,966.6015625,47.52458954,76.2410202,9.474328658,141.1316986,9811.856383,69.52269745,77.52458954,POINT (133000 466000),5330.553873
147000,453000,0,6.872138023,0,14.11373329,-1.336997867,7.565470695,5.715919411,869575.5625,7.632770538,0,52.66343307,228.3479004,1068.554688,44.09325409,72.96160126,10.8724182,112.6947021,11159.20958,99.02159882,74.09325409,POINT (147000 453000),5341.212935
144000,455000,0,6.789834976,0,14.52227497,-1.337720394,7.773423195,5.165068604,859161.1875,7.344902992,0,55.59187317,227.2748871,1011.914063,47.37680817,76.12213135,9.70691829,122.5450974,9915.13643,80.91010284,77.37680817,POINT (144000 455000),2241.033811
144000,464000,0,6.789580345,0,14.79333687,-1.346927762,7.875069141,4.929092254,859129,7.19479084,0,57.25158691,227.9544373,977.9296875,48.19592285,76.89345551,9.323345867,134.898407,9688.606299,71.82150269,78.19592285,POINT (144000 464000),7276.370123
133000,470000,0,6.786979198,0,14.9485054,-1.351742029,7.93486166,4.78855948,858799.875,7.111079693,0,58.16491699,228.4128571,966.6015625,49.33200836,77.99003601,9.046844645,139.4501038,9406.160158,67.45179749,79.33200836,POINT (133000 470000),9242.982276
147000,451000,0,6.781251907,0,13.8400507,-1.311937809,7.520604134,5.744271797,858075.1875,7.767146111,0,51.36447906,224.5625763,1079.882813,41.713974,70.63211823,11.33629022,106.7874985,11598.41432,108.6120987,71.713974,POINT (147000 451000),6161.375272
134000,470000,0,6.775698185,0,14.71722889,-1.342338085,7.857112408,4.960582086,857372.375,7.224128723,0,56.92375565,227.3472443,966.6015625,47.90026855,76.60657501,9.360464951,139.4324036,9723.137904,69.73370361,77.90026855,POINT (134000 470000),9138.731285
140000,466000,0,6.768073559,0,14.89716434,-1.346580625,7.928254128,4.790499198,856407.625,7.132876396,0,57.95334244,227.5241547,966.6015625,48.39315033,77.06903839,9.160033813,139.1296997,9514.941025,68.38899994,78.39315033,POINT (140000 466000),6829.985539
132000,469000,0,6.749915123,0,14.94063568,-1.345142722,7.95779562,4.70952105,854109.9375,7.09888649,0,58.30459976,227.2252655,955.2734375,49.20090485,77.85240936,8.968421537,139.6145935,9332.384288,66.84390259,79.20090485,POINT (132000 469000),8090.970382
151000,458000,0,6.74952507,3.540903091,11.43825054,-1.699807167,7.963188648,4.696812672,854060.5625,4.282693863,4.104380608,36.32563019,216.5849457,1023.242188,25.39796829,54.79050446,34.42201584,116.9171982,35860.00111,306.7127991,55.39796829,POINT (151000 458000),9701.860605
129000,462000,0,6.746600151,0,14.70236301,-1.33618927,7.869642735,4.91039719,853690.4375,7.230324268,0,56.95287704,225.9516602,966.6015625,45.8775177,74.61613464,9.574068482,133.8347015,9808.49115,73.2881012,75.8775177,POINT (129000 462000),488.304783
146000,452000,0,6.727526665,0,14.08320618,-1.311585426,7.648300171,5.405259137,851276.9375,7.583971024,0,53.11968994,223.9288483,1057.226563,44.48963165,73.32103729,10.4594751,111.0323029,10684.92689,96.23259735,74.48963165,POINT (146000 452000),4786.901353
132000,468000,0,6.726818562,0,14.93135643,-1.340686917,7.97001791,4.665316841,851187.375,7.09659338,0,58.34127808,226.4187622,955.2734375,48.87675476,77.52903748,8.970061541,139.8695984,9325.357709,66.67179871,78.87675476,POINT (132000 468000),7189.091063
148000,459000,0,6.708799839,0,14.50338554,-1.323081732,7.820854664,4.994709509,848907.3125,7.322744846,0,55.80168915,224.7879181,1011.914063,47.5947113,76.31717682,9.524188264,124.365303,9908.643649,79.67369843,77.5947113,POINT (148000 459000),7314.800813
129000,463000,0,6.702953339,0,14.71026039,-1.328818321,7.902402401,4.803608101,848167.5,7.209692478,0,57.1650238,224.6591797,966.6015625,46.08607483,74.8089447,9.451302786,134.1517944,9695.632824,72.27359772,76.08607483,POINT (129000 463000),1420.990138
131000,471000,0,6.702330112,0,14.93206406,-1.336577535,7.987784863,4.607649616,848088.6875,7.084540367,0,58.43818283,225.8143158,955.2734375,49.5579834,78.1914444,8.840026669,138.7646942,9204.526035,66.33190155,79.5579834,POINT (131000 471000),9666.369076
143000,456000,0,6.683599949,0,14.65271378,-1.323925257,7.895141602,4.806318466,845718.625,7.226848602,0,56.83069611,224.4919128,989.2578125,48.5525589,77.23406219,9.185879457,126.5795975,9381.004294,74.1115036,78.5525589,POINT (143000 456000),1487.009109
147000,460000,0,6.670342445,0,14.61357307,-1.320148349,7.889022827,4.810728823,844041.0625,7.245669842,0,56.61789703,223.9740295,1000.585938,48.38264465,77.06778717,9.237862831,127.5322037,9608.761282,75.34380341,78.38264465,POINT (147000 460000),6973.475021
147000,464000,0,6.626935005,0,14.73424053,-1.316696167,7.965453148,4.606378426,838548.4375,7.161838055,0,57.503582,223.1106415,989.2578125,49.55844879,78.19616699,8.900001101,130.2924042,9248.676169,70.98400116,79.55844879,POINT (147000 464000),9695.967849
143000,463000,0,6.598289013,0,14.84487438,-1.315218449,8.027648926,4.446259106,834923.6875,7.094238758,0,58.31142426,222.3205719,966.6015625,49.08802032,77.7124939,8.780433085,136.0572968,9121.580253,67.04219818,79.08802032,POINT (143000 463000),5863.936615
132000,470000,0,6.579916477,0,14.96764755,-1.316124558,8.088086128,4.298014815,832598.875,7.022183895,0,59.09656143,222.2346344,955.2734375,50.24781799,78.83063507,8.51192322,139.2982025,8857.360037,63.58560181,80.24781799,POINT (132000 470000),9013.577156
148000,458000,0,6.558208466,0,14.46850109,-1.295808434,7.911976337,4.678426654,829852,7.281655788,0,56.19163513,220.1598358,1011.914063,48.01309204,76.69290161,9.185310401,122.7245026,9549.132384,77.80950165,78.01309204,POINT (148000 458000),6867.77874
143000,462000,0,6.53615284,0,14.86703873,-1.305251241,8.081666946,4.28376312,827061.25,7.055659294,0,58.71092987,220.5818176,955.2734375,49.74557495,78.33811951,8.546232141,135.6246948,8868.145867,65.38739777,79.74557495,POINT (143000 462000),5246.318552
130000,471000,0,6.534853935,0,14.90203953,-1.306043983,8.095728874,4.251516776,826896.875,7.038999557,0,58.90771866,220.6050415,955.2734375,49.74533844,78.33266449,8.525400897,138.5299988,8883.402105,64.12619781,79.74533844,POINT (130000 471000),9479.031474
141000,469000,0,6.533230782,0,14.89608002,-1.305625081,8.094799995,4.252534154,826691.5,7.040493965,0,58.88120651,220.577301,955.2734375,49.90808868,78.49320984,8.505588589,136.3572998,8814.081679,64.63960266,79.90808868,POINT (141000 469000),9873.455985
151000,454000,0,6.524908543,0,13.83614254,-1.268460155,7.689367294,5.150916987,825638.375,7.651100159,0,52.4403038,216.8890839,1068.554688,42.76911163,71.60905457,10.49702617,108.3666,10937.82046,100.9335022,72.76911163,POINT (151000 454000),9172.571301
146000,462000,0,6.524410248,0,14.74524879,-1.299154878,8.0431633,4.361893721,825575.375,7.115800381,0,58.00025177,219.9729309,977.9296875,49.64120483,78.24762726,8.661679921,131.1240997,9009.444736,68.70929718,79.64120483,POINT (146000 462000),7596.118007
134000,463000,0,6.520806789,0,15.02803135,-1.307366729,8.153676033,4.11328173,825119.375,6.974220276,0,59.72870255,220.2168274,932.6171875,48.96963501,77.55243683,8.463947268,142.7886047,8695.240699,60.89590073,78.96963501,POINT (134000 463000),2176.018188
138000,461000,0,6.519571781,0,15.02283573,-1.307249427,8.15336895,4.113186809,824963.125,6.972196102,0,59.70512009,220.36026,932.6171875,49.80886078,78.37631989,8.367983638,140.8959961,8577.268964,60.87659836,79.80886078,POINT (138000 461000),1592.632596
147000,463000,0,6.50314045,0,14.73461723,-1.295175552,8.054836273,4.321738764,822883.9375,7.11164999,0,58.02261353,219.3698578,977.9296875,49.98149872,78.57711029,8.588038729,130.0010071,8929.131748,68.68509674,79.98149872,POINT (147000 463000),9003.72001
130000,462000,0,6.501629829,0,14.84814739,-1.298198581,8.098623276,4.223471884,822692.75,7.058187485,0,58.77916718,219.0407257,943.9453125,47.79343414,76.41517639,8.695809428,137.066803,8911.467131,65.01550293,77.79343414,POINT (130000 462000),1348.785419
142000,468000,0,6.477460384,0,14.89085865,-1.29560864,8.133827209,4.129864611,819634.4375,7.022539616,0,59.06324387,218.8805389,955.2734375,50.08999634,78.65647125,8.386279633,136.0657959,8696.753951,63.91579819,80.08999634,POINT (142000 468000),9495.058466
132000,471000,0,6.476242542,0,14.98637962,-1.298607707,8.172086716,4.044435472,819480.375,6.971472263,0,59.62940216,219.2086334,943.9453125,50.95175171,79.48951721,8.210344613,138.8791962,8541.765109,61.50500107,80.95175171,POINT (132000 471000),9951.147901
140000,465000,0,6.473823547,0,14.26554394,-1.27582562,7.897418976,4.650426985,819174.3125,7.338569641,0,55.64159393,216.7987366,943.9453125,45.80831909,74.52414703,9.278709269,139.4696045,9634.211519,69.07749939,75.80831909,POINT (140000 465000),6020.265763
143000,464000,0,6.4713974,0,14.86494064,-1.293644428,8.128123283,4.138610372,818867.3125,7.034492493,0,58.94432449,218.543045,955.2734375,49.64045715,78.21671295,8.441482651,136.2380981,8772.194356,64.38870239,79.64045715,POINT (143000 464000),6572.84712
147000,452000,0,6.454924107,0,14.03728104,-1.263492942,7.817398071,4.813321703,816782.8125,7.491306305,0,53.99492264,215.5840912,1045.898438,45.18199158,73.93852997,9.745382846,109.790802,9985.023296,90.94589996,75.18199158,POINT (147000 452000),5678.51657
145000,453000,0,6.451904297,0,14.31283188,-1.272208691,7.927601337,4.568150771,816400.6875,7.326367378,0,55.67983246,216.4843597,1023.242188,47.5636673,76.24295807,9.159103664,115.3496017,9345.070796,81.01519775,77.5636673,POINT (145000 453000),3444.750192
131000,470000,0,6.437440872,0,14.96803379,-1.291059256,8.193837166,3.972367105,814570.5625,6.967824459,0,59.67520142,217.9030304,943.9453125,50.65491486,79.18915558,8.18459166,138.9714966,8522.065582,61.32239914,80.65491486,POINT (131000 470000),8698.15611
141000,468000,0,6.436945438,0,14.92774105,-1.289746523,8.178740501,4.005261551,814507.875,6.986943245,0,59.45788956,217.7642517,943.9453125,50.42147064,78.96530914,8.230186028,137.0991058,8538.422839,62.27920151,80.42147064,POINT (141000 468000),9037.260262
137000,461000,0,6.434818268,0,15.01427746,-1.292055011,8.213737488,3.926999219,814238.75,6.94398737,0,60.01524353,217.7211151,921.2890625,49.8283844,78.37181091,8.194030294,141.7893982,8391.224277,59.18090057,79.8283844,POINT (137000 461000),1021.339317
128000,464000,0,6.428278923,0,14.65782738,-1.279031157,8.078634262,4.219723368,813411.25,7.131947517,0,57.92635727,216.2456207,966.6015625,46.95172119,75.59216309,8.827879212,131.3450012,9065.392462,69.0196991,76.95172119,POINT (128000 464000),2492.655401
140000,463000,0,6.4222188,0,14.95664215,-1.287909389,8.200648308,3.948029185,812644.375,6.969352245,0,59.71044159,217.1863708,932.6171875,49.65370178,78.2040863,8.24791246,139.5982056,8536.444329,61.15010071,79.65370178,POINT (140000 463000),4110.281184
132000,467000,0,6.414755344,0,14.97186661,-1.287104249,8.212330818,3.917837902,811700,6.958459854,0,59.82101822,217.0532227,932.6171875,49.97241211,78.51251221,8.191526575,140.0997925,8503.609117,60.69680023,79.97241211,POINT (132000 467000),6316.823482
140000,469000,0,6.36713171,0,14.9491272,-1.277991652,8.240006447,3.82854823,805673.875,6.951449394,0,59.83594894,215.7211456,943.9453125,50.83114624,79.34384155,8.051628683,137.2689056,8346.251498,60.80220032,80.83114624,POINT (140000 469000),9387.655059
135000,465000,0,6.351871014,0,14.45123863,-1.260484934,8.059041977,4.212084191,803742.875,7.188164711,0,57.23984146,213.6095886,921.2890625,47.05136108,75.68880463,8.695139303,142.1560974,8991.870977,63.25350189,77.05136108,POINT (135000 465000),4162.655604
145000,463000,0,6.345488071,0,14.83019447,-1.270489454,8.21024704,3.880050197,802935.1875,7.001915455,0,59.22932053,214.7904358,955.2734375,50.60842133,79.13415527,8.125548177,133.2140045,8448.272357,63.41880035,80.60842133,POINT (145000 463000),7467.785846
143000,465000,0,6.344604492,0,14.89305019,-1.272237301,8.235391617,3.825005916,802823.375,6.971065044,0,59.61581039,214.8211517,943.9453125,50.36927795,78.89116669,8.091484192,136.1914978,8404.990249,61.71450043,80.36927795,POINT (143000 465000),7345.619886
139000,460000,0,6.331939697,0,14.9904604,-1.273079157,8.283577919,3.713129644,801220.875,6.917415619,0,60.23102951,214.7288208,932.6171875,50.95147705,79.4458313,7.931803809,139.0731964,8120.192066,58.38790131,80.95147705,POINT (139000 460000),959.1924466
139000,470000,0,6.330387592,0,14.95606995,-1.271632195,8.270986557,3.739451456,801024.4375,6.935334682,0,60.01101303,214.6121979,943.9453125,50.93500519,79.43379974,7.973198093,137.2178955,8252.11979,60.13880157,80.93500519,POINT (139000 470000),9928.93982
136000,468000,0,6.32527113,1.376795173,11.6996088,-1.321788549,7.449603558,5.511452364,800377,6.124320984,4.945776939,44.38173294,206.6442719,909.9609375,34.00659943,63.11142731,22.82480244,140.3811951,23721.47451,168.9790039,64.00659943,POINT (136000 468000),7292.107198
142000,467000,0,6.322991371,0,14.92474174,-1.269374371,8.264526367,3.749037738,800088.5,6.947590351,0,59.86888504,214.2900848,943.9453125,50.75978851,79.26364136,7.995242635,136.6690979,8297.263182,60.71060181,80.75978851,POINT (142000 467000),8571.41392
141000,457000,0,6.316304684,0,14.63583469,-1.259548068,8.157114983,3.976862166,799242.4375,7.0853405,0,58.27368927,213.3717651,955.2734375,49.76780701,78.32447815,8.275385192,131.7238007,8437.383176,64.0535965,79.76780701,POINT (141000 457000),733.8898123
145000,462000,0,6.297853947,0,13.84848881,-1.232542872,7.862845421,4.598410266,796907.6875,7.495111942,0,53.90909958,210.5020294,955.2734375,45.09022522,73.82172394,9.340979878,132.7120972,9711.977625,73.18080139,75.09022522,POINT (145000 462000),6936.803257
146000,460000,0,6.2815938,0,14.74008179,-1.256386876,8.224216461,3.811001372,794850.25,7.023276329,0,58.936203,212.6851654,966.6015625,50.79273224,79.30749512,8.065615751,129.2420044,8381.60213,64.85199738,80.79273224,POINT (146000 460000),6170.56956
140000,458000,0,6.278860569,0,14.70141411,-1.255228758,8.212628365,3.834201377,794504.375,7.033296585,0,58.85805893,212.4074402,932.6171875,50.10515594,78.63535309,8.083302316,135.0541992,8246.584755,61.06129837,80.10515594,POINT (140000 458000),534.3399234
142000,463000,0,6.272632122,0,14.94452667,-1.261117101,8.312060356,3.617311836,793716.25,6.918016434,0,60.20394897,212.7850037,932.6171875,50.86785889,79.3516922,7.861828871,137.3365936,8158.809708,59.40739822,80.86785889,POINT (142000 463000),5161.371298
137000,468000,0,6.247684956,0,15.03693962,-1.259429216,8.368243217,3.483002231,790559.5,6.865314007,0,60.79469299,212.342514,932.6171875,51.63510895,80.08404541,7.695829246,140.0014038,7994.836177,57.10540009,81.63510895,POINT (137000 468000),7499.601768
135000,462000,0,6.247274876,0,15.10719681,-1.26134181,8.395914078,3.423713812,790507.625,6.834095478,0,61.24975967,212.2169495,909.9609375,50.60171509,79.06224823,7.717342995,143.0527039,7912.788767,55.31380081,80.60171509,POINT (135000 462000),1250.705441
137000,470000,0,6.240694523,0,15.00307751,-1.257178068,8.360517502,3.495577523,789675,6.87858963,0,60.63853836,212.0261841,932.6171875,51.45837402,79.91317749,7.717889326,138.4799957,7996.98415,57.74829865,81.45837402,POINT (137000 470000),9474.569853
142000,466000,0,6.239941597,0,14.94373703,-1.255270958,8.337711334,3.543775567,789579.75,6.906433105,0,60.32151031,211.8052368,932.6171875,51.04265594,79.51304626,7.788398167,137.1190948,8087.640884,58.98260117,81.04265594,POINT (142000 466000),7666.951019
131000,469000,0,6.221095562,0,15.00035381,-1.253580451,8.375128746,3.453544422,787195,6.873038769,0,60.69664383,211.417923,932.6171875,51.48223877,79.93053436,7.684488772,139.0641937,7997.178377,57.50709915,81.48223877,POINT (131000 469000),7738.032586
128000,463000,0,6.214019775,0,14.68595314,-1.242383838,8.254648209,3.705397539,786299.625,7.031347752,0,58.9777298,209.8770905,943.9453125,48.00772095,76.56310272,8.229916948,130.6175995,8437.47918,64.59680176,78.00772095,POINT (128000 463000),1559.666483
139000,469000,0,6.209125042,0,15.0011158,-1.251504898,8.385209084,3.425515466,785680.3125,6.867707253,0,60.74515152,211.0919952,932.6171875,51.69100189,80.13153076,7.642486258,138.0623932,7922.958788,57.38679886,81.69100189,POINT (139000 469000),8987.268879
143000,466000,0,6.203754425,0,14.92684078,-1.248364925,8.360198021,3.475563615,785000.75,6.90045166,0,60.36507797,210.7035217,932.6171875,51.28274536,79.73937225,7.710547045,135.9411011,8005.136276,58.88679886,81.28274536,POINT (143000 466000),8166.731487
141000,466000,0,6.196066856,0,14.97998142,-1.248464823,8.387158394,3.414184771,784027.9375,6.874186039,0,60.67995453,210.571701,932.6171875,51.34532166,79.7911911,7.666040224,138.1833954,7961.408619,57.6147995,81.34532166,POINT (141000 466000),7271.091574
141000,467000,0,6.192686558,0,14.98063374,-1.247936487,8.390329361,3.405613451,783600.25,6.871758461,0,60.69600677,210.5144196,932.6171875,51.55345917,79.99411011,7.638841689,137.7133942,7929.867924,57.58240128,81.55345917,POINT (141000 467000),8219.231797
143000,468000,0,6.185678005,0,14.929245,-1.245310903,8.376063347,3.431908008,782713.4375,6.891108513,0,60.44532013,210.2450256,932.6171875,51.73122406,80.17311859,7.633174633,134.9152985,7912.485501,58.64780045,81.73122406,POINT (143000 468000),9903.004621
130000,470000,0,6.179955482,0,14.96112347,-1.245046973,8.392808914,3.393376881,781989.3125,6.876919746,0,60.63830566,210.0411072,932.6171875,51.3483429,79.7911911,7.648450444,138.4705048,7967.136058,57.5367012,81.3483429,POINT (130000 470000),8489.479741
140000,464000,0,6.17843008,0,15.00856781,-1.246179104,8.412914276,3.350099702,781796.25,6.854040623,0,60.93774414,210.0204315,921.2890625,51.10858917,79.54983521,7.622658703,139.6354065,7905.68196,56.61660004,81.10858917,POINT (140000 464000),5057.806845
144000,465000,0,6.175838947,0,14.91246986,-1.243029952,8.377290726,3.423859419,781468.4375,6.895919323,0,60.39146423,209.8741608,932.6171875,51.56843567,80.01251221,7.641427955,134.8811035,7937.4965,58.84809875,81.56843567,POINT (144000 465000),7985.11921
144000,454000,0,6.175482273,0,14.52182961,-1.230715036,8.220095634,3.755318366,781423.25,7.098088264,0,58.05292892,208.8255157,989.2578125,50.0279541,78.55448151,8.125923088,119.677803,8284.995219,69.22750092,80.0279541,POINT (144000 454000),2195.036038
148000,457000,0,6.173373222,0,14.47271633,-1.228895664,8.202244759,3.791685816,781156.4375,7.121955395,0,57.78910065,208.6178284,989.2578125,49.73005676,78.26732635,8.184266899,120.8339005,8498.719526,70.33390045,79.73005676,POINT (148000 457000),6543.826909
138000,470000,0,6.169409752,0,15.00425911,-1.244454861,8.418622017,3.333178166,780654.875,6.852532864,0,60.90924072,209.8822021,932.6171875,51.79386902,80.21930695,7.564874218,137.9060974,7834.376668,56.80950165,81.79386902,POINT (138000 470000),9655.401615
138000,469000,0,6.164144039,0,15.03261185,-1.244533181,8.434786797,3.296290671,779988.5625,6.834478855,0,61.11944962,209.8215942,921.2890625,52.01776123,80.43328857,7.496812835,138.7360992,7772.745212,56.02539825,82.01776123,POINT (138000 469000),8684.119777
148000,450000,0,6.154012203,0,13.66291523,-1.199382663,7.887838364,4.440835787,778706.5,7.591602325,0,52.97629166,205.0610504,1057.226563,42.29885101,71.07357788,9.808570007,102.6391983,10054.91556,97.96369934,72.29885101,POINT (148000 450000),7550.54077
132000,466000,0,6.147049427,0,15.01746368,-1.240664124,8.441703796,3.272622551,777825.4375,6.841098785,0,61.10149384,208.993515,921.2890625,50.83252716,79.2681427,7.594413456,140.3330994,7859.270798,56.00439835,80.83252716,POINT (132000 466000),5488.304611
129000,464000,0,6.143722534,0,14.8178072,-1.23389256,8.363803864,3.434362846,777404.5,6.939297199,0,59.99961853,208.1413422,932.6171875,49.02140045,77.51842499,7.898237436,134.5249023,8116.573202,60.33509827,79.02140045,POINT (129000 464000),2408.315673
148000,449000,0,6.136034012,0,13.49683857,-1.190870881,7.833421707,4.541939377,776431.5625,7.69087553,0,52.02208328,203.8804016,1068.554688,40.57276154,69.39452362,10.19837714,99.75990295,10442.73728,104.6787033,70.57276154,POINT (148000 449000),8168.700064
128000,465000,0,6.114980698,0,14.69764996,-1.225324869,8.339406013,3.469267436,773767.625,6.985458851,0,59.45490646,206.9500275,932.6171875,48.55903625,77.07143402,7.959904898,132.1529999,8192.574033,61.99309921,78.55903625,POINT (128000 465000),3463.250259
148000,456000,0,6.106276035,0,14.41230965,-1.215244055,8.231462479,3.689520689,772666.1875,7.127064705,0,57.71085739,206.4001312,989.2578125,49.58955383,78.11694336,8.110829228,118.7109985,8408.489533,70.83159637,79.58955383,POINT (148000 456000),6350.11465
137000,469000,0,6.101870537,0,15.0604105,-1.234138131,8.49741745,3.13242401,772108.6875,6.799921989,0,61.49772263,208.0178986,921.2890625,52.42210388,80.80541992,7.344391829,139.2845001,7617.873461,54.69290161,82.42210388,POINT (137000 469000),8488.631852
143000,467000,0,6.09651041,0,14.94898891,-1.229847789,8.456927299,3.214007771,771430.4375,6.850964069,0,60.88256454,207.5653229,932.6171875,52.00764465,80.4125061,7.449378539,135.5086975,7728.372559,57.03229904,82.00764465,POINT (143000 467000),9021.225075
149000,448000,0,6.084707737,0.296396405,13.32064629,-1.198233485,7.867320538,4.433477834,769937,7.287772179,5.563650131,50.86553192,201.5595398,1079.882813,38.6701889,67.53977966,10.61205782,95.89779663,10888.62881,113.5440979,68.6701889,POINT (149000 448000),9579.967715
140000,468000,0,6.080339909,0,15.02757359,-1.229346156,8.502402306,3.111015813,769384.25,6.806857586,0,61.40174103,207.2874146,921.2890625,52.40544891,80.78638458,7.325839553,138.0133057,7602.573377,55.08580017,82.40544891,POINT (140000 468000),8503.835809
150000,454000,0,6.076501846,0,14.03057194,-1.197939754,8.098856926,3.946822998,768898.625,7.33089304,0,55.54801941,204.1730042,1023.242188,46.57985687,75.20590973,8.714014045,110.3107986,9058.226541,82.1155014,76.57985687,POINT (150000 454000),8173.428804
142000,464000,0,6.045172215,0,14.98644447,-1.221715569,8.515161514,3.066670547,764934.3125,6.81517458,0,61.31163788,206.0095367,921.2890625,51.91056061,80.29527283,7.335218562,137.4763947,7619.422967,55.42350006,81.91056061,POINT (142000 464000),5948.884258
141000,463000,0,6.024087906,0,15.02703857,-1.21918726,8.549850464,2.984580621,762266.375,6.787454128,0,61.64384079,205.449646,909.9609375,52.0304184,80.40029144,7.248378822,138.5182953,7512.830452,54.23709869,82.0304184,POINT (141000 463000),4561.554194
131000,468000,0,6.023144245,0,15.0346117,-1.219249368,8.553771019,2.97604527,762146.9375,6.783423901,0,61.68763733,205.4562378,909.9609375,52.12902069,80.49539185,7.23454495,139.0942993,7519.535112,54.06069946,82.12902069,POINT (131000 468000),6789.431264
133000,463000,0,6.021070957,0,15.12037563,-1.221099257,8.589550018,2.90142042,761884.625,6.747481346,0,62.18796539,205.3753662,898.6328125,51.42089844,79.79009247,7.237567206,142.2404022,7433.056695,52.25699997,81.42089844,POINT (133000 463000),2579.024431
141000,464000,0,6.011719227,0,15.0208292,-1.216605306,8.557386398,2.962974763,760701.3125,6.788711548,0,61.61835861,205.0550995,921.2890625,52.05487823,80.42077637,7.252777321,138.6103973,7529.095192,54.31840134,82.05487823,POINT (141000 464000),5430.909255
132000,465000,0,6.004979134,0,15.05283642,-1.216152549,8.575691223,2.922098756,759848.4375,6.774172783,0,61.85129166,204.7168121,909.9609375,51.24924469,79.62535095,7.281540689,140.585907,7512.9391,53.44020081,81.24924469,POINT (132000 465000),4726.596671
132000,459000,0,5.9946208,0,13.88835526,-1.18156004,8.112947464,3.864781579,758537.75,7.33533144,0,55.58820343,201.0839081,887.3046875,44.39971161,73.05187988,8.597681312,141.2725067,8785.694963,62.18970108,74.39971161,POINT (132000 459000),0
147000,450000,0,5.989912033,0,13.78868008,-1.175230026,8.067817688,3.954100762,757941.8125,7.437836647,0,54.4600563,200.6246338,1034.570313,44.36528778,73.03991699,9.005983411,103.731102,9204.807323,88.73719788,74.36528778,POINT (147000 450000),6758.664073
144000,461000,0,5.984192848,0,14.81180191,-1.205908895,8.496747971,3.073382398,757218.1875,6.871961594,0,60.56161499,203.8691101,932.6171875,52.12646484,80.50901031,7.319105331,133.4665985,7594.79647,56.90409851,82.12646484,POINT (144000 461000),5534.238143
142000,462000,0,5.980169773,0,15.01523876,-1.210894108,8.582761765,2.895580184,756709.125,6.777915478,0,61.7045517,204.1852264,921.2890625,52.60659027,80.95137787,7.152680271,136.9487,7410.567985,54.11199951,82.60659027,POINT (142000 462000),4452.633275
139000,468000,0,5.976165771,0,15.07517052,-1.2120682,8.611254692,2.835466219,756202.5,6.746276855,0,62.0754776,204.2680817,909.9609375,53.04453278,81.37065887,7.05790178,138.8054962,7327.556039,52.7901001,83.04453278,POINT (139000 468000),8059.662392
146000,463000,0,5.972726822,0,14.8843708,-1.205971718,8.536325455,2.986732919,755767.3125,6.833088398,0,60.99412918,203.7866211,932.6171875,52.8493042,81.20446777,7.197417222,131.6526031,7483.278621,56.84109879,82.8493042,POINT (146000 463000),8332.275501
151000,453000,0,5.969974995,0,13.81141853,-1.172495604,8.093360901,3.888841428,755419.125,7.415180683,0,54.66949081,200.1598053,1034.570313,44.90710449,73.56193542,8.880209311,105.8616028,9246.365521,87.34390259,74.90710449,POINT (151000 453000),9265.692585
144000,459000,0,5.956606865,0,14.90328217,-1.203607082,8.557974815,2.934613901,753727.5,6.818581104,0,61.15507507,203.3568268,932.6171875,53.04499054,81.38834381,7.144671168,131.0782013,7380.096151,56.3030014,83.04499054,POINT (144000 459000),4019.519657
149000,455000,0,5.950270653,0,14.26850224,-1.183220387,8.299975395,3.455979498,752925.8125,7.144467831,0,57.46591949,201.2198029,1000.585938,49.18395233,77.68921661,7.975646852,114.6022034,8278.645215,72.23809814,79.18395233,POINT (149000 455000),7194.221134
142000,465000,0,5.948778152,0,15.01183701,-1.205231667,8.609030724,2.826991674,752736.9375,6.766769409,0,61.83948517,203.1751556,909.9609375,52.4765625,80.81358337,7.094041046,137.3955994,7369.666632,53.63830185,82.4765625,POINT (142000 465000),6789.34012
139000,466000,0,5.943882465,0,14.0476284,-1.177354574,8.21974659,3.61519131,752117.5,7.227641106,0,56.64013672,200.2832489,898.6328125,46.90106964,75.46936035,8.130799837,139.9517059,8444.951826,60.34189987,76.90106964,POINT (139000 466000),6271.560395
150000,460000,0,5.936689854,1.399095893,11.27000427,-1.248060584,7.565797806,4.937194319,751207.3125,6.035275936,4.888743877,43.07182693,193.9067078,955.2734375,33.51669312,62.59782791,22.12097574,121.9514008,23018.70464,188.7530975,63.51669312,POINT (150000 460000),9547.584598
145000,452000,0,5.898705482,0,14.27686119,-1.174316883,8.346780777,3.33170382,746400.9375,7.12020731,0,57.71005249,199.6850891,1000.585938,49.46395874,77.94661713,7.845639857,112.1613007,7995.149176,71.2826004,79.46395874,POINT (145000 452000),3947.568707
147000,459000,0,5.892216206,0,14.72546482,-1.186884165,8.540718079,2.937630082,745579.8125,6.880153656,0,60.39877701,200.9117432,943.9453125,52.44651794,80.80419159,7.199138973,126.1580963,7481.957054,59.30619812,82.44651794,POINT (147000 459000),6466.592134
146000,464000,0,5.89140749,0,14.92130947,-1.19238317,8.622594833,2.772426312,745477.5,6.78666544,0,61.49195099,201.4563446,932.6171875,53.50001526,81.80838013,6.993593937,131.922699,7267.58175,55.08969879,83.50001526,POINT (146000 464000),8851.711865
146000,465000,0,5.882969856,0,14.93668365,-1.191331863,8.636556625,2.740393693,744409.8125,6.775975227,0,61.60502243,201.2781067,932.6171875,53.76522827,82.06299591,6.950192984,131.9506989,7217.980171,54.70209885,83.76522827,POINT (146000 465000),9446.598279
138000,468000,0,5.878531456,0,15.11161327,-1.195359826,8.712487221,2.585827927,743848.1875,6.696746826,0,62.62475204,201.3914642,909.9609375,53.5446701,81.82091522,6.848721447,139.4712067,7112.598991,50.99689865,83.5446701,POINT (138000 468000),7720.174368
146000,451000,0,5.870253086,0,14.06807423,-1.162994385,8.283361435,3.442824827,742800.6875,7.2234869,0,56.60942841,198.0877533,1011.914063,47.76025391,76.29575348,8.122114797,107.8664017,8287.87208,76.83460236,77.76025391,POINT (146000 451000),5350.833522
138000,467000,0,5.868688583,0,15.03661251,-1.191646934,8.690914154,2.624752802,742602.6875,6.724102974,0,62.30118179,200.8623352,898.6328125,53.06531525,81.35760498,6.885255806,140.1080933,7153.512703,51.05709839,83.06531525,POINT (138000 467000),6766.701429
143000,461000,0,5.85456419,0,15.02131367,-1.188688278,8.697397232,2.605468246,740815.4375,6.725561142,0,62.2347641,200.5272369,909.9609375,53.6999588,81.97720337,6.833652121,134.9154053,7077.837537,52.4612999,83.6999588,POINT (143000 461000),4751.693394
129000,461000,0,5.851429462,0,14.88189507,-1.183540344,8.640240669,2.718336521,740418.75,6.799010277,0,61.50519943,199.4964294,909.9609375,50.60637665,78.96711731,7.169327742,133.5415955,7339.606432,54.96120071,80.60637665,POINT (129000 461000),44.29461467
130000,469000,0,5.823596478,0,15.0440464,-1.183393121,8.733924866,2.519010601,736896.9375,6.709541321,0,62.4681015,199.4363556,909.9609375,52.98371124,81.26125336,6.841786013,138.2816925,7120.926383,51.49580002,82.98371124,POINT (130000 469000),7502.699172
130000,461000,0,5.817867756,0,15.00706196,-1.181091428,8.722999573,2.538248288,736172,6.727930546,0,62.33036804,198.8591156,898.6328125,51.5,79.81295776,6.957540329,137.0162964,7123.518248,51.99029922,81.5,POINT (130000 461000),971.4404311
151000,452000,0,5.807671547,0,13.71230888,-1.141164303,8.185482979,3.600330005,734881.8125,7.404447079,0,54.74329758,194.9035645,1034.570313,44.57933807,73.20463562,8.652173302,103.2720032,8999.556428,87.14420319,74.57933807,POINT (151000 452000),9464.145703
144000,467000,0,5.800188065,0,15.01082706,-1.178561211,8.742601395,2.491691458,733934.875,6.710757256,0,62.37785721,198.8678131,909.9609375,53.95209503,82.20565033,6.733752972,134.2348938,6984.496369,52.0318985,83.95209503,POINT (144000 467000),9553.874048
139000,467000,0,5.80013895,0,15.12610626,-1.181628466,8.790376663,2.396998623,733928.6875,6.661346436,0,63.0226593,199.0287628,898.6328125,53.81277466,82.05285645,6.680242577,139.4389954,6939.069816,49.7641983,83.81277466,POINT (139000 467000),7151.595195
140000,467000,0,5.788973331,0,15.10961437,-1.179166675,8.793908119,2.38539971,732515.8125,6.664336205,0,62.9764595,198.6576385,898.6328125,53.83639526,82.07421112,6.667771049,138.6383057,6923.957479,49.94260025,83.83639526,POINT (140000 467000),7648.684817
145000,465000,0,5.782081127,0,14.98555088,-1.174445271,8.748265266,2.472724515,731643.75,6.717852116,0,62.27275467,198.2659607,921.2890625,53.99419403,82.24365234,6.734586648,133.466507,6994.792757,52.40859985,83.99419403,POINT (145000 465000),8689.3827
144000,466000,0,5.781823635,0,15.01446915,-1.175271869,8.760845184,2.447764512,731611.125,6.703589916,0,62.46411514,198.282959,909.9609375,53.87760925,82.12540436,6.71133087,134.6526947,6966.297308,51.73529816,83.87760925,POINT (144000 466000),8747.973427
134000,462000,0,5.779788017,0,15.22925663,-1.180593014,8.851837158,2.267224865,731353.5,6.611963272,0,63.70793152,198.3942566,875.9765625,53.06265259,81.29759216,6.63122175,143.0381012,6797.070235,47.51929855,83.06265259,POINT (134000 462000),1216.789202
133000,464000,0,5.774261951,0,14.6107893,-1.162646532,8.598381996,2.765065009,730654.25,6.888321877,0,60.41248703,196.4892426,887.3046875,49.66500092,78.05010223,7.217488693,141.8865051,7429.986129,52.36569977,79.66500092,POINT (133000 464000),3450.484923
144000,453000,0,5.769891262,0,14.48910046,-1.157924771,8.549429893,2.85947023,730101.25,6.954777718,0,59.49378967,196.4664612,966.6015625,51.42341614,79.79333496,7.247633345,116.5604019,7379.730446,63.3125,81.42341614,POINT (144000 453000),2556.399425
145000,466000,0,5.757423401,0,15.00083637,-1.170442581,8.777672768,2.404334313,728523.5625,6.701466084,0,62.44367981,197.60495,921.2890625,54.36985016,82.60003662,6.659430817,133.2565002,6911.708,51.86769867,84.36985016,POINT (145000 466000),9397.975226
129000,465000,0,5.744161606,0,14.92601871,-1.165319681,8.756402016,2.440539717,726845.5,6.741231918,0,62.13344955,196.3764191,909.9609375,51.29447174,79.59632874,6.917451493,134.9676971,7124.782675,52.78879929,81.29447174,POINT (129000 465000),3403.050953
148000,448000,0,5.741901398,0,13.40293407,-1.120283365,8.108415604,3.710741256,726559.5,7.566201687,0,53.16901016,191.6669312,1045.898438,41.08120728,69.79610443,9.217924207,96.959198,9431.066258,97.2684021,71.08120728,POINT (148000 448000),8856.898754
147000,457000,0,5.734575748,0,14.6543541,-1.156552076,8.652283669,2.640456509,725632.5625,6.855788231,0,60.60177231,195.9373779,943.9453125,52.71263123,81.01898193,6.952999675,122.5992966,7202.941578,58.75189972,82.71263123,POINT (147000 457000),5582.952896
145000,464000,0,5.723953724,0,14.99478054,-1.164264917,8.806653023,2.333684027,724288.4375,6.691242695,0,62.57104874,196.5068054,909.9609375,54.16751099,82.39031219,6.607814991,133.459198,6866.689154,51.45159912,84.16751099,POINT (145000 464000),8041.631848
131000,467000,0,5.722548008,0,15.09237862,-1.166318297,8.847958565,2.252354698,724110.625,6.653327942,0,63.1267395,196.3967743,898.6328125,53.16094208,81.39102173,6.633490134,139.1065063,6880.500064,49.46210098,83.16094208,POINT (131000 467000),5857.952328
141000,462000,0,5.708671093,0,15.11210918,-1.164460301,8.869895935,2.204107115,722354.6875,6.637691021,0,63.28051758,196.1343536,898.6328125,53.78100586,81.98982239,6.552717755,138.1826019,6776.336818,49.03900146,83.78100586,POINT (141000 462000),3751.112647
141000,465000,0,5.684723854,0,14.82093716,-1.152325988,8.769788742,2.389286757,719324.4375,6.756847858,0,61.83049011,194.615799,898.6328125,52.37450409,80.64286041,6.754458586,138.4898987,7016.161338,50.66189957,82.37450409,POINT (141000 465000),6338.909528
129000,471000,0,5.675217628,0,14.63836002,-1.145897627,8.702052116,2.516627997,718121.625,6.833141804,0,60.92792892,193.8438568,887.3046875,51.48674774,79.79473877,6.874009956,138.184494,7167.146177,51.86650085,81.48674774,POINT (129000 471000),9394.965899
150000,453000,0,5.672406673,0,13.99705029,-1.126093984,8.425920486,3.05051551,717765.875,7.179746628,0,57.02138901,191.8408966,1000.585938,47.78504181,76.26390839,7.768044556,107.7707977,8063.993189,74.82540131,77.78504181,POINT (150000 453000),8277.797607
130000,464000,0,5.661162853,0,15.03635025,-1.153470993,8.8823452,2.161685697,716343.125,6.658810139,0,63.09100342,194.1602478,887.3046875,52.16493225,80.40213776,6.625934469,137.1889954,6812.599818,49.65850067,82.16493225,POINT (130000 464000),2717.836973
128000,462000,0,5.64553833,0,14.80942822,-1.14424324,8.799811363,2.314909883,714366.0625,6.75920105,0,61.8757782,193.0312958,909.9609375,50.97748566,79.26683044,6.838903929,129.9606018,7003.486028,53.8893013,80.97748566,POINT (128000 462000),704.0948406
132000,460000,0,5.640267849,0,14.89400005,-1.146144867,8.842855453,2.229803431,713699.1875,6.709453583,0,62.45299149,193.2085724,875.9765625,51.73155212,79.98725891,6.669446111,141.5648956,6820.171713,48.17699814,81.73155212,POINT (132000 460000),0
131000,460000,0,5.639630795,0,14.93922329,-1.147228718,8.862701416,2.191312928,713618.5625,6.689337254,0,62.69391251,193.3152466,875.9765625,52.00845337,80.25258636,6.625235219,139.6773987,6777.73409,48.52420044,82.00845337,POINT (131000 460000),375.4608983
135000,469000,0,5.632317066,0,13.13817024,-1.097750068,8.101536751,3.653158285,712693.0625,7.590688229,0,52.76108932,188.4794312,875.9765625,43.28238678,71.93941498,8.488673898,139.9582062,8816.653167,62.99489975,73.28238678,POINT (135000 469000),8145.281974
147000,456000,0,5.630431175,0,14.61190796,-1.136595964,8.731222153,2.4406553,712454.4375,6.837613106,0,60.76004028,192.6539307,943.9453125,52.88497162,81.15537262,6.791547737,120.4392014,7020.413103,58.2901001,82.88497162,POINT (147000 456000),5363.380747
151000,451000,0,5.630354404,0,13.61149025,-1.10711813,8.295326233,3.279111865,712444.75,7.388348103,0,54.86654663,189.1807098,1034.570313,44.25691223,72.84638214,8.394624707,100.6332016,8721.688224,86.66809845,74.25691223,POINT (151000 451000),9761.508526
132000,464000,0,5.627489567,0,15.17563534,-1.151209235,8.974914551,1.970851913,712082.25,6.584161282,0,63.97625351,193.5697479,875.9765625,53.19612122,81.37801361,6.417325192,140.8618011,6603.544967,46.87960052,83.19612122,POINT (132000 464000),3758.13131
147000,449000,0,5.608736992,0,13.6814146,-1.105356455,8.345049858,3.171240524,709709.3125,7.33822155,0,55.39800644,188.6683044,1023.242188,44.49155426,73.0604248,8.251156625,100.6764984,8427.287017,83.70659637,74.49155426,POINT (147000 449000),7442.884848
143000,455000,0,5.590589046,0,14.76086998,-1.133680582,8.834209442,2.226677569,707413,6.749434471,0,61.78142548,191.8628387,921.2890625,53.80586243,82.01979828,6.548961633,123.9256973,6675.121273,53.86389923,83.80586243,POINT (143000 455000),1254.298123
145000,460000,0,5.584760189,0,14.97310257,-1.138402939,8.931517601,2.03868954,706675.375,6.650565147,0,62.96297455,192.2860565,909.9609375,54.92507935,83.08092499,6.349441692,130.8728027,6588.608192,50.34360123,84.92507935,POINT (145000 460000),5433.461466
131000,461000,0,5.575507164,0,15.14096832,-1.140760541,9.011471748,1.883010218,705504.5625,6.581162453,0,63.9825058,191.8932343,875.9765625,53.22506714,81.39089203,6.352260782,139.7015076,6503.133315,46.55020142,83.22506714,POINT (131000 461000),1045.603432
139000,459000,0,5.564294815,0,14.98664379,-1.135276079,8.958398819,1.980116682,704085.75,6.633307934,0,63.21649551,191.5568542,875.9765625,54.32292175,82.47997284,6.304584095,137.8932037,6437.847394,46.68719864,84.32292175,POINT (139000 459000),298.3971597
147000,458000,0,5.55275631,0,14.76216412,-1.126703262,8.871164322,2.14150234,702625.75,6.73758316,0,61.88895416,190.7384338,932.6171875,54.05381012,82.24702454,6.492479229,124.5106964,6738.431837,54.11930084,84.05381012,POINT (147000 458000),5959.137313
130000,463000,0,5.519012928,0,15.08684063,-1.128898144,9.044593811,1.80147684,698356,6.586128712,0,63.90361023,189.9696045,875.9765625,52.93753052,81.09561157,6.312599168,137.1100006,6478.447529,47.25,82.93753052,POINT (130000 463000),1898.9119
127000,464000,0,5.509633064,0,14.68662643,-1.116325736,8.879076004,2.109978724,697169.125,6.765634537,0,61.72138214,188.5844269,909.9609375,50.93037415,79.18624878,6.68225446,127.7014999,6857.110782,53.69639969,80.93037415,POINT (127000 464000),2925.344696
142000,461000,0,5.502508163,0,15.16557598,-1.128473759,9.097436905,1.696748597,696267.5625,6.53800869,0,64.3372879,190.18927,887.3046875,55.62848663,83.70726776,6.072100705,136.2832031,6276.073266,46.05170059,85.62848663,POINT (142000 461000),3865.084844
130000,468000,0,5.500591278,0,15.1225214,-1.126633167,9.079440117,1.72997827,696025,6.561527252,0,64.12043762,189.7501526,887.3046875,54.25995636,82.37483215,6.190126078,138.0265961,6430.631752,46.58980179,84.25995636,POINT (130000 468000),6519.948117
149000,454000,0,5.494758129,0,14.28325844,-1.10268712,8.716960907,2.408616652,695286.875,6.95519352,0,59.36487961,187.4871674,977.9296875,51.10782623,79.41262817,6.941325712,112.1445999,7193.828989,64.14779663,81.10782623,POINT (149000 454000),7174.525248
129000,466000,0,5.466636658,0,15.01951408,-1.117442012,9.068376541,1.739962344,691728.5,6.59842968,0,63.70571136,188.2266693,887.3046875,52.96258545,81.10845184,6.279790393,135.4812012,6485.37694,47.86920166,82.96258545,POINT (129000 466000),4400.173542
144000,463000,0,5.458518505,0,13.43878078,-1.07545197,8.387075424,3.007932356,690701.25,7.344388008,0,55.17758942,184.1042175,875.9765625,46.07061768,74.57570648,7.621698579,134.6826935,7922.763493,58.82540131,76.07061768,POINT (144000 463000),6640.592332
136000,461000,0,5.455312729,0,15.24005699,-1.121612191,9.178362846,1.531365699,690295.5625,6.492337227,0,64.99401093,188.6034698,853.3203125,54.57223511,82.64400482,6.004210233,142.5191956,6144.929017,43.11650085,84.57223511,POINT (136000 461000),443.9063158
144000,452000,0,5.454967976,0,14.42726707,-1.099645734,8.820161819,2.198841292,690252,6.86504364,0,60.37760544,186.6920624,955.2734375,52.08110046,80.32928467,6.683949871,113.2238007,6799.542222,60.05400085,82.08110046,POINT (144000 452000),3201.90144
129000,470000,0,5.403699398,0,14.7037859,-1.098347425,8.996476173,1.852670051,683764.625,6.704681873,0,62.31037521,185.7272186,875.9765625,52.66778564,80.83608246,6.311146845,137.8009949,6576.166429,47.72219849,82.66778564,POINT (129000 470000),8395.51147
133000,465000,0,5.398361206,0,14.10582161,-1.082117915,8.73841095,2.326799953,683089.125,6.978125572,0,59.19325638,183.8013,853.3203125,48.67098999,77.00695038,6.859392501,141.5101013,7081.759939,50.0442009,78.67098999,POINT (133000 465000),4377.250895
145000,451000,0,5.393113613,0,14.24679184,-1.083494067,8.801350594,2.208568872,682425.125,6.932750702,0,59.58997345,184.2337341,966.6015625,50.9974823,79.27182007,6.779170863,108.8182983,6903.432697,63.43999863,80.9974823,POINT (145000 451000),4615.224102
127000,465000,0,5.38305378,0,14.43776512,-1.087073565,8.897687912,2.027274183,681152.1875,6.830115318,0,60.89591599,184.0851135,898.6328125,50.10478973,78.36273193,6.641091441,128.9178009,6829.588004,52.97629929,80.10478973,POINT (127000 465000),3795.714547
131000,462000,0,5.378216743,0,15.23044872,-1.10678184,9.254580498,1.369677405,680540.1875,6.475717068,0,65.18495178,186.0979462,864.6484375,54.31310272,82.3609314,5.940104392,139.5968933,6088.043728,43.61159897,84.31310272,POINT (131000 462000),1900.786793
148000,447000,0,5.357573986,0,13.33130836,-1.051076889,8.421281815,2.88969514,677928.125,7.439718723,0,54.33899307,179.7726288,1034.570313,41.67884827,70.27067566,8.328041967,94.30239868,8513.639144,90.28019714,71.67884827,POINT (148000 447000),9600.085956
142000,456000,0,5.353384972,0,14.85961056,-1.093226194,9.118268967,1.612663813,677398.0625,6.616540909,0,63.24196243,184.9203644,898.6328125,55.1725769,83.24398804,6.021541955,127.9804001,6136.916102,47.95199966,85.1725769,POINT (142000 456000),710.1035127
146000,450000,0,5.347210407,0,14.02178192,-1.068974972,8.745845795,2.291170493,676616.6875,7.033382416,0,58.49009323,182.025238,977.9296875,49.02737427,77.36009216,7.008279086,104.6210022,7146.200644,68.30560303,79.02737427,POINT (146000 450000),6028.964603
150000,452000,0,5.343545437,0,13.94258118,-1.066015244,8.713265419,2.349079507,676153,7.076597214,0,58.02410889,181.6341858,989.2578125,48.29057312,76.64881134,7.134041835,105.1399002,7395.088583,70.33570099,78.29057312,POINT (150000 452000),8499.348683
134000,465000,0,5.339719772,0,13.79101849,-1.063532472,8.656855583,2.450306368,675668.875,7.110354424,0,57.6876564,181.2213898,853.3203125,47.32125092,75.7070694,7.041744107,142.013504,7275.280779,51.22949982,77.32125092,POINT (134000 465000),4152.591183
148000,455000,0,5.334111691,0,14.53567219,-1.080830812,8.992121696,1.836747316,674959.25,6.764419079,0,61.447155,183.4412537,943.9453125,53.66374207,81.81121826,6.304045976,116.3777008,6523.226198,56.05220032,83.66374207,POINT (148000 455000),6198.84601
128000,466000,0,5.327811718,0,14.72604942,-1.084665656,9.084162712,1.667041438,674162.0625,6.674181938,0,62.70435715,183.2192841,875.9765625,51.9852066,80.13722229,6.243420701,133.043396,6443.158738,48.42900085,81.9852066,POINT (128000 466000),4446.894846
127000,466000,0,5.302618504,0,14.01884747,-1.062013984,8.793604851,2.185542217,670974.25,6.995618343,0,58.96652222,180.5396729,887.3046875,48.15476227,76.48139191,6.853170524,130.2310028,7065.852602,54.25630188,78.15476227,POINT (127000 466000),4710.437383
147000,448000,0,5.300199509,0,13.56975555,-1.047730684,8.585962296,2.560545043,670668.125,7.271523476,0,56.01828003,178.8700256,1011.914063,44.22878265,72.71335602,7.718152202,97.68779755,7876.469214,80.6289978,74.22878265,POINT (147000 448000),8192.284765
131000,466000,0,5.289747238,0,15.2317152,-1.090584517,9.352115631,1.170878024,669345.5625,6.442708015,0,65.50527954,183.5216827,864.6484375,55.17552185,83.16407013,5.757628925,139.1340027,5954.114663,42.79410172,85.17552185,POINT (131000 466000),4953.26499
143000,454000,0,5.282443047,0,14.70032406,-1.075996637,9.122012138,1.584537657,668421.3125,6.66422987,0,62.62481689,182.2975006,909.9609375,54.55521393,82.63546753,6.040640459,120.9713974,6147.609018,50.81869888,84.55521393,POINT (143000 454000),1219.449606
135000,463000,0,5.265909195,0,13.82961369,-1.051341534,8.748486519,2.251583895,666329.1875,7.060499668,0,58.21855927,179.0268402,841.9921875,47.50550842,75.85374451,6.855721244,142.8840027,7047.410699,49.32260132,77.50550842,POINT (135000 463000),2195.163614
132000,463000,0,5.242053509,0,15.32760334,-1.084068656,9.448512077,0.987680963,663310.5625,6.388448238,0,66.19752502,182.2200623,853.3203125,55.38378143,83.33205414,5.632541878,141.1475067,5783.490874,40.97480011,85.38378143,POINT (132000 463000),2761.308111
131000,463000,0,5.212375641,0,15.27965164,-1.077330828,9.460484505,0.960768749,659555.25,6.398256302,0,66.05731964,181.1640167,853.3203125,55.1737442,83.12097931,5.6219811,139.4461975,5770.869473,41.38420105,85.1737442,POINT (131000 463000),2681.887365
136000,463000,0,5.207593918,0,12.8438158,-1.016099095,8.359513283,2.918697381,658950.1875,7.564765453,0,52.91820908,174.7087097,830.6640625,42.2349472,70.81121063,7.8273434,142.6302948,8051.993873,56.45360184,72.2349472,POINT (136000 463000),2413.035618
149000,453000,0,5.2046175,0,14.25812244,-1.049848914,9.002429962,1.773827785,658573.5625,6.852421761,0,60.39701843,178.5661621,955.2734375,51.88360596,80.0594635,6.380462907,109.5501022,6600.251156,60.24869919,81.88360596,POINT (149000 453000),7293.202819
150000,451000,0,5.20159483,0,13.83673477,-1.03766191,8.809700012,2.115300997,658191.0625,7.077294827,0,57.98041153,176.9153595,989.2578125,47.6486969,75.98210144,7.000969183,102.4554977,7245.129986,70.71489716,77.6486969,POINT (150000 451000),8829.265136
144000,460000,0,5.197771072,0,15.17129707,-1.072613478,9.430384636,1.011528321,657707.1875,6.426251411,0,65.48704529,181.0623169,875.9765625,57.4956131,85.39657593,5.511514359,132.4266052,5707.86483,43.10210037,87.4956131,POINT (144000 460000),4792.606631
143000,460000,0,5.186248779,0,15.23512363,-1.072028875,9.472578049,0.934524702,656249.25,6.396642685,0,65.85501862,180.8767548,875.9765625,57.83045197,85.70812988,5.456520088,133.9057007,5637.483429,42.10039902,87.83045197,POINT (143000 460000),4139.60677
128000,467000,0,5.173792362,0,14.48476505,-1.050612807,9.142021179,1.516578035,654673,6.722905636,0,62.02626801,177.9113159,864.6484375,51.3653183,79.49983978,6.137408473,134.008194,6351.452349,47.39599991,81.3653183,POINT (128000 467000),5436.510386
146000,459000,0,5.168845177,0,15.02080059,-1.063455105,9.394489288,1.069287654,654047,6.479777813,0,64.77996063,179.8045959,887.3046875,57.03380585,84.9557724,5.566835195,127.8732986,5776.523,45.17380142,87.03380585,POINT (146000 459000),5591.367332
130000,467000,0,5.157880783,0,15.23368359,-1.066264033,9.50308609,0.875652244,652659.625,6.395006657,0,66.0145874,179.5200348,853.3203125,55.77492523,83.68907166,5.52288522,137.7586975,5724.383519,41.55369949,85.77492523,POINT (130000 467000),5543.370098
148000,454000,0,5.147343159,0,14.51364422,-1.046341419,9.184011459,1.434981842,651326.25,6.702854633,0,62.05479431,177.7176819,932.6171875,54.35565186,82.41049957,5.965090462,113.8609009,6159.73818,54.09880066,84.35565186,POINT (148000 454000),6175.976577
150000,450000,0,5.106251717,0,13.72210407,-1.017512798,8.857213974,1.993638091,646126.625,7.100446701,0,57.70981216,173.6063843,989.2578125,46.84701538,75.17791748,6.966957793,99.7582016,7196.52692,72.13970184,76.84701538,POINT (150000 450000),9255.966597
130000,460000,0,5.097716331,0,15.12024403,-1.052147269,9.520810127,0.834569568,645046.6875,6.423197269,0,65.64653778,177.2696228,853.3203125,54.94354248,82.86660767,5.534710105,136.8869019,5663.845953,41.37609863,84.94354248,POINT (130000 460000),353.1570879
143000,453000,0,5.069822788,0,14.57011986,-1.033643723,9.298395157,1.215247109,641517.125,6.646822453,0,62.7118721,175.4033203,909.9609375,54.41588593,82.42456818,5.79534585,117.7426987,5891.974105,50.04109955,84.41588593,POINT (143000 453000),1789.986635
127000,463000,0,5.059397221,0,14.89779472,-1.039346337,9.461763382,0.930360436,640197.875,6.507397175,0,64.56899261,175.4637604,875.9765625,53.86480713,81.8323288,5.66000542,126.5764008,5798.591599,45.81100082,83.86480713,POINT (127000 463000),2087.039031
150000,449000,0,5.057250977,0,13.59441471,-1.005251288,8.849407196,1.987995448,639926.3125,7.152693272,0,57.14326096,171.6785736,1000.585938,45.84660339,74.19978333,7.062222555,97.09179688,7282.89441,75.01039886,75.84660339,POINT (150000 449000),9766.77595
148000,451000,0,5.025491714,0,14.12724304,-1.013749957,9.138504028,1.479145869,635907.5625,6.851771355,0,60.35770798,172.557724,955.2734375,50.93125153,79.07279205,6.233371202,105.5378036,6398.451176,60.6271019,80.93125153,POINT (148000 451000),7020.945172
148000,453000,0,5.010474682,0,14.44811726,-1.019549012,9.309294701,1.182363085,634007.375,6.683666706,0,62.20817184,173.3107452,932.6171875,54.28259277,82.28733063,5.797530879,111.1912994,5973.141176,53.7195015,84.28259277,POINT (148000 453000),6313.452422
129000,467000,0,5.009985447,0,15.12985992,-1.036061168,9.630672455,0.632160545,633945.5,6.388707161,0,66.00551605,174.6493378,853.3203125,55.49229431,83.35845947,5.380929252,136.055603,5573.204835,40.96269989,85.49229431,POINT (129000 467000),5398.360734
133000,462000,0,4.999041557,0,15.50189686,-1.043053389,9.819414139,0.308425095,632560.6875,6.235060692,0,67.99117279,175.3041229,830.6640625,57.38408661,85.14032745,5.112924171,142.5274048,5240.26244,36.76670074,87.38408661,POINT (133000 462000),1843.064791
129000,469000,0,4.994081974,0,14.91543293,-1.028366923,9.550787926,0.766454373,631933.125,6.464608192,0,64.99438477,173.7531433,841.9921875,55.07819366,82.9773407,5.433351683,137.2693939,5653.851759,41.18799973,85.07819366,POINT (129000 469000),7396.204529
139000,458000,0,4.992409229,0,14.84436417,-1.026710749,9.520709038,0.817501614,631721.4375,6.487564564,0,64.63336182,173.7519226,841.9921875,55.77825165,83.66947174,5.405602067,136.3153076,5508.051759,40.40670013,85.77825165,POINT (139000 458000),30.76401105
131000,465000,0,4.986383915,0,15.35641956,-1.037100911,9.766451836,0.397870193,630959.0625,6.289315701,0,67.27139282,174.5160065,841.9921875,56.66565704,84.45633698,5.196296563,139.1972961,5358.664202,38.49689865,86.66565704,POINT (131000 465000),4093.172688
140000,457000,0,4.98378849,0,14.75091267,-1.022812843,9.486836433,0.873764984,630630.625,6.525170803,0,64.14614105,173.2785187,853.3203125,55.53438568,83.44246674,5.456102198,133.0511932,5554.980707,41.7507019,85.53438568,POINT (140000 457000),661.9115456
133000,459000,0,4.965946674,0,14.61028194,-1.015823603,9.440631866,0.949027947,628373,6.585155487,0,63.57787323,171.8461761,819.3359375,52.40872955,80.40389252,5.640975384,142.1983032,5760.211638,40.50830078,82.40872955,POINT (133000 459000),0
129000,468000,0,4.950379372,0,15.0421114,-1.023087859,9.663594246,0.568959219,626403.1875,6.399837017,0,65.79992676,172.6682739,841.9921875,55.55513763,83.40271759,5.307928608,136.6665039,5511.295316,40.32659912,85.55513763,POINT (129000 468000),6397.114195
138000,460000,0,4.933220387,0,15.36250401,-1.027827382,9.83862114,0.271992165,624231.9375,6.259658813,0,67.51873779,173.2117615,830.6640625,58.18773651,85.91025543,5.020057073,140.1656036,5132.457892,36.61709976,88.18773651,POINT (138000 460000),672.5965406
149000,452000,0,4.930546284,0,14.21094894,-0.998688221,9.289151192,1.197433788,623893.5625,6.771573067,0,61.19977188,169.976181,943.9453125,52.12921143,80.18611908,5.944472225,106.8537979,6137.179824,57.43529892,82.12921143,POINT (149000 452000),7543.726013
144000,451000,0,4.92098093,0,14.16306305,-0.996228516,9.279312134,1.211652588,622683.1875,6.78172636,0,61.05641556,169.6598511,921.2890625,52.30187988,80.35595703,5.899013308,109.703598,5996.760642,54.66329956,82.30187988,POINT (144000 451000),3996.144097
130000,466000,0,4.891592503,0,15.33329105,-1.018751025,9.876046181,0.207152116,618964.4375,6.266396046,0,67.48469543,171.5678558,841.9921875,56.99068451,84.72843933,5.065518172,137.5166931,5235.136663,38.06909943,86.99068451,POINT (130000 466000),4576.918246
132000,461000,0,4.876841068,0,15.44833565,-1.018859744,9.951128006,0.08142877,617097.875,6.213486671,0,68.1762085,171.4151154,819.3359375,57.554039,85.25072479,4.952348132,141.5753021,5068.933615,35.80379868,87.554039,POINT (132000 461000),792.0641212
137000,460000,0,4.860406399,0,15.28983307,-1.012386084,9.897760391,0.169773925,615018.3125,6.264208794,0,67.43687439,170.6816711,819.3359375,57.60358429,85.313591,4.969376623,141.1593933,5077.009225,35.96649933,87.60358429,POINT (137000 460000),211.6484234
148000,452000,0,4.849897861,0,14.36516094,-0.987849772,9.46187973,0.891643288,613688.5625,6.665001392,0,62.35565186,168.0636139,932.6171875,53.88684082,81.83811188,5.626824439,108.4037018,5785.342932,53.36849976,83.88684082,POINT (148000 452000),6601.263235
135000,461000,0,4.843024731,0,15.46437168,-1.012869954,10.00359249,-0.005944175,612818.875,6.195683956,0,68.37317657,170.4436646,819.3359375,57.84760284,85.51547241,4.891997817,143.0016022,5005.113354,35.00040054,87.84760284,POINT (135000 461000),411.5407021
149000,449000,0,4.834537506,0,13.76328468,-0.969629347,9.184551239,1.346885959,611744.9375,6.966988087,0,59.05482101,165.3954163,966.6015625,47.80444336,75.99269104,6.359271623,98.56580353,6532.379595,66.27429962,77.80444336,POINT (149000 449000),8947.557577
149000,451000,0,4.808033466,0,14.09731293,-0.97332567,9.38157177,1.015865075,608391.25,6.782468319,0,61.04384995,165.7724457,943.9453125,51.19698334,79.23745728,5.874453513,104.0945969,6053.017578,58.14920044,81.19698334,POINT (149000 451000),7913.583068
130000,465000,0,4.802567005,0,15.37739182,-1.003026009,10.01485348,-0.024371417,607699.5,6.218794346,0,68.04665375,168.9164581,830.6640625,57.37685394,85.05077362,4.907266557,137.3235016,5057.473423,36.82889938,87.37685394,POINT (130000 465000),3628.692495
132000,462000,0,4.791711807,0,15.55545139,-1.005130768,10.11637306,-0.190512016,606325.9375,6.146140099,0,69.003685,169.0483704,819.3359375,58.27279663,85.8885498,4.785683275,141.406601,4904.871552,34.68629837,88.27279663,POINT (132000 462000),1768.076364
149000,450000,0,4.768257141,0,13.94654274,-0.962158203,9.355665207,1.049664399,603358.0625,6.845663548,0,60.34038544,163.9944458,955.2734375,49.74301147,77.8246994,6.001517511,101.3159027,6173.765447,60.93579865,79.74301147,POINT (149000 450000),8387.001358
146000,458000,0,4.677647114,0,15.19022655,-0.975883305,10.09699535,-0.155009253,591892.625,6.236982346,0,67.44319153,165.2923431,864.6484375,60.05625153,87.62098694,4.698258137,126.2182007,4865.635947,38.54940033,90.05625153,POINT (146000 458000),5084.904151
145000,459000,0,4.674391747,0,15.30875492,-0.978009284,10.16074085,-0.256702797,591480.6875,6.188725471,0,68.08289337,165.4794006,853.3203125,60.51924133,88.04963684,4.627805088,129.5121002,4792.672973,37.00559998,90.51924133,POINT (145000 459000),4765.497189
131000,464000,0,4.65950346,0,15.523386,-0.979242861,10.28565407,-0.454735966,589596.8125,6.115142345,0,69.29737854,164.8853149,819.3359375,58.54138184,86.08069611,4.626044037,139.3038025,4758.325601,34.15790176,88.54138184,POINT (131000 464000),3312.595847
134000,461000,0,4.648949623,0,15.56223392,-0.978399515,10.32145119,-0.510562757,588261.375,6.09219265,0,69.58509064,164.7206268,796.6796875,58.96253204,86.47640228,4.552452384,143.1060944,4657.71676,32.54729843,88.96253204,POINT (134000 461000),439.997666
128000,471000,0,4.611838341,0,14.029809,-0.937440693,9.606266022,0.620377695,583565.375,6.703753471,0,61.80834961,159.8314056,819.3359375,52.04236603,79.95998383,5.366272939,137.7404022,5598.03153,40.64189911,82.04236603,POINT (128000 471000),9416.938506
146000,449000,0,4.603400707,0,13.56443596,-0.923707902,9.375718117,0.981835539,582497.75,6.957423687,0,58.96253967,158.0671844,932.6171875,48.55234528,76.6424408,5.95281464,101.3522034,6065.63538,59.8470993,78.55234528,POINT (146000 449000),6787.150286
142000,455000,0,4.566177845,0,14.97416019,-0.95005697,10.14706039,-0.22941815,577787.6875,6.28294754,0,66.80422974,161.1649323,841.9921875,58.7157135,86.28643799,4.661616796,125.2750015,4743.1998,37.86230087,88.7157135,POINT (142000 455000),267.4393071
136000,470000,0,4.522181511,0,13.56394672,-0.91102612,9.491057396,0.786314043,572220.5625,6.877722263,0,59.71053696,156.0579071,796.6796875,50.5021286,78.48558807,5.468221841,138.9333038,5670.076606,40.81150055,80.5021286,POINT (136000 470000),9256.553666
136000,460000,0,4.496914387,0,15.36610317,-0.945205152,10.44850254,-0.689062684,569023.3125,6.112855911,0,69.13317108,159.5957184,796.6796875,58.77814484,86.2366333,4.434477651,142.0158997,4528.674047,31.88850021,88.77814484,POINT (136000 460000),0
135000,464000,0,4.492784977,0,13.20024109,-0.897420466,9.342391968,1.009396892,568500.8125,7.050489426,0,57.86923981,154.0019073,785.3515625,47.33700562,75.44337463,5.780082503,142.5673981,5958.233778,41.79240036,77.33700562,POINT (135000 464000),3173.834035
145000,450000,0,4.483383656,0,13.80562496,-0.907866001,9.662257195,0.517334235,567311.1875,6.776880741,0,60.83492279,155.3034973,898.6328125,51.61940002,79.5291214,5.401588685,105.3654022,5496.681325,52.1678009,81.61940002,POINT (145000 450000),5386.769748
141000,456000,0,4.461659908,0,14.98297787,-0.930713236,10.30681896,-0.467689793,564562.375,6.238968849,0,67.27687836,157.9767151,819.3359375,59.06948853,86.5642395,4.489958734,129.3408051,4569.002522,35.32529831,89.06948853,POINT (141000 456000),0
133000,460000,0,4.457565308,0,15.34645367,-0.937251866,10.49874687,-0.759551324,564044.25,6.10731554,0,69.19953918,158.2539673,785.3515625,58.45553589,85.90184021,4.395942636,142.6006927,4492.991283,31.50749969,88.45553589,POINT (133000 460000),209.4141299
134000,459000,0,4.445985317,0,14.78560638,-0.922896445,10.22573853,-0.342888497,562578.9375,6.323022366,0,66.4236145,156.3634491,785.3515625,55.13578796,82.75806427,4.690052262,142.3426056,4786.255995,33.62490082,85.13578796,POINT (134000 459000),0
138000,459000,0,4.440187931,0,15.28672218,-0.933099389,10.49667072,-0.753440801,561845.375,6.116056442,0,68.93325806,157.9203796,796.6796875,59.79560089,87.20329285,4.335529724,139.0523071,4422.656007,31.8057003,89.79560089,POINT (138000 459000),0
133000,461000,0,4.370450974,0,15.72035599,-0.92847985,10.83262634,-1.243241883,553021.125,5.942198753,0,71.33227539,156.5433807,785.3515625,60.73890686,88.00306702,4.116972745,142.6777039,4213.029947,29.52829933,90.73890686,POINT (133000 461000),1106.256911
128000,468000,0,4.361377716,0,14.51969242,-0.901301801,10.21504784,-0.320433592,551873.0625,6.400971413,0,65.30132294,153.2455902,808.0078125,54.8360672,82.46157837,4.701277654,135.0222931,4877.855976,36.12630081,84.8360672,POINT (128000 468000),6429.340292
127000,467000,0,4.355020523,0,13.86379337,-0.886151254,9.878452301,0.180849013,551068.5625,6.684173107,0,61.90123367,151.368515,808.0078125,51.24058533,79.06970978,5.096824806,131.6367035,5270.75984,40.04019928,81.24058533,POINT (127000 467000),5654.112817
137000,459000,0,4.348699093,0,15.14072704,-0.912438035,10.56423187,-0.838293656,550268.6875,6.141880512,0,68.54988098,154.589447,785.3515625,58.74060059,86.14336395,4.302943411,140.137207,4387.177334,31.30629921,88.74060059,POINT (137000 459000),0
126000,466000,0,4.314984322,0,13.42560863,-0.869439006,9.704319,0.435894976,546002.5625,6.87419939,0,59.70134354,149.0469055,808.0078125,48.99511719,76.93579865,5.334774617,127.0826035,5495.801459,43.2458992,78.99511719,POINT (126000 466000),5151.370725
127000,462000,0,4.27705574,0,15.26084232,-0.900571942,10.74223137,-1.084584679,541203.25,6.084253788,0,69.30404663,152.4438019,819.3359375,58.75019836,86.09315491,4.238255633,125.5332031,4337.586296,34.55329895,88.75019836,POINT (127000 462000),1256.007107
144000,462000,0,4.259773254,0,12.86245346,-0.848149002,9.484909058,0.749634622,539016.375,7.117444992,0,56.88910294,146.3724823,785.3515625,47.97537231,76.00206757,5.499465615,134.2124023,5713.730651,42.57229996,77.97537231,POINT (144000 462000),6097.774015
146000,448000,0,4.251390457,0,13.14739895,-0.850397944,9.640834808,0.521680325,537955.625,7.021494389,0,58.08623123,146.1090546,909.9609375,46.58454895,74.61345673,5.674959465,98.12729645,5778.392636,58.88669968,76.58454895,POINT (146000 448000),7601.473792
135000,460000,0,4.242874622,0,15.4554987,-0.898482144,10.90659904,-1.314179474,536878.0625,5.992813587,0,70.49628448,151.9281921,774.0234375,59.82554626,87.07331085,4.060161054,142.6475067,4146.406282,29.06749916,89.82554626,POINT (135000 460000),0
134000,460000,0,4.195074558,0,15.47493458,-0.889699101,11.00021648,-1.433550261,530829.625,5.969022751,0,70.78070068,150.4644012,762.6953125,59.91777802,87.12617493,3.98762338,142.9044037,4073.575766,28.50559998,89.91777802,POINT (134000 460000),0
145000,461000,0,4.176182747,0,13.03333473,-0.83659178,9.700300217,0.427607346,528439.125,6.99118948,0,58.15289307,144.3174438,785.3515625,49.64702606,77.55441284,5.188870505,131.9364014,5391.594349,40.86510086,79.64702606,POINT (145000 461000),6191.529984
126000,465000,0,4.162572384,0,14.21785736,-0.857572913,10.36728859,-0.522334227,526716.9375,6.455667496,0,64.45205688,146.3408966,808.0078125,53.85965729,81.44390106,4.582987356,125.3133011,4708.710006,37.57550049,83.85965729,POINT (126000 465000),4309.278379
127000,468000,0,4.156500816,0,13.4609251,-0.841223061,9.962550163,0.053181063,525948.625,6.787267208,0,60.54893494,144.3255615,785.3515625,49.86465454,77.68260956,5.001843881,133.1096039,5186.482699,38.9640007,79.86465454,POINT (127000 468000),6614.360374
128000,470000,0,4.14986372,0,14.24177551,-0.856125593,10.40340996,-0.571952135,525108.8125,6.431262016,0,64.68399048,146.1855774,785.3515625,54.69319153,82.23529053,4.487201948,136.9723053,4676.604355,34.1427002,84.69319153,POINT (128000 470000),8420.092601
126000,464000,0,4.115300655,0,14.84074974,-0.861208558,10.79040623,-1.111299504,520735.2813,6.185308456,0,67.79483032,146.4229279,808.0078125,57.25280762,84.60121918,4.202558692,123.6606979,4308.549126,34.84170151,87.25280762,POINT (126000 464000),3472.631175
139000,457000,0,4.095713139,0,14.85124207,-0.858596206,10.83485508,-1.168207127,518256.7813,6.156511784,0,68.00436401,146.2607574,774.0234375,59.08049011,86.35248566,4.050264487,134.3300934,4119.890651,30.66990089,89.08049011,POINT (139000 457000),0
138000,458000,0,4.083404064,0,15.02184296,-0.859548926,10.95123577,-1.327057586,516699.25,6.08894062,0,68.89837646,146.236618,774.0234375,59.64253998,86.85788727,3.979135585,137.5238953,4051.660263,29.46150017,89.64253998,POINT (138000 458000),0
126000,467000,0,4.034310818,0,12.80799389,-0.805453718,9.789932251,0.289539597,510487.1563,7.060462475,0,57.45013046,138.9914551,785.3515625,46.65307617,74.60142517,5.264097312,128.9698944,5439.240749,42.17449951,76.65307617,POINT (126000 467000),6031.718149
136000,459000,0,4.016822815,0,15.18141365,-0.849699259,11.16197872,-1.594630529,508274.2813,6.009880066,0,69.97127533,144.3254242,751.3671875,59.50727081,86.64905548,3.857893938,141.1186981,3933.415624,27.87310028,89.50727081,POINT (136000 459000),0
128000,469000,0,4.00552845,0,14.464468,-0.833307862,10.77650261,-1.062629652,506845.0938,6.284962177,0,66.3659668,142.2436829,774.0234375,56.12281036,83.48692322,4.173182353,136.0354004,4341.637908,31.91550064,86.12281036,POINT (128000 469000),7424.095096
135000,452000,0,4.004426479,0,12.06446266,-0.784820676,9.413362503,0.802581902,506705.6875,7.462499142,0,53.36727524,136.1495056,785.3515625,41.65183258,69.84909058,5.920301565,124.1477966,5969.249348,48.08179855,71.65183258,POINT (135000 452000),298.6770186
128000,461000,0,3.991186619,0,14.02226734,-0.821591973,10.54955101,-0.749357826,505030.3438,6.470320225,0,64.11427307,140.5831604,785.3515625,53.30429077,80.82371521,4.418686702,129.3522034,4522.709018,34.96429825,83.30429077,POINT (128000 461000),0
147000,447000,0,3.870479584,0,12.57174492,-0.769195855,9.911911011,0.116483826,489756.5313,7.15698719,0,56.42710876,132.9345398,887.3046875,43.82074738,71.80931854,5.456852436,94.83719635,5564.809748,58.67750168,73.82074738,POINT (147000 447000),8990.579764
134000,464000,0,3.86951375,0,13.01295376,-0.779828608,10.18265247,-0.241468879,489634.3125,6.870417118,0,59.36103058,134.53862,728.7109375,48.6762619,76.42334747,4.726363087,142.4302979,4868.524075,34.18180084,78.6762619,POINT (134000 464000),3160.622462
145000,449000,0,3.819818974,0,13.43903732,-0.777577996,10.51581001,-0.673149882,483346.125,6.676177502,0,61.46909332,133.9402771,853.3203125,51.33679199,78.91386414,4.544460214,101.8585968,4621.171724,45.36849976,81.33679199,POINT (145000 449000),6223.687262
135000,459000,0,3.783601999,0,15.2410326,-0.805702448,11.66080189,-2.146854016,478763.375,5.905569077,0,71.10527802,137.1556396,728.7109375,60.13877869,87.06517792,3.556041031,141.9098969,3626.762971,25.55680084,90.13877869,POINT (135000 459000),0
137000,458000,0,3.757190228,0,14.95001698,-0.795373499,11.54390812,-1.981818426,475421.3125,5.997972965,0,69.74094391,135.8269806,740.0390625,59.69158936,86.66444397,3.607267343,138.6838989,3672.266521,26.47940063,89.69158936,POINT (137000 458000),0
134000,458000,0,3.722423553,0,13.48786926,-0.76122272,10.73306561,-0.932283136,471022.0313,6.590702534,0,62.47135162,130.9312744,717.3828125,50.67339325,78.17433929,4.261867166,141.3457031,4344.853921,30.73920059,80.67339325,POINT (134000 458000),0
135000,470000,0,3.658384085,0,12.72094917,-0.735767186,10.39180756,-0.48971264,462918.7188,6.911305428,0,58.59572601,127.6979065,717.3828125,49.49533844,77.12843323,4.453107477,139.2554016,4621.803187,33.18939972,79.49533844,POINT (135000 470000),9143.308899
126000,463000,0,3.654367685,0,15.29401684,-0.781244874,11.97459221,-2.465295027,462410.5313,5.845304489,0,71.6894455,133.3136749,774.0234375,61.27163696,88.04896545,3.42242122,122.112999,3503.348638,28.68939972,91.27163696,POINT (126000 463000),2646.675328
131000,459000,0,3.510842323,0,13.42107773,-0.720567584,11.12556744,-1.350088006,444249.3438,6.524045944,0,62.91640091,124.4841919,706.0546875,52.15048981,79.45388794,3.921310892,139.4221039,4009.110402,28.75519943,82.15048981,POINT (131000 459000),0
127000,469000,0,3.474779129,0,13.46838093,-0.714549899,11.23424816,-1.465240524,439686.0313,6.488917828,0,63.26551819,123.5100327,717.3828125,52.72827148,79.97602081,3.853460332,134.5928955,4007.759101,29.77689934,82.72827148,POINT (127000 469000),7584.888566
134000,452000,0,3.423160076,0,11.61946583,-0.672063291,10.1442728,-0.168729458,433154.3438,7.423255444,0,53.29494858,117.5273972,728.7109375,41.79131317,69.71334076,4.984648378,125.4608994,5024.847237,40.05110168,71.79131317,POINT (134000 452000),593.657307
136000,458000,0,3.397748947,0,14.98881054,-0.726189256,12.40310574,-2.789609157,429938.875,5.849383831,0,71.2249527,124.6374741,706.0546875,60.44442749,87.05632782,3.177778501,139.7787933,3235.697453,23.14870071,90.44442749,POINT (136000 458000),0
135000,458000,0,3.375808239,0,14.8617363,-0.719596565,12.37544727,-2.73969599,427162.5938,5.889853477,0,70.70397186,123.5336533,694.7265625,59.30726624,85.96269226,3.202128997,140.7270966,3262.15265,23.1807003,89.30726624,POINT (135000 458000),0
138000,457000,0,3.350652933,0,14.73258972,-0.713024735,12.35821724,-2.699556767,423979.5313,5.916060925,0,70.13062286,122.8393478,706.0546875,60.60121918,87.21243286,3.161385775,135.5702057,3214.423754,23.71039963,90.60121918,POINT (138000 457000),0
125000,464000,0,3.341715336,0,14.70053768,-0.710042238,12.35624123,-2.69009988,422848.5938,5.939733028,0,69.89712524,122.2252808,751.3671875,59.49998474,86.15779877,3.241258209,119.3011017,3320.280946,27.83110046,89.49998474,POINT (125000 464000),4050.981199
127000,471000,0,3.319214821,0,13.35550976,-0.683379412,11.51925087,-1.722836511,420001.4688,6.467329025,0,63.26528168,118.5639648,706.0546875,53.18411255,80.30173492,3.657384621,137.2124023,3817.729233,27.82349968,83.18411255,POINT (127000 471000),9544.21696
127000,470000,0,3.221210957,0,13.42939568,-0.666009665,11.81165791,-1.993767898,407600.4375,6.392254353,0,64.03013611,115.6621094,694.7265625,53.67663574,80.6713562,3.492352879,135.9976959,3640.5222,26.7689991,83.67663574,POINT (127000 470000),8562.202169
126000,468000,0,3.194414616,0,12.60473442,-0.647096574,11.309021,-1.428621323,404209.7188,6.769660473,0,59.7342453,112.8745956,706.0546875,48.95291138,76.26171112,3.868732703,130.9505005,4009.049542,30.61499977,78.95291138,POINT (126000 468000),6939.964677
125000,465000,0,3.125788927,0,13.98526764,-0.6564821,12.45244694,-2.619018038,395526.0625,6.12599802,0,67.12831879,113.894577,728.7109375,56.66287994,83.34563446,3.208625326,121.4014969,3293.93835,27.13260078,86.66287994,POINT (125000 465000),4861.007985
134000,453000,0,3.112091064,0,15.49215794,-0.678309441,13.5587616,-3.783819493,393792.7813,5.562461853,0,74.58672333,116.9610214,706.0546875,64.16902161,90.23336792,2.736022597,128.9261017,2762.821971,21.42950058,94.16902161,POINT (134000 453000),0
125000,466000,0,3.035987616,0,13.05153275,-0.624496758,12.03831005,-2.114216577,384162.9375,6.483735561,0,62.69653702,109.0214767,706.0546875,52.14174652,79.09473419,3.424674167,123.6462021,3525.14075,28.50989914,82.14174652,POINT (125000 466000),5690.193794
125000,467000,0,2.902431965,0,12.15344524,-0.585465014,11.75135231,-1.736659969,367263.2813,6.852378845,0,58.43638992,102.9221115,683.3984375,47.6897049,74.86599731,3.620329003,126.0444031,3738.464475,29.65990067,77.6897049,POINT (125000 467000),6530.370314
126000,469000,0,2.819945574,0,12.35179901,-0.573137343,12.14626598,-2.067776017,356825.75,6.706021786,0,59.88014221,100.8258896,660.7421875,49.04328918,76.03329468,3.380322405,132.9602966,3514.579411,26.43330002,79.04328918,POINT (126000 469000),7870.443516
140000,456000,0,2.80650115,0,14.21437073,-0.598945141,13.63780308,-3.488057404,355124.5313,5.871789932,0,69.50275421,104.931076,672.0703125,60.8491745,86.93143463,2.66687257,130.6605072,2710.787341,20.74679947,90.8491745,POINT (140000 456000),0
134000,451000,0,2.670407772,0,13.0304718,-0.554737449,13.17913246,-2.900450376,337903.7813,6.310107231,0,63.98666763,97.78577423,672.0703125,53.90228271,80.37010956,2.906023585,122.2918015,2933.303286,23.98609924,83.90228271,POINT (134000 451000),1172.664723
133000,452000,0,2.556330681,0,12.51186371,-0.525727928,13.16823196,-2.767025959,323468.875,6.487312794,0,61.76112366,93.11141968,638.0859375,51.35269165,77.89852142,2.913246443,126.5842972,2945.350827,23.26790047,81.35269165,POINT (133000 452000),7.932286652
126000,470000,0,2.514617443,0,12.32608414,-0.515245557,13.16784859,-2.721545249,318190.625,6.554375172,0,60.95326996,91.40054321,626.7578125,50.25209808,76.82881927,2.924782323,134.8943024,3049.825181,22.60899925,80.25209808,POINT (126000 470000),8816.158605
125000,468000,0,2.459475756,0,11.64387321,-0.49553296,12.7853899,-2.340495422,311213.2188,6.875566483,0,57.46062851,88.24060059,626.7578125,46.62863159,73.45946503,3.122418811,128.5733032,3233.991528,25.1529007,76.62863159,POINT (125000 468000),7383.078324
126000,471000,0,2.407243729,0,12.44273949,-0.496534437,13.70073318,-3.043596329,304603.9375,6.434305191,0,62.01623154,88.38513947,604.1015625,51.55641937,77.89562225,2.711927374,136.6181946,2832.300186,20.73150063,81.55641937,POINT (126000 471000),9772.687652
133000,451000,0,2.399732351,0,13.98512745,-0.515734017,15.11471176,-4.193369914,303653.4688,5.766009808,0,69.82826233,91.62356567,638.0859375,60.5946579,86.13399506,2.292266136,123.5026016,2318.23034,18.77070045,90.5946579,POINT (133000 451000),173.2135962
124000,465000,0,2.395388365,0,13.70100975,-0.510616124,14.87666035,-3.990962727,303103.8125,5.889595985,0,68.38742828,90.63123322,660.7421875,58.06243134,83.78633881,2.400489067,117.2537003,2462.292593,20.99970055,88.06243134,POINT (124000 465000),5459.779956
136000,451000,0,2.254269123,0,11.21233273,-0.451396763,13.21684456,-2.477508016,285247.0938,6.999719143,0,55.87739563,80.92186737,615.4296875,44.38056183,71.14788055,3.011724475,119.3290024,3040.610354,25.48089981,74.38056183,POINT (136000 451000),391.5542261
124000,464000,0,2.227965593,0,14.07938385,-0.482561767,16.07975578,-4.627791794,281918.7188,5.651956558,0,70.84797668,86.21825409,649.4140625,60.59178925,85.80276489,2.138596805,114.7115021,2188.718424,19.0802002,90.59178925,POINT (124000 464000),4627.619306
125000,463000,0,2.204839945,0,15.45755959,-0.495506048,17.54582977,-5.684120765,278992.5,5.157466888,0,77.46524048,88.46389771,649.4140625,67.31523132,91.79312134,1.885405681,117.3240967,1928.409216,16.43659973,97.31523132,POINT (125000 463000),3239.883635
125000,469000,0,2.131111622,0,11.28616714,-0.429516524,13.85296249,-2.805305798,269663.1875,6.869007111,0,56.84338379,77.40233612,581.4453125,45.89080811,72.37500763,2.738928945,131.1604004,2846.823472,21.70490074,75.89080811,POINT (125000 469000),8267.699136
135000,451000,0,2.104685307,0,11.39042187,-0.425700784,14.08678722,-2.938653637,266319.2813,6.799182415,0,57.49409485,76.75952148,592.7734375,46.49476624,72.88591766,2.676166744,120.8375015,2700.198475,22.34569931,76.49476624,POINT (135000 451000),685.2340697
124000,466000,0,1.979961157,0,12.95211792,-0.420214087,16.4195118,-4.342480549,250537.1406,5.95778656,0,66.20339203,76.12921143,592.7734375,55.77320099,81.02539825,2.074736888,119.9775009,2134.063916,17.78720093,85.77320099,POINT (124000 466000),6249.395516
125000,470000,0,1.866673231,0,11.20328426,-0.378801286,15.21915531,-3.328493613,236202.0938,6.73571825,0,57.4690361,69.08096313,547.4609375,46.46064758,72.46595764,2.363869673,133.6826935,2465.189003,18.44059944,76.46064758,POINT (125000 470000),9172.676769
124000,467000,0,1.841770172,0,11.84722805,-0.381037533,16.11165047,-3.845680367,233050.9688,6.381289005,0,61.00057602,69.59103394,570.1171875,50.35404205,75.91513824,2.162206652,122.9030991,2231.379455,18.15559959,80.35404205,POINT (124000 467000),7076.80706
132000,452000,0,1.81839776,0,13.33232975,-0.393036425,17.99373245,-4.966125533,230093.4844,5.681973457,0,68.71702576,72.01662445,570.1171875,59.04832458,83.63021088,1.808157041,126.9561996,1833.272895,14.44019985,89.04832458,POINT (132000 452000),0
137000,457000,0,1.806692004,0,13.87796211,-0.396662503,18.72154427,-5.383401121,228612.2969,5.461673737,0,71.47514343,72.66780853,547.4609375,61.16062164,85.42484283,1.705992846,136.7841034,1734.61397,12.6814003,91.16062164,POINT (137000 457000),0
133000,453000,0,1.799540162,0,10.31920528,-0.356589705,14.62155628,-2.841378028,227707.3281,7.219202995,0,52.7740097,65.19799805,536.1328125,40.94523621,67.3801651,2.591822296,129.8903046,2622.77097,20.19219971,70.94523621,POINT (133000 453000),0
135000,453000,0,1.70809257,0,17.28533363,-0.414259434,23.78389549,-8.043824646,216135.875,4.329752922,0,87.223526,76.54465485,581.4453125,76.89704895,99.01602173,1.304265903,127.6278992,1316.775304,10.31729984,106.897049,POINT (135000 453000),0
128000,459000,0,1.690279841,0,14.44292164,-0.379319668,20.45219231,-6.035944441,213881.9219,5.175443172,0,74.56415558,70.12728119,547.4609375,64.2806015,87.87388611,1.531493137,128.0899048,1566.103991,12.22659969,94.2806015,POINT (128000 459000),0
129000,459000,0,1.652082086,0,13.4400816,-0.361013204,19.56374741,-5.398075437,209048.5156,5.526548862,0,69.87757111,66.87075043,536.1328125,59.34602356,83.41441345,1.626152538,132.7736969,1663.242862,12.52690029,89.34602356,POINT (129000 459000),0
134000,454000,0,1.644288063,0,15.29724503,-0.378813952,22.00494576,-6.74399628,208062.2813,4.862478733,0,78.68165588,70.26285553,547.4609375,67.64624786,90.63855743,1.41489753,132.3000031,1432.372471,10.82670021,97.64624786,POINT (134000 454000),0
134000,450000,0,1.625193477,0,14.36835194,-0.365705907,21.02630615,-6.12229626,205646.125,5.141589642,0,74.40496063,68.1714325,558.7890625,65.53622437,88.88047028,1.475117698,119.3113022,1490.770812,12.49479961,95.53622437,POINT (134000 450000),1205.763615
129000,460000,0,1.611673713,0,12.24480057,-0.340832174,18.41017914,-4.630859553,203935.3906,6.014247417,0,64.0313797,63.21397018,513.4765625,53.23206329,77.92463684,1.76796561,133.2156982,1809.215781,13.58110046,83.23206329,POINT (129000 460000),0
130000,459000,0,1.5827986,0,12.73834133,-0.340171129,19.3302002,-5.045403067,200281.6406,5.765707493,0,66.65733337,63.31189346,513.4765625,56.047966,80.32437897,1.651086771,136.5827942,1688.573073,12.36299992,86.047966,POINT (130000 459000),0
141000,455000,0,1.531939745,0,13.05980873,-0.333821267,20.29225922,-5.38680933,193846.125,5.565804005,0,68.42617798,62.70589447,524.8046875,59.94398499,83.72748566,1.529689144,126.5987015,1554.404195,12.27820015,89.94398499,POINT (141000 455000),0
130000,458000,0,1.531820297,0,13.50130081,-0.337672859,20.88844109,-5.698397504,193831.0156,5.407093525,0,70.62218475,63.22210312,513.4765625,60.1138382,83.73313904,1.494012447,135.9971008,1526.839483,11.22700024,90.1138382,POINT (130000 458000),0
124000,468000,0,1.517658472,0,11.19559669,-0.312392712,17.88493347,-4.088380461,192039.0313,6.471450329,0,58.8138237,58.25972748,513.4765625,47.97255707,73.07228851,1.87929813,126.0108032,1945.644603,15.44029999,77.97255707,POINT (124000 468000),7914.795772
128000,460000,0,1.512617469,0,12.90729523,-0.327923179,20.28656006,-5.31592062,191401.1563,5.638751984,0,67.75083923,61.41124344,513.4765625,57.10877991,81.05084991,1.557936013,128.7507019,1593.959489,12.38020039,87.10877991,POINT (128000 460000),0
129000,457000,0,1.508033991,0,14.45304585,-0.34239614,22.47521019,-6.427442941,190821.1875,5.032430172,0,75.24092865,64.38057709,524.8046875,64.92992401,87.8693161,1.371379825,131.1470032,1401.082781,10.68330002,94.92992401,POINT (129000 457000),0
135000,454000,0,1.503560066,0,15.24585056,-0.349157691,23.62796211,-7.000529715,190255.0625,4.773554802,0,78.92503357,65.62766266,524.8046875,67.64656067,90.15570831,1.304901266,131.0588074,1320.482953,10.07549953,97.64656067,POINT (135000 454000),0
126000,462000,0,1.503114939,0,14.35249901,-0.340293825,22.395401,-6.365491873,190198.7344,5.067259789,0,74.74701691,64.00133514,547.4609375,64.50732422,87.49676514,1.390744591,120.6583023,1422.32008,11.78800011,94.50732422,POINT (126000 462000),1891.42794
136000,457000,0,1.50178194,0,13.59792614,-0.33245337,21.36291695,-5.830099187,190030.0781,5.350816727,0,71.21205902,62.35495377,502.1484375,60.08950806,83.57472992,1.456418457,137.9703064,1481.304349,10.73639965,90.08950806,POINT (136000 457000),0
128000,458000,0,1.499962926,0,14.90055847,-0.345275551,23.19878197,-6.763844466,189799.9063,4.871972084,0,77.33413696,65.04458618,536.1328125,67.21286774,89.84477997,1.326824439,127.2835007,1356.116568,10.65429974,97.21286774,POINT (128000 458000),0
129000,458000,0,1.498273849,0,14.23322201,-0.338215977,22.29047966,-6.291282952,189586.1563,5.10256052,0,74.23551178,63.63957596,524.8046875,63.94998932,86.98335266,1.386275052,132.1161041,1417.024518,10.72560024,93.94998932,POINT (129000 458000),0
135000,450000,0,1.483242869,0,12.73982811,-0.320577085,20.38062286,-5.260353111,187684.2031,5.682767391,0,66.97158813,60.2622261,536.1328125,57.0788269,80.99170685,1.558989562,117.6084976,1574.577842,13.38829994,87.0788269,POINT (135000 450000),1458.89663
127000,461000,0,1.482740402,0,13.95154285,-0.332186043,22.08667374,-6.122815058,187620.625,5.196574211,0,72.94482422,62.53742981,524.8046875,62.50036621,85.66545105,1.404967024,124.5575027,1437.306387,11.53929996,92.50036621,POINT (127000 461000),568.8336035
142000,450000,0,1.4707371,0,13.59409714,-0.326241732,21.72932434,-5.893689517,186101.7656,5.324149132,0,71.20262146,61.4916954,558.7890625,61.25448608,84.5873642,1.450323115,107.5297012,1469.425666,13.66530037,91.25448608,POINT (142000 450000),3543.40146
127000,445000,0,1.47022593,0,13.3028698,-0.324178249,21.33433914,-5.693240287,186037.0938,5.403648853,0,69.71678162,61.52169037,592.7734375,63.21224976,86.52391052,1.460064168,103.1668015,1543.571342,14.96189976,93.21224976,POINT (127000 445000),6433.883843
142000,454000,0,1.459085107,0,12.46013069,-0.313561082,20.26349068,-5.11628719,184627.3594,5.766744614,0,65.65814209,59.23656464,524.8046875,57.23466492,81.14748383,1.546189428,122.2482986,1571.330676,12.85359955,87.23466492,POINT (142000 454000),394.881596
132000,453000,0,1.44397819,0,11.54550457,-0.301537991,19.11596298,-4.49720219,182715.7969,6.221017361,0,60.98994827,56.63466263,502.1484375,50.17544556,74.79277039,1.70894348,130.0549011,1733.735883,13.33080006,80.17544556,POINT (132000 453000),0
143000,448000,0,1.434633017,0,14.26298523,-0.324913651,23.14395905,-6.442378793,181533.2969,5.062654495,0,74.46941376,61.38784027,592.7734375,63.29714966,86.15681458,1.382395213,98.74919891,1400.461155,14.18200016,93.29714966,POINT (143000 448000),5659.861819
139000,456000,0,1.428450704,0,13.64357662,-0.318723023,22.33915901,-6.021851392,180751,5.2482934,0,71.67876434,60.49551773,502.1484375,62.57653809,85.62918091,1.362165045,131.9425049,1383.892127,10.48859978,92.57653809,POINT (139000 456000),0
142000,452000,0,1.409493208,0,12.79602051,-0.306766868,21.33807373,-5.45985968,178352.1875,5.582908154,0,67.53022003,58.2111702,524.8046875,58.54432678,82.08856201,1.459827608,115.344101,1481.306586,12.84249973,88.54432678,POINT (142000 452000),2364.301398
141000,454000,0,1.40650034,0,12.97580242,-0.30796352,21.64220428,-5.594409888,177973.4844,5.498871803,0,68.45818329,58.51496887,513.4765625,59.60971832,83.00426483,1.425089728,123.5190964,1446.791581,11.71310043,89.60971832,POINT (141000 454000),256.8608248
142000,453000,0,1.400968313,0,12.43681145,-0.3018049,20.91435814,-5.224031002,177273.4844,5.730709076,0,65.74370575,57.30499268,524.8046875,57.02832031,80.76081085,1.497890703,118.9273987,1521.010085,12.7894001,87.02832031,POINT (142000 453000),1368.548971
143000,452000,0,1.399330497,0,12.04632092,-0.297876596,20.35610771,-4.951035887,177066.2344,5.911028862,0,63.74138641,56.5118103,524.8046875,55.13916779,79.13034058,1.552141456,114.2705002,1576.738619,13.79829979,85.13916779,POINT (143000 452000),2630.788278
140000,455000,0,1.397161245,0,13.51451778,-0.311207354,22.56269836,-5.996649857,176791.75,5.270326138,0,71.15753174,59.26599884,502.1484375,62.19089508,85.1951828,1.348233528,127.896698,1368.903982,10.70320034,92.19089508,POINT (140000 455000),0
143000,449000,0,1.393513322,0,13.59943199,-0.310640454,22.72979355,-6.060545511,176330.1563,5.260145664,0,71.48725128,58.99324036,558.7890625,61.26470184,84.31082916,1.386592915,102.7708969,1405.710567,13.67809963,91.26470184,POINT (143000 449000),4952.875616
134000,455000,0,1.391357541,0,13.83985806,-0.312320411,23.11585045,-6.234683389,176057.3594,5.172132969,0,72.76508331,59.20373154,490.8203125,60.9967804,83.93955994,1.336482858,135.3278046,1356.147019,10.02120018,90.9967804,POINT (134000 455000),0
143000,450000,0,1.380056739,0,12.29815865,-0.296075284,20.96227837,-5.168648442,174627.4063,5.792078018,0,65.08802032,56.17153931,536.1328125,55.36037445,79.18532562,1.51960344,106.7389984,1541.492591,14.44169998,85.36037445,POINT (143000 450000),4362.100174
124000,469000,0,1.377441525,0,10.55171967,-0.279854119,18.37288475,-3.940283815,174296.4844,6.713020325,0,55.86608887,52.70567322,479.4921875,44.84085846,69.94719696,1.825978442,129.2200012,1897.711982,14.68589973,74.84085846,POINT (124000 469000),8754.317063
143000,451000,0,1.376214027,0,12.28280354,-0.295362473,20.98986626,-5.167227646,174141.1563,5.786414623,0,65.02285767,56.14851379,536.1328125,55.97576141,79.7486496,1.508390617,110.5891037,1531.205625,13.84589958,85.97576141,POINT (143000 451000),3555.00236
142000,451000,0,1.373637319,0,13.03563595,-0.301706254,22.15683937,-5.705214385,173815.1094,5.45617342,0,68.82911682,57.45326233,536.1328125,59.42258453,82.69538879,1.410499745,111.5325012,1430.092017,12.82219982,89.42258453,POINT (142000 451000),3008.759705
141000,453000,0,1.365582228,0,13.02478504,-0.300154001,22.25102806,-5.715702173,172795.8438,5.446337223,0,68.84172821,57.24771881,513.4765625,59.65599823,82.87744141,1.38700333,120.1316986,1406.982441,11.71199989,89.65599823,POINT (141000 453000),1237.485533
144000,447000,0,1.357618928,0,14.18522072,-0.308297604,24.11746979,-6.548079872,171788.2031,5.030375004,0,74.37296295,58.66751862,581.4453125,62.61914063,85.24524689,1.327173181,94.82029724,1345.471584,14.18970013,92.61914063,POINT (144000 447000),7071.726718
130000,457000,0,1.352316022,0,13.40713501,-0.300712496,23.01391411,-6.012641828,171117.1875,5.29206419,0,70.8032608,57.32920074,490.8203125,60.09185791,83.08473969,1.337391797,135.033905,1365.800439,10.11450005,90.09185791,POINT (130000 457000),0
124000,470000,0,1.346067309,0,10.09757423,-0.269980401,18.02231598,-3.689315107,170326.5,6.966304779,0,53.44294739,50.89388275,468.1640625,42.17362976,67.52056885,1.894487686,132.3865967,1976.306818,14.9282999,72.17362976,POINT (124000 470000),9616.811879
141000,452000,0,1.336510301,0,13.07562065,-0.294686139,22.73015976,-5.812800337,169117.2031,5.404032707,0,69.19275665,56.34442139,513.4765625,59.60662842,82.70167542,1.360194215,116.4710999,1378.668397,11.83699989,89.60662842,POINT (141000 452000),1754.238295
141000,451000,0,1.335905552,0,13.36851215,-0.297096252,23.1907177,-6.020373012,169040.6719,5.290626526,0,70.61512756,56.80537033,524.8046875,60.64520264,83.57080841,1.338820477,112.5719986,1356.042242,12.04599953,90.64520264,POINT (141000 451000),2140.189463
137000,450000,0,1.333212733,0,12.16377258,-0.285383463,21.3563118,-5.172684545,168699.9375,5.825929165,0,64.60488892,54.22352219,513.4765625,53.44350433,77.26152039,1.498782895,114.0428009,1514.534045,13.28040028,83.44350433,POINT (137000 450000),1795.568927
132000,454000,0,1.324021816,0,10.63964081,-0.270363778,19.10518074,-4.118726445,167536.9531,6.61774826,0,56.58221436,51.10440445,468.1640625,44.82974243,69.72872925,1.74143598,133.0404968,1768.853221,13.29559994,74.82974243,POINT (132000 454000),0
127000,460000,0,1.319983244,0,15.25114727,-0.31146574,26.38356781,-7.388497396,167025.9219,4.602320194,0,79.52549744,59.97425461,524.8046875,69.35260773,90.993927,1.16239204,123.6221008,1188.539936,9.614299774,99.35260773,POINT (127000 460000),0
144000,450000,0,1.318743944,0,11.89612103,-0.280518204,21.13575554,-5.017176744,166869.1094,5.922305107,0,63.22801208,53.54463959,536.1328125,53.86064911,77.70261383,1.512995538,106.0427017,1536.972346,14.4939003,83.86064911,POINT (144000 450000),4866.843171
126000,446000,0,1.315642238,0,13.35841274,-0.29357785,23.48293114,-6.060400751,166476.625,5.247193813,0,70.53422546,56.638237,581.4453125,63.53797913,86.2072525,1.320498662,98.39790344,1410.337168,14.33300018,93.53797913,POINT (126000 446000),6654.711339
128000,444000,0,1.311877728,0,13.00314808,-0.289909005,22.98344994,-5.819191573,166000.2656,5.373866558,0,68.85928345,56.00125885,547.4609375,62.64218903,85.47303772,1.326409785,106.7272034,1387.603061,13.00139999,92.64218903,POINT (128000 444000),6485.017673
140000,454000,0,1.298314214,0,13.48975468,-0.290925175,23.94992065,-6.187721665,164284,5.194102287,0,71.36850739,56.00435257,502.1484375,62.03038788,84.65071106,1.273729469,124.7846985,1291.945926,10.35340023,92.03038788,POINT (140000 454000),307.2706778
135000,455000,0,1.291375875,0,14.11220551,-0.29453212,25.04639626,-6.638414756,163406.0469,4.978760719,0,74.39070129,56.56436157,490.8203125,62.70076752,85.02188873,1.229239514,134.2024994,1246.56677,9.288700104,92.70076752,POINT (135000 455000),0
144000,449000,0,1.278544426,0,11.89697361,-0.272423059,21.6822567,-5.102955718,161782.4063,5.896360874,0,63.37699127,52.11413956,536.1328125,53.05058289,76.79434967,1.485503066,102.2949982,1508.124918,14.74289989,83.05058289,POINT (144000 449000),5744.841242
131000,458000,0,1.267111421,0,12.46450806,-0.275280029,22.77078247,-5.528553445,160335.7031,5.608564854,0,66.46695709,52.83061218,456.8359375,55.59010315,78.86686707,1.349066614,138.8291931,1378.004752,9.925900459,85.59010315,POINT (131000 458000),0
145000,446000,0,1.254088879,0,13.91563606,-0.28455162,25.34352112,-6.574043703,158687.8906,5.040300846,0,73.45106506,54.72943115,570.1171875,61.06919098,83.44523621,1.26840444,91.74919891,1287.066939,14.02810001,91.06919098,POINT (145000 446000),8484.373975
138000,456000,0,1.254030228,0,13.78896236,-0.284619391,25.15393448,-6.492510252,158680.4688,5.036880493,0,72.99214935,55.12094879,479.4921875,63.2148819,85.4438324,1.200828965,133.1961975,1219.610964,9.156499863,93.2148819,POINT (138000 456000),0
144000,446000,0,1.253680706,0,15.01076889,-0.294268996,27.15637589,-7.348381738,158636.2344,4.657598972,0,78.53015137,56.79447174,592.7734375,66.07972717,87.74128723,1.187738295,91.25910187,1203.260348,13.1850996,96.07972717,POINT (144000 446000),7842.982706
130000,443000,0,1.24974215,0,12.57171154,-0.273911208,23.22948647,-5.64862321,158137.8594,5.485243797,0,66.9564743,53.34158707,524.8046875,61.48441315,84.28071594,1.297359809,108.9169998,1332.675697,12.23569965,91.48441315,POINT (130000 443000),6279.730186
129000,456000,0,1.246138215,0,14.33315563,-0.287691981,26.18885231,-6.892257817,157681.8438,4.838701248,0,75.57776642,55.79613876,490.8203125,65.20809174,87.07957458,1.161676794,129.7998047,1186.474116,9.140800476,95.20809174,POINT (129000 456000),0
133000,455000,0,1.243226647,0,13.76368904,-0.281667471,25.28918266,-6.494022189,157313.4063,5.058223248,0,72.92340851,54.38910294,468.1640625,61.31622314,83.63196564,1.206822588,135.9367065,1225.822853,9.01760006,91.31622314,POINT (133000 455000),0
145000,445000,0,1.239197612,0,14.77644634,-0.288966477,27.03410912,-7.211726438,156803.6094,4.72805357,0,77.4989624,55.78032684,592.7734375,64.59486389,86.36911011,1.199318174,88.80419922,1215.853775,13.69139957,94.59486389,POINT (145000 445000),9245.953747
123000,466000,0,1.234277844,0,13.08705425,-0.274165481,24.31715012,-6.03738344,156181.0781,5.306238651,0,69.61591339,53.02429581,502.1484375,59.44434357,82.10974884,1.269767534,116.1364975,1305.002618,11.23680019,89.44434357,POINT (123000 466000),6844.406225
140000,453000,0,1.216149449,0,13.30287743,-0.272595525,24.99224854,-6.229209763,153887.1719,5.190326691,0,70.75302124,52.96842575,490.8203125,61.08382416,83.46844482,1.220276682,121.3593979,1236.725128,10.1906004,91.08382416,POINT (140000 453000),644.2910604
143000,447000,0,1.213736057,0,14.98140144,-0.285932153,27.87473297,-7.412129989,153581.7813,4.619225979,0,78.55962372,55.55948639,570.1171875,66.52823639,87.96879578,1.144988573,94.75,1159.247332,12.23480034,96.52823639,POINT (143000 447000),6444.927832
133000,458000,0,1.20877707,0,10.83756542,-0.250072151,20.92122841,-4.510211793,152954.2969,6.381822109,0,58.16917038,47.89077377,434.1796875,46.42071533,70.71237946,1.528471609,141.3822021,1559.346685,11.02929974,76.42071533,POINT (133000 458000),0
135000,457000,0,1.208501697,0,12.5147934,-0.263843626,23.77579498,-5.687784995,152919.4531,5.539126873,0,66.92513275,50.91380692,456.8359375,55.13735962,78.17402649,1.300958879,139.0610962,1323.861699,9.520000458,85.13735962,POINT (135000 457000),0
139000,455000,0,1.207222104,0,14.03168583,-0.277342319,26.39739418,-6.763028726,152757.5313,4.894498348,0,74.3010788,54.15559769,479.4921875,64.88124847,86.6915741,1.140235963,129.1697998,1157.012672,8.957300186,94.88124847,POINT (139000 455000),0
129000,455000,0,1.206411004,0,13.54040527,-0.272483975,25.56607437,-6.415841584,152654.9063,5.095724106,0,71.95544434,52.96157837,479.4921875,61.37166595,83.597435,1.193395712,128.0585022,1218.745614,9.517100334,91.37166595,POINT (129000 455000),0
131000,457000,0,1.20057869,0,12.63980198,-0.26350534,24.12508774,-5.793766404,151916.8906,5.46601963,0,67.58083344,51.01580811,456.8359375,56.48905945,79.34925079,1.270577831,137.8094025,1296.772657,9.409899712,86.48905945,POINT (131000 457000),0
134000,456000,0,1.195161581,0,12.5390873,-0.261324495,24.04005241,-5.732902735,151231.4375,5.51816988,0,67.09383392,50.48898697,456.8359375,55.04850769,78.02374268,1.288936776,137.8618927,1310.294608,9.504400253,85.04850769,POINT (134000 456000),0
146000,445000,0,1.190592885,0,13.45391273,-0.267417818,25.68763161,-6.381163562,150653.3281,5.164494514,0,71.44042206,51.7032814,570.1171875,58.36824036,80.80304718,1.267037285,89.51760101,1286.985573,14.37689972,88.36824036,POINT (146000 445000),9897.468601
136000,454000,0,1.190508962,0,15.07103825,-0.282571018,28.50832939,-7.527990879,150642.7031,4.541736603,0,79.16184235,55.28151321,490.8203125,67.97248077,89.12731171,1.075633201,129.7536011,1088.697599,8.390500069,97.97248077,POINT (136000 454000),0
128000,457000,0,1.189963102,0,15.11967468,-0.283260792,28.60993004,-7.565845278,150573.6406,4.512339592,0,79.36878204,55.57663345,502.1484375,69.30880737,90.35587311,1.068433377,126.2429962,1091.686315,8.647500038,99.30880737,POINT (128000 457000),0
135000,456000,0,1.180122614,0,13.58541393,-0.267250597,26.12443542,-6.501159899,149328.4531,5.063644886,0,72.29290009,52.00405121,456.8359375,60.46144867,82.59867859,1.167246152,136.8883972,1185.8642,8.663000107,90.46144867,POINT (135000 456000),0
144000,448000,0,1.174083948,0,13.14667034,-0.262203574,25.46828651,-6.204696754,148564.3438,5.236776352,0,70.05641174,51.02614212,536.1328125,59.09378052,81.49902344,1.240073106,98.5279007,1258.063399,12.76860046,89.09378052,POINT (144000 448000),6364.452831
140000,452000,0,1.173590183,0,13.55225086,-0.266023397,26.19649124,-6.494065158,148501.875,5.052196026,0,72.08712769,52.02118683,502.1484375,62.12306976,84.14237213,1.172606523,117.6613007,1187.449629,10.09210014,92.12306976,POINT (140000 452000),777.899717
141000,450000,0,1.152909636,0,13.74443531,-0.263257533,26.93768692,-6.671578461,145885.0313,4.965079784,0,73.06095886,51.60706711,513.4765625,62.60530853,84.42591095,1.150128309,108.467598,1164.215292,10.73330021,92.60530853,POINT (141000 450000),2843.144365
131000,452000,0,1.151908398,0,13.93087769,-0.26519531,27.30010986,-6.808414743,145758.3281,4.870331764,0,74.00418854,52.22239685,479.4921875,64.77815247,86.3531723,1.104426775,126.2357025,1122.84135,8.894800186,94.77815247,POINT (131000 452000),0
131000,453000,0,1.151529074,0,12.34292603,-0.251426548,24.46554947,-5.691005891,145710.3281,5.53794241,0,66.25508118,49.0186882,456.8359375,55.89104462,78.6863327,1.249430567,129.1154022,1270.779648,9.842200279,85.89104462,POINT (131000 453000),0
129000,454000,0,1.149795771,0,12.94460773,-0.255998403,25.57091522,-6.116656329,145491.0156,5.275875092,0,69.25427246,50.04186249,468.1640625,58.71257782,81.0713501,1.194397326,125.9648972,1219.768505,9.683400154,88.71257782,POINT (129000 454000),0
145000,448000,0,1.143013358,0,11.37425995,-0.241474003,22.87469482,-5.027678428,144632.7969,6.030589581,0,61.16241837,46.75297165,513.4765625,49.93003845,73.52953339,1.416453462,98.36589813,1439.338974,14.63249969,79.93003845,POINT (145000 448000),7102.906303
142000,449000,0,1.139024138,0,13.80224037,-0.260778487,27.32142067,-6.740554639,144128,4.934089661,0,73.36486053,51.19852829,524.8046875,62.60381317,84.33701324,1.143272405,103.3816986,1157.626946,11.19760036,92.60381317,POINT (142000 449000),4249.559135
123000,467000,0,1.121927261,0,11.77894592,-0.240915626,23.980093,-5.358632973,141964.6406,5.77846384,0,63.44625854,47.00207901,468.1640625,52.95925903,76.05680084,1.297366713,119.5920029,1338.043197,11.18840027,82.95925903,POINT (123000 467000),7646.664441
136000,453000,0,1.118042231,0,16.18376541,-0.277491719,32.16014481,-8.464670653,141473.0469,4.119194508,0,84.34725952,55.19145584,490.8203125,73.58716583,93.58896637,0.960969618,126.3261032,971.0687298,7.686999798,103.5871658,POINT (136000 453000),0
133000,450000,0,1.116627216,0,15.07740593,-0.268244922,30.16365433,-7.692308261,141293.9844,4.421471596,0,79.40664673,53.51004791,502.1484375,71.28549194,91.81315613,1.005310217,120.6607971,1017.520488,8.432900429,101.2854919,POINT (133000 450000),205.972919
136000,450000,0,1.100581288,0,11.52460289,-0.234634906,23.89888,-5.226141542,139263.5938,5.88775444,0,62.19312668,45.80895615,468.1640625,51.38781738,74.60481262,1.312590283,115.8078003,1325.848758,11.44869995,81.38781738,POINT (136000 450000),1352.818366
127000,459000,0,1.09598577,0,15.82827473,-0.269940615,32.06169128,-8.260815224,138682.0781,4.187286854,0,82.85119629,53.95158386,490.8203125,72.94827271,92.98320007,0.958572714,122.6784973,979.7349976,7.986199856,102.9482727,POINT (127000 459000),0
126000,461000,0,1.086268783,0,15.36105919,-0.263716012,31.42387772,-7.950868797,137452.5313,4.320211411,0,80.79858398,52.69787598,490.8203125,70.80046844,91.08831787,0.977227204,119.2863007,998.9034335,8.373999596,100.8004684,POINT (126000 461000),1032.380664
137000,456000,0,1.06099999,0,14.03065872,-0.247065902,29.49580765,-7.06701265,134255.125,4.743331909,0,74.80480194,49.27043915,456.8359375,64.23677063,85.30155182,1.028654147,134.4380035,1044.637069,7.770400047,94.23677063,POINT (137000 456000),0
133000,456000,0,1.059873819,0,11.99396324,-0.230169728,25.57821083,-5.640933161,134112.6094,5.614006519,0,64.83213806,45.2433815,434.1796875,52.91170502,75.59634399,1.206201157,138.2792053,1227.310896,8.875599861,82.91170502,POINT (133000 456000),0
127000,444000,0,1.055858493,0,13.65059662,-0.243914545,28.89976501,-6.817753666,133604.5156,4.83169651,0,72.91417694,49.09704971,524.8046875,66.6835556,87.71863556,1.049056304,102.6930008,1108.119076,10.79059982,96.6835556,POINT (127000 444000),7129.536234
124000,463000,0,1.055579424,0,15.13576412,-0.255287588,31.78178596,-7.855315563,133569.2188,4.356536865,0,79.86229706,51.25839233,502.1484375,69.92495728,90.17397308,0.973917306,112.316597,995.2148789,8.860799789,99.92495728,POINT (124000 463000),3860.289986
136000,456000,0,1.046677709,0,14.03567982,-0.2439567,29.8525486,-7.099184741,132442.8281,4.73323679,0,74.89038849,48.68554306,445.5078125,63.58887482,84.61396027,1.017108726,135.6822968,1033.017182,7.613500118,93.58887482,POINT (136000 456000),0
136000,455000,0,1.043660164,0,14.447752,-0.246691763,30.73789787,-7.394402334,132061,4.584305286,0,76.81054688,49.34602356,456.8359375,65.46014404,86.1818924,0.994852034,132.9221954,1008.773128,7.58920002,95.46014404,POINT (136000 455000),0
139000,454000,0,1.043441415,0,13.87865162,-0.242399991,29.63129616,-6.998359663,132033.3125,4.769403458,0,74.12776184,48.54722595,468.1640625,64.36129761,85.37840271,1.02506778,126.042099,1038.990269,8.243200302,94.36129761,POINT (139000 454000),0
126000,445000,0,1.042294264,0,13.68131733,-0.241233557,29.28334999,-6.866762787,131888.1563,4.810675144,0,73.08752441,48.62995911,536.1328125,66.45812988,87.4221344,1.045249033,97.94680023,1116.838405,11.40250015,96.45812988,POINT (126000 445000),7217.397447
130000,455000,0,1.04193306,0,12.41942501,-0.230096683,26.79261208,-5.97774376,131842.4531,5.382995605,0,67.04084778,45.57839203,445.5078125,56.00627899,78.19681549,1.142443241,131.7776031,1165.401643,8.843700409,86.00627899,POINT (130000 455000),0
132000,458000,0,1.037887335,0,10.28785515,-0.213186786,22.69064903,-4.500007599,131330.5156,6.509543896,0,55.82291794,41.61385345,411.5234375,44.21916962,68.16690063,1.399822821,140.5986023,1428.973871,10.16349983,74.21916962,POINT (132000 458000),0
130000,453000,0,1.030409575,0,12.90014839,-0.231792718,28.00905228,-6.33986471,130384.3203,5.145502567,0,69.45838165,46.25298309,456.8359375,59.4083252,81.09149933,1.08567262,126.9690018,1106.699911,8.716300011,89.4083252,POINT (130000 453000),0
146000,446000,0,1.030235052,0,11.40817356,-0.219344929,25.03650284,-5.292518055,130362.2188,5.90834713,0,61.75445938,42.97225571,513.4765625,48.77315521,71.91166687,1.312111514,92.12439728,1333.988905,14.48029995,78.77315521,POINT (146000 446000),9190.039487
132000,456000,0,1.022608757,0,12.54726124,-0.227107316,27.48117828,-6.107443165,129397.2266,5.308587074,0,67.76587677,45.10320663,434.1796875,56.09460449,78.11239624,1.112700834,137.8291016,1133.32737,8.222700119,86.09460449,POINT (132000 456000),0
129000,443000,0,1.021721601,0,12.56419086,-0.228388488,27.56012917,-6.129703656,129284.9609,5.224982738,0,67.7666626,46.04515839,490.8203125,61.98413849,83.58208466,1.085297726,108.4031982,1123.729282,10.36620045,91.98413849,POINT (129000 443000),6757.381988
129000,449000,0,1.014415622,0,15.10261154,-0.247324735,32.86148834,-7.923182119,128360.4922,4.28023386,0,79.85664368,50.38575745,490.8203125,72.45645905,92.27220154,0.92528424,114.888298,952.7226633,8.292599678,102.456459,POINT (129000 449000),2578.536029
146000,447000,0,1.009600759,0,10.7557869,-0.210730672,24.16053963,-4.884371624,127751.2422,6.228907585,0,58.37171555,41.29789734,490.8203125,45.96945953,69.49263,1.359743843,95.02339935,1383.540734,14.56000042,75.96945953,POINT (146000 447000),8455.731702
140000,451000,0,1.007658482,0,13.70689583,-0.233437568,30.1923027,-6.951498784,127505.4766,4.800158024,0,73.4121933,46.941082,479.4921875,63.11734009,84.08803558,1.019361185,113.7266998,1031.637682,9.071200371,93.11734009,POINT (140000 451000),1451.95968
134000,457000,0,1.004291058,0,11.06645012,-0.212302625,24.90509224,-5.114150476,127079.375,6.020406723,0,60.20597839,41.83241653,411.5234375,48.13833618,71.28094482,1.248158708,139.8630981,1270.907947,9.086799622,78.13833618,POINT (134000 457000),0
145000,447000,0,1.001760364,0,12.30697441,-0.220758274,27.47826004,-5.981929269,126759.1484,5.411275387,0,66.52276611,43.84656525,502.1484375,54.61293793,76.77131653,1.158074682,94.96710205,1175.949131,12.38269997,84.61293793,POINT (145000 447000),7776.988029
131000,456000,0,0.985984504,0,13.15233326,-0.224545404,29.61815834,-6.608570642,124762.9219,4.99632597,0,70.8765564,45.11683655,434.1796875,59.65651703,80.94500732,1.026435724,136.3090973,1046.635778,7.67840004,89.65651703,POINT (131000 456000),0
133000,454000,0,0.98572427,0,16.04647255,-0.248361707,35.65583038,-8.640139113,124729.9922,3.990292311,0,84.18907928,50.73442459,456.8359375,73.83998108,93.01881409,0.867579194,133.0957947,879.6301344,6.609000206,103.8399811,POINT (133000 454000),0
132000,457000,0,0.983505547,0,11.18603134,-0.209196344,25.60277939,-5.242736321,124449.25,5.923138142,0,60.92067719,41.43719101,411.5234375,49.18841553,72.08583832,1.206485372,139.4658966,1230.354245,8.821900368,79.18841553,POINT (132000 457000),0
130000,456000,0,0.979980588,0,13.66964626,-0.227496415,30.85862541,-6.983648622,124003.2109,4.777205944,0,73.38909149,45.95478058,434.1796875,62.60639191,83.43302917,0.980705696,133.6311951,1000.924383,7.490200043,92.60639191,POINT (130000 456000),0
128000,450000,0,0.971354127,0,15.36416245,-0.240287855,34.69301224,-8.194658865,122911.6484,4.148393631,0,81.15265656,49.39608765,502.1484375,73.31378937,92.68771362,0.893186195,112.8804016,923.8583143,8.184399605,103.3137894,POINT (128000 450000),2781.807872
125000,462000,0,0.970325351,0,15.65031624,-0.241738558,35.31789017,-8.393133433,122781.4766,4.086331844,0,82.44704437,49.49979019,490.8203125,72.53792572,91.85821533,0.88743754,115.4524002,906.8439781,7.854700089,102.5379257,POINT (125000 462000),2446.185664
127000,458000,0,0.967517078,0,15.66231155,-0.241336823,35.43611908,-8.407922834,122426.125,4.075648308,0,82.52381897,49.47306061,479.4921875,72.71368408,91.99054718,0.879775449,121.6576004,898.8306597,7.388199806,102.7136841,POINT (127000 458000),94.88067399
137000,454000,0,0.959366083,0,14.72567368,-0.231606409,33.69239426,-7.76555565,121394.7266,4.373599052,0,78.35923767,47.24311066,456.8359375,67.54312134,87.47007751,0.915720212,128.5124969,927.2176851,7.215000153,97.54312134,POINT (137000 454000),0
130000,448000,0,0.95405823,0,15.16979122,-0.235376492,34.83813477,-8.09604795,120723.0859,4.172310829,0,80.34828949,48.64783096,490.8203125,73.3924408,92.70540619,0.880644665,115.5802002,902.1150164,7.805099964,103.3924408,POINT (130000 448000),2218.553361
132000,451000,0,0.952799976,0,14.58964443,-0.229950011,33.62075424,-7.689085589,120563.8672,4.376580238,0,77.75557709,47.24281311,456.8359375,69.38063049,89.17957306,0.90129558,124.0063019,913.8148508,7.369100094,99.38063049,POINT (132000 451000),0
130000,449000,0,0.952608287,0,14.5096302,-0.229477033,33.45868301,-7.63479181,120539.6172,4.394529343,0,77.37220764,47.21915817,468.1640625,69.79844666,89.60250092,0.905099252,117.3697968,925.6486411,7.886600018,99.79844666,POINT (130000 449000),1677.989306
130000,454000,0,0.948623478,0,12.44590282,-0.211754531,29.11666107,-6.195625277,120035.3984,5.242676735,0,67.51396179,42.71487427,434.1796875,56.82988739,78.39704895,1.046661092,129.5186005,1067.259177,8.240200043,86.82988739,POINT (130000 454000),0
128000,456000,0,0.944402635,0,15.17652607,-0.232378587,35.14804077,-8.114103943,119501.3047,4.196092606,0,80.43907166,47.75665665,468.1640625,70.40325165,89.853508,0.883541983,124.9026031,902.7710216,7.227799892,100.4032516,POINT (128000 456000),31.83055321
131000,448000,0,0.942651749,0,14.31336594,-0.225896716,33.34520721,-7.518448297,119279.75,4.445557117,0,76.49481201,46.56631851,468.1640625,69.15927124,89.01568604,0.907058036,116.5858002,923.8724977,7.924399853,99.15927124,POINT (131000 448000),1485.956588
131000,454000,0,0.938175201,0,11.38497734,-0.201857701,27.09506607,-5.479411825,118713.3047,5.748968124,0,62.13831329,40.42082596,411.5234375,50.93997955,73.36004639,1.129645869,131.8796997,1149.766768,8.718299866,80.93997955,POINT (131000 454000),0
147000,446000,0,0.934950292,0,10.47487736,-0.194198892,25.18597031,-4.850765396,118305.2344,6.312157154,0,57.11302948,38.33846664,490.8203125,43.80152893,67.23035431,1.326444308,92.20230103,1351.446019,14.65740013,73.80152893,POINT (147000 446000),9825.859723
129000,450000,0,0.933604598,0,14.8380394,-0.228023008,34.77827454,-7.903387335,118134.9609,4.26391077,0,78.92358398,47.14865112,479.4921875,70.9570694,90.42055511,0.884164065,116.7304001,907.9524154,7.77820015,100.9570694,POINT (129000 450000),1989.234976
133000,457000,0,0.930454373,0,10.50496197,-0.194081292,25.36667442,-4.884883368,117736.3438,6.240170002,0,57.47190094,38.55496979,388.8671875,45.43204498,68.63418579,1.224453342,140.0888977,1247.659798,8.906200409,75.43204498,POINT (133000 457000),0
138000,455000,0,0.929217994,0,14.18904591,-0.221328095,33.48060989,-7.454288862,117579.8984,4.506162167,0,75.98941803,45.40890884,445.5078125,65.90118408,85.94020844,0.913026089,130.4214935,926.0838863,7.100699902,95.90118408,POINT (138000 455000),0
144000,445000,0,0.905092597,0,15.76907349,-0.227415934,37.81429291,-8.600828049,114527.1563,4.013513565,0,83.0918808,46.85836029,547.4609375,70.08321381,89.10505676,0.881681395,87.93689728,892.4803909,10.1491003,100.0832138,POINT (144000 445000),8627.293033
139000,453000,0,0.900337756,0,13.86968231,-0.212869972,33.7040596,-7.291341474,113925.5,4.581604481,0,74.58376312,43.87398911,445.5078125,64.56894684,84.63656616,0.908962655,122.6048965,920.4685005,7.507599831,94.56894684,POINT (139000 453000),0
125000,447000,0,0.898377657,0,13.52388573,-0.210285887,32.99258041,-7.057093522,113677.4688,4.687213421,0,72.82769012,43.52374649,524.8046875,65.27522278,85.44612885,0.947322056,92.86329651,1021.041233,10.99510002,95.27522278,POINT (125000 447000),6977.035365
126000,460000,0,0.894889712,0,16.00311661,-0.228683203,38.76867294,-8.795662616,113236.1172,3.874817848,0,84.2452774,47.74211502,479.4921875,74.42728424,92.93135834,0.82092742,117.9821014,838.7937421,7.109499931,104.4272842,POINT (126000 460000),588.4603182
137000,455000,0,0.891098619,0,14.45083427,-0.215257078,35.34225082,-7.715253049,112756.4063,4.367724895,0,77.34130096,44.53542328,434.1796875,66.55753326,86.1697998,0.871243518,131.6629944,883.5244927,6.710499763,96.55753326,POINT (137000 455000),0
140000,450000,0,0.885040343,0,14.25260162,-0.212350503,35.09702682,-7.588651116,111989.8203,4.433506489,0,76.3970871,43.92928314,468.1640625,65.74925232,85.48007202,0.891646711,109.5837021,901.9286843,8.230500221,95.74925232,POINT (140000 450000),2228.401851
137000,453000,0,0.879514515,0,15.31686592,-0.219613209,37.77062988,-8.344646699,111290.5938,4.066709518,0,81.29896545,45.77672195,445.5078125,70.58089447,89.48561096,0.828486324,125.0888977,837.8704829,6.698200226,100.5808945,POINT (137000 453000),0
143000,446000,0,0.872708499,0,15.68620396,-0.220020026,38.87750626,-8.61009863,110429.3906,3.985220194,0,82.85735321,45.71210098,524.8046875,70.1010437,88.89834595,0.853230212,90.85630035,863.2438557,9.501199722,100.1010437,POINT (143000 446000),7220.258095
128000,454000,0,0.870349467,0,14.53044224,-0.211718604,36.28186798,-7.815002926,110130.8906,4.301447868,0,77.74494171,44.12562561,456.8359375,67.72305298,87.06933594,0.858996965,121.2935028,878.5895158,7.243500233,97.72305298,POINT (128000 454000),507.2524029
123000,468000,0,0.864405751,0,10.98811913,-0.184710875,28.16190529,-5.36362346,109378.7891,5.852323055,0,60.28569412,37.43556976,422.8515625,49.46907043,71.73497772,1.102054167,123.2994995,1140.60668,9.250699997,79.46907043,POINT (123000 468000),8466.130495
138000,454000,0,0.859795868,0,14.35228157,-0.20811227,36.25474548,-7.712272823,108795.4688,4.348543167,0,76.9855423,43.41317368,434.1796875,66.65976715,86.06776428,0.851271863,127.2854004,862.3967766,6.775300026,96.65976715,POINT (138000 454000),0
129000,453000,0,0.843972743,0,13.84017372,-0.201113418,35.62612534,-7.389083547,106793.2656,4.501671314,0,74.64308167,42.04112244,434.1796875,64.83688354,84.46855927,0.86246988,123.6223984,880.97028,7.126299858,94.83688354,POINT (129000 453000),0
127000,446000,0,0.839590073,0,16.08105469,-0.218808234,41.27679062,-8.971575318,106238.7031,3.722474098,0,84.7073822,46.80876541,513.4765625,78.64515686,96.38600922,0.778886793,103.6881027,823.0865138,7.938099861,108.6451569,POINT (127000 446000),5823.882019
132000,455000,0,0.837300301,0,14.17882347,-0.20188202,36.69524765,-7.636501126,105948.9609,4.38580513,0,76.26651001,42.21258926,422.8515625,65.03813934,84.45432281,0.844776057,135.6750946,859.2981993,6.333499908,95.03813934,POINT (132000 455000),0
134000,449000,0,0.836852789,0,14.62508678,-0.206001222,37.82011032,-7.954028463,105892.3359,4.192316532,0,78.28570557,43.53165054,456.8359375,69.96456909,88.8415451,0.821434512,116.3144989,830.822833,7.14289999,99.96456909,POINT (134000 449000),1238.236629
128000,446000,0,0.833897829,0,16.17865562,-0.218546078,41.77484512,-9.052645755,105518.4297,3.680668354,0,85.17938232,46.87901306,490.8203125,79.35131073,96.95489502,0.762615709,107.9645004,797.9656004,7.390999794,109.3513107,POINT (128000 446000),5024.009208
128000,455000,0,0.829657912,0,15.07578659,-0.207423881,39.21182632,-8.28012629,104981.9141,4.055949211,0,80.37086487,43.82590866,445.5078125,70.33108521,88.94416046,0.802724304,123.2418976,820.4459433,6.65719986,100.3310852,POINT (128000 455000),732.0576994
127000,457000,0,0.811053932,0,15.63960934,-0.207915649,41.44258499,-8.712588689,102627.8438,3.84967804,0,82.92999268,44.31179047,456.8359375,73.10852051,91.15013123,0.773580843,120.4841003,790.255216,6.559000015,103.1085205,POINT (127000 457000),0
125000,446000,0,0.806332231,0,13.38936806,-0.190554306,35.98092651,-7.157277923,102030.375,4.586470604,0,72.50506592,40.36394119,513.4765625,65.28475189,84.79885101,0.87760057,92.37349701,947.8351733,10.26089954,95.28475189,POINT (125000 446000),7507.762081
142000,447000,0,0.8040362,0,15.77897358,-0.206279829,42.09506226,-8.816435871,101739.8438,3.843420982,0,83.50708771,43.71274948,502.1484375,71.04473877,89.16532135,0.794701446,94.89890289,803.7842301,8.469900131,101.0447388,POINT (142000 447000),5816.706013
141000,449000,0,0.79893893,0,14.62910271,-0.197063252,39.41360855,-8.028623854,101094.8516,4.174292564,0,78.40886688,41.72084045,468.1640625,67.29601288,86.07888031,0.815859201,104.1965027,825.4342533,7.921899796,97.29601288,POINT (141000 449000),3641.954547
128000,451000,0,0.797771811,0,14.94718647,-0.200209111,40.30260086,-8.259196376,100947.1641,4.023682594,0,79.87512207,42.82964706,456.8359375,71.41606903,89.73176575,0.783396285,114.8010025,807.2921527,7.032100201,101.416069,POINT (128000 451000),2167.824512
136000,449000,0,0.794940889,0,12.19664669,-0.17923227,33.3794136,-6.349618996,100588.9531,5.117298126,0,66.79376221,37.38215256,434.1796875,56.50601959,77.14044189,0.927554684,112.1651001,937.3973691,8.357299805,86.50601959,POINT (136000 449000),2346.68284
128000,447000,0,0.794156492,0,16.18567848,-0.209952444,43.67823792,-9.13765284,100489.6953,3.617046118,0,85.32892609,45.52734756,490.8203125,79.23204803,96.49294281,0.741184781,108.794899,774.3259382,7.117300034,109.232048,POINT (128000 447000),4436.313049
142000,448000,0,0.793147862,0,14.64633274,-0.195764422,39.71177292,-8.051224615,100362.0703,4.168370247,0,78.49062347,41.44957352,479.4921875,66.87979889,85.64598846,0.818638059,99.14759827,828.4971823,8.356200218,96.87979889,POINT (142000 448000),5055.869044
138000,453000,0,0.786318541,0,14.54026222,-0.19415389,39.76196289,-7.99538371,99497.91406,4.164916992,0,78.08567047,41.34904861,434.1796875,67.70373535,86.35523987,0.792960143,123.8536987,802.5100182,6.479499817,97.70373535,POINT (138000 453000),0
131000,455000,0,0.779729962,0,13.65855503,-0.186269984,37.76043701,-7.395196941,98664.21875,4.476621628,0,74.03659058,39.4419136,400.1953125,63.05275726,82.3620224,0.815512242,134.3182983,830.7989537,6.185299873,93.05275726,POINT (131000 455000),0
127000,447000,0,0.77895242,0,16.11019325,-0.205969706,44.25043488,-9.114991411,98565.83594,3.615760088,0,85.03172302,44.83127213,502.1484375,78.78599548,95.97239685,0.739427707,104.370903,780.1516373,7.47480011,108.7859955,POINT (127000 447000),5277.602984
129000,446000,0,0.774018049,0,16.34910011,-0.207076192,45.14550781,-9.293945686,97941.45313,3.532856464,0,86.11048126,45.24929047,479.4921875,80.30968475,97.25041962,0.719561702,111.0008011,745.8143673,6.718999863,110.3096848,POINT (129000 446000),4303.563162
128000,445000,0,0.766517997,0,16.22752762,-0.204491422,45.22256088,-9.224068009,96992.42188,3.552581787,0,85.59300995,44.77773666,490.8203125,79.9188385,96.86399078,0.722337018,107.3097,756.1363322,7.046299934,109.9188385,POINT (128000 445000),5716.246268
125000,461000,0,0.764282107,0,16.17101669,-0.202013969,45.15338898,-9.179100012,96709.5,3.618492603,0,85.3833847,43.76540375,468.1640625,75.62557983,92.87809753,0.732222877,113.6762009,747.8530132,6.578800201,105.6255798,POINT (125000 461000),1863.009027
131000,442000,0,0.76100719,0,12.27157211,-0.174306691,34.93278885,-6.482445199,96295.10938,4.92910862,0,67.27211761,37.3549881,445.5078125,62.63126373,82.44946289,0.859025476,105.7443008,874.9495405,8.274200439,92.63126373,POINT (131000 442000),6901.290613
128000,449000,0,0.757719278,0,15.7423172,-0.198273078,44.37722778,-8.899352202,95879.0625,3.692187309,0,83.53083801,43.27109528,468.1640625,76.3890152,93.6767807,0.729454896,111.2307968,757.4817199,6.809999943,106.3890152,POINT (128000 449000),3402.803895
139000,452000,0,0.746187985,0,13.92768288,-0.181372061,40.01891327,-7.65283657,94419.9375,4.308868408,0,75.38671112,38.92860794,422.8515625,65.12134552,83.87164307,0.785138476,118.9106979,794.5137305,6.681600094,95.12134552,POINT (139000 452000),95.19424576
138000,448000,0,0.745339394,0,12.46332073,-0.170625642,36.06250763,-6.636658525,94312.55469,4.935389042,0,68.28528595,35.98220444,445.5078125,56.51634216,76.63128662,0.882842802,103.8852005,892.3011688,8.589300156,86.51634216,POINT (138000 448000),3629.811285
131000,447000,0,0.739651501,0,15.14856434,-0.190105826,43.72903442,-8.523348448,93592.82813,3.829151392,0,80.97732544,41.65991592,445.5078125,74.30982971,91.79677582,0.72615914,114.7021027,740.2988559,6.454100132,104.3098297,POINT (131000 447000),2321.927659
127000,452000,0,0.735875905,0,14.9850235,-0.187184989,43.45664597,-8.411359854,93115.08594,3.911864042,0,80.23905945,40.73476028,456.8359375,71.14567566,88.90760803,0.745420108,111.6381989,769.8235254,6.895699978,101.1456757,POINT (127000 452000),1832.353195
123000,464000,0,0.719328403,0,14.53798771,-0.180170134,43.09261703,-8.1327526,91021.22656,4.040293694,0,78.2728653,39.20598221,445.5078125,68.37787628,86.37628174,0.749655901,109.986702,766.5193381,6.969200134,98.37787628,POINT (123000 464000),5274.452886
135000,449000,0,0.715387583,0,13.21022701,-0.170304239,39.54621506,-7.221417568,90522.5625,4.511615753,0,72.0769043,36.79964828,422.8515625,62.80510712,81.76714325,0.790134486,114.3013,798.6803559,6.987500191,92.80510712,POINT (135000 449000),2236.422009
129000,448000,0,0.714061618,0,16.3492775,-0.193861976,48.58792496,-9.4138295,90354.78125,3.432855606,0,86.31723022,43.11761475,456.8359375,79.77674866,96.17274475,0.680724121,113.3345032,702.7192394,6.200399876,109.7767487,POINT (129000 448000),3049.396721
131000,446000,0,0.711758971,0,15.43566036,-0.186473787,46.1123848,-8.781492595,90063.41406,3.683144569,0,82.33018494,41.3633728,456.8359375,76.10440063,93.07653046,0.703171072,112.946701,717.3019132,6.350800037,106.1044006,POINT (131000 446000),3154.01458
130000,452000,0,0.709217489,0,14.23397923,-0.17627798,42.78968811,-7.945037006,89741.82031,4.106561184,0,76.9468689,38.52587128,411.5234375,67.89864349,85.93984985,0.735822647,124.313797,749.9975846,6.033100128,97.89864349,POINT (130000 452000),0
129000,447000,0,0.704809427,0,16.58720589,-0.193875879,49.86706924,-9.599866904,89184.03906,3.347071648,0,87.35169983,43.35611725,468.1640625,81.27423859,97.38764191,0.672331062,112.0524979,695.7788001,6.209400177,111.2742386,POINT (129000 447000),3617.523425
129000,445000,0,0.704806685,0,16.37713623,-0.192429632,49.2626915,-9.454299001,89183.70313,3.395632982,0,86.45097351,43.05525208,468.1640625,80.89136505,97.10655212,0.675266468,110.1091995,700.3385747,6.3604002,110.8913651,POINT (129000 445000),5085.995129
123000,469000,0,0.70089668,0,10.34201145,-0.148883834,32.01822281,-5.272486988,88688.94531,5.944094658,0,57.46386719,31.14988708,377.5390625,46.40579987,68.03823853,0.967401661,127.1699982,1005.406023,7.906000137,76.40579987,POINT (123000 469000),9295.207308
130000,442000,0,0.696572661,0,12.46836662,-0.162676245,38.38592911,-6.755364353,88141.79688,4.711822987,0,68.4941864,35.63721848,434.1796875,63.84520721,82.87916565,0.791633699,107.4542007,811.8487482,7.555300236,93.84520721,POINT (130000 442000),7201.042441
127000,451000,0,0.692272246,0,15.32626534,-0.180685267,46.95280457,-8.739841155,87597.63281,3.711248159,0,81.90356445,40.06510544,456.8359375,73.49880981,90.51751709,0.703715995,109.7053986,730.3746533,6.657599926,103.4988098,POINT (127000 451000),2585.748831
126000,459000,0,0.686922193,0,16.37614822,-0.18696329,50.3925972,-9.479567852,86920.65625,3.416158915,0,86.52672577,41.62255478,445.5078125,76.87785339,93.19692993,0.672803731,116.7139969,687.0953095,5.887000084,106.8778534,POINT (126000 459000),591.8759767
127000,456000,0,0.683276594,0,15.6929369,-0.181012139,48.59886551,-9.010529598,86459.35938,3.602220297,0,83.58085632,40.19100952,434.1796875,73.73503876,90.49643707,0.685112945,119.0981979,700.0949596,5.87830019,103.7350388,POINT (127000 456000),932.1224748
137000,449000,0,0.68273592,0,11.57228756,-0.152609721,36.39408875,-6.156567749,86390.94531,5.225340843,0,64.03390503,32.55891418,411.5234375,52.86990356,73.15257263,0.864924447,110.0996017,874.1908442,7.940000057,82.86990356,POINT (137000 449000),2626.950816
129000,444000,0,0.678656876,0,15.8927927,-0.183119118,49.54732132,-9.1695191,85874.79688,3.474255085,0,84.42955017,41.29329681,468.1640625,79.05066681,95.29831696,0.672118206,109.2817001,696.856609,6.376699924,109.0506668,POINT (129000 444000),5927.353931
127000,454000,0,0.678269625,0,15.64039135,-0.179560781,48.77021027,-8.984207316,85825.79688,3.607206821,0,83.36488342,39.93241501,434.1796875,73.59313965,90.33618927,0.682956155,115.6417007,700.0370557,6.053500175,103.5931396,POINT (127000 454000),1500.055012
131000,451000,0,0.674991012,0,15.42300606,-0.177962944,48.35102081,-8.844110124,85410.92969,3.636758804,0,82.4274292,39.79288864,422.8515625,74.37863922,91.09571838,0.676047414,123.467598,687.3194388,5.566800117,104.3786392,POINT (131000 451000),0
127000,455000,0,0.671913326,0,15.76145077,-0.17907083,49.55992126,-9.081296715,85021.48438,3.559717178,0,83.91607666,39.9379921,434.1796875,74.07843018,90.67008209,0.676301924,117.4768982,691.7274492,5.888199806,104.0784302,POINT (127000 455000),1372.313763
131000,445000,0,0.667636395,0,15.42886543,-0.17718862,48.87845612,-8.86805231,84480.30469,3.58931613,0,82.44907379,39.98468018,445.5078125,76.70934296,93.18112946,0.670675861,111.2478027,684.3631103,6.15170002,106.709343,POINT (131000 445000),4045.714895
128000,448000,0,0.667614102,0,16.37773132,-0.183995575,51.77074051,-9.527455112,84477.48438,3.334838152,0,86.56389618,41.62439346,468.1640625,80.0934906,95.97437286,0.658242685,109.8714981,685.8838101,6.242599964,110.0934906,POINT (128000 448000),3911.698827
128000,453000,0,0.661997795,0,15.04572773,-0.171900555,48.0453949,-8.604741944,83766.8125,3.74992013,0,80.78359985,38.35228348,422.8515625,71.24887085,88.22192383,0.684836713,119.1443024,701.6050544,5.888700008,101.2488708,POINT (128000 453000),446.2453365
126000,447000,0,0.656838953,0,16.01903534,-0.178791627,51.43387985,-9.298089319,83114.03125,3.415557146,0,85.01660156,40.51528549,490.8203125,78.40616608,94.4327774,0.668525333,98.97699738,712.713557,7.200799942,108.4061661,POINT (126000 447000),6147.065933
128000,443000,0,0.653528333,0,12.85844326,-0.156201571,41.86078262,-7.113774112,82695.11719,4.471520424,0,70.56206512,34.73691177,434.1796875,64.73381805,83.07983398,0.746289553,106.0837021,779.3332861,7.346399784,94.73381805,POINT (128000 443000),7302.741923
132000,450000,0,0.648578048,0,15.87951279,-0.175852001,51.59513855,-9.21688214,82068.72656,3.441649675,0,84.51595306,39.87478638,422.8515625,77.00109863,93.06578064,0.646594459,121.2972031,655.8418386,5.406899929,107.0010986,POINT (132000 450000),0
127000,448000,0,0.640128136,0,16.13123894,-0.176095799,53.03002548,-9.41060939,80999.50781,3.346628428,0,85.58224487,40.19780731,468.1640625,78.98353577,94.73355865,0.648704359,105.2926025,682.559304,6.482500076,108.9835358,POINT (127000 448000),4810.170874
136000,452000,0,0.631717682,0,18.49554253,-0.191340804,61.29682922,-11.07115147,79935.28125,2.803360462,0,95.50125885,43.82309723,445.5078125,85.91254425,100.288147,0.602148756,122.8179016,607.9240512,4.949800014,115.9125443,POINT (136000 452000),33.31144056
130000,446000,0,0.631511748,0,16.65292168,-0.178546757,55.39516449,-9.794228749,79909.21875,3.177493811,0,87.87424469,41.0913353,445.5078125,82.04999542,97.2884903,0.622365518,112.6668015,639.3728378,5.674900055,112.0499954,POINT (130000 446000),3697.864596
132000,448000,0,0.614144742,0,13.86931896,-0.15434961,47.61356354,-7.892133264,77711.65625,4.01143837,0,75.55426025,34.99011612,411.5234375,67.96963501,85.15288544,0.677870485,116.4121017,687.9140154,5.90929985,97.96963501,POINT (132000 448000),938.4059737
130000,447000,0,0.611703038,0,16.68223572,-0.174318418,57.14975357,-9.853699621,77402.70313,3.131000519,0,88.0570755,40.42099762,445.5078125,81.92613983,96.93092346,0.6124516,114.0289001,628.4132865,5.511000156,111.9261398,POINT (130000 447000),2892.376252
125000,460000,0,0.61062479,0,16.36046028,-0.170251936,56.12465668,-9.622474959,77266.25781,3.261993408,0,86.68551636,39.03668594,445.5078125,77.07311249,92.53871918,0.629673445,111.9897995,642.720656,5.739099979,107.0731125,POINT (125000 460000),1538.988258
137000,452000,0,0.602194846,0,16.35540771,-0.1681692,56.82923126,-9.634590723,76199.5625,3.252169132,0,86.71433258,38.62388611,422.8515625,76.37158966,91.78170776,0.619615435,121.5077972,626.1904428,5.15350008,106.3715897,POINT (137000 452000),0
139000,451000,0,0.600529313,0,14.35403156,-0.153820604,50.2089653,-8.249665118,75988.8125,3.856194735,0,77.84675598,34.87908173,411.5234375,67.43190765,84.30475616,0.664781366,114.9997025,672.3112593,5.846199989,97.43190765,POINT (139000 451000),817.1393358
126000,453000,0,0.597495198,0,14.83034325,-0.156610399,52.06548691,-8.586962649,75604.89063,3.679714441,0,80.00007629,35.77519989,434.1796875,70.42316437,86.82936096,0.654336136,107.3475037,676.1067597,6.298299789,100.4231644,POINT (126000 453000),2420.484247
130000,445000,0,0.595816195,0,16.52517128,-0.169916987,58.03387833,-9.777755145,75392.42969,3.12669158,0,87.43460083,39.71628189,445.5078125,81.94862366,96.81739044,0.604814099,111.4212036,621.852878,5.581099987,111.9486237,POINT (130000 445000),4538.172444
138000,452000,0,0.59568876,0,14.88443089,-0.156405747,52.3893013,-8.626902004,75376.30469,3.66702795,0,80.2767868,35.69478989,411.5234375,69.89002228,86.28216553,0.646603872,120.2017975,653.861733,5.439700127,99.89002228,POINT (138000 452000),0
131000,443000,0,0.594828546,0,14.59955311,-0.156158939,51.54792786,-8.443459,75267.46094,3.668014765,0,78.96102142,36.22525024,434.1796875,74.34719086,90.49430084,0.640380043,107.7137985,652.9825969,6.062200069,104.3471909,POINT (131000 443000),5933.617032
129000,442000,0,0.591830909,0,12.67310047,-0.142722994,45.20095444,-7.117562613,74888.14844,4.384027958,0,69.8937149,32.57463837,411.5234375,65.09590912,82.80521393,0.693017072,107.3289032,715.9267312,6.670400143,95.09590912,POINT (129000 442000),7621.168701
124000,462000,0,0.584758878,0,16.70996475,-0.167103976,59.64060974,-9.917293315,73993.28125,3.114881992,0,88.2538147,38.79093552,445.5078125,78.53459167,93.45925903,0.608382901,110.0406036,621.1792054,5.644999981,108.5345917,POINT (124000 462000),3223.168799
122000,468000,0,0.582214892,0,10.56444836,-0.127099454,38.56531906,-5.682005098,73671.375,5.540379524,0,59.13847733,27.74947548,366.2109375,48.35279846,68.55236053,0.812007136,120.4813004,840.1522494,6.97329998,78.35279846,POINT (122000 468000),9049.081524
126000,458000,0,0.581013799,0,16.36613464,-0.163897514,58.79747009,-9.686412716,73519.39063,3.191018581,0,86.82307434,38.07043076,422.8515625,77.22029114,92.30962372,0.604647184,115.4309998,617.3018749,5.347799778,107.2202911,POINT (126000 458000),855.949019
127000,450000,0,0.578549325,0,15.77352905,-0.159813106,56.97011185,-9.284129995,73207.54688,3.320327282,0,84.23777008,37.26186752,445.5078125,76.58348083,91.90922546,0.617212761,107.9686966,643.9360908,5.964099884,106.5834808,POINT (127000 450000),3464.919982
132000,442000,0,0.57698065,0,11.61442089,-0.133135259,42.56742477,-6.41983562,73009.05469,4.844663143,0,64.62733459,30.16277885,411.5234375,59.56000519,78.10876465,0.730381752,102.5296021,739.4024604,7.211599827,89.56000519,POINT (132000 442000),6737.997626
129000,452000,0,0.572033644,0,14.8782196,-0.151855662,54.38523483,-8.674396849,72383.07031,3.587453127,0,80.33524323,35.18273163,400.1953125,71.38233948,87.36147308,0.622034081,121.191803,636.0266774,5.248099804,101.3823395,POINT (129000 452000),829.6686065
138000,447000,0,0.566919088,0,11.95926094,-0.13151896,44.4240799,-6.667494208,71735.89844,4.784580708,0,66.42166901,29.31404114,411.5234375,54.4750061,73.21221161,0.740530419,99.40129852,748.3128704,7.52820015,84.4750061,POINT (138000 447000),4625.034167
139000,446000,0,0.566633701,0,11.89108467,-0.130805686,44.19428635,-6.619652419,71699.78906,4.839669704,0,66.06105804,29.01844978,422.8515625,53.14408112,72.04987335,0.754095254,92.93759918,761.5585409,8.194299698,83.14408112,POINT (139000 446000),5639.387131
137000,448000,0,0.561901629,0,12.16252613,-0.131974891,45.52288055,-6.819424041,71101.00781,4.65092802,0,67.47830963,29.67993546,400.1953125,56.58028412,74.94729614,0.715776258,105.9850998,723.5178902,6.826600075,86.58028412,POINT (137000 448000),3546.501574
142000,446000,0,0.560107708,0,16.21884918,-0.156612903,60.24775314,-9.615401052,70874.00781,3.244438648,0,86.19930267,36.24195862,468.1640625,72.91539764,88.16168213,0.621944337,90.71340179,628.6711098,6.930300236,102.9153976,POINT (142000 446000),6641.253394
127000,449000,0,0.556351781,0,16.1837635,-0.15815933,60.58712006,-9.615429049,70398.75,3.145216942,0,86.08621979,37.40355301,445.5078125,79.04631042,93.75706482,0.594241959,106.490303,622.8298403,5.848700047,109.0463104,POINT (127000 449000),4171.534772
142000,444000,0,0.544908404,0,12.19993591,-0.127792358,46.92824554,-6.874821611,68950.75,4.66680336,0,67.67724609,28.57053947,434.1796875,53.38468933,71.86823273,0.730483212,82.87239838,737.2660423,8.896400452,83.38468933,POINT (142000 444000),8401.615615
127000,453000,0,0.544135571,0,16.0711937,-0.153853118,61.40542603,-9.556421549,68852.95313,3.177101374,0,85.66208649,36.32558823,422.8515625,76.29294586,91.08586121,0.588918599,113.6594009,605.6340945,5.328499794,106.2929459,POINT (127000 453000),1424.408455
132000,447000,0,0.540370107,0,14.03874683,-0.140197307,54.21585464,-8.162976674,68376.48438,3.756451368,0,76.59529114,32.94706726,400.1953125,69.52796936,85.59964752,0.616729849,114.1451035,625.9945765,5.484200001,99.52796936,POINT (132000 447000),1816.757224
140000,449000,0,0.53997159,0,15.31705952,-0.147036985,58.98938751,-9.03757924,68326.05469,3.413008928,0,82.37072754,34.40745926,422.8515625,71.14823151,86.5851059,0.607240491,105.2603989,613.994416,5.833099842,101.1482315,POINT (140000 449000),3039.361106
144000,444000,0,0.535147429,0,16.3700676,-0.152099997,63.43541718,-9.769714212,67715.625,3.146425486,0,86.9094696,35.62093353,479.4921875,73.46500397,88.29314423,0.607811269,84.94850159,614.6958691,7.236100197,103.465004,POINT (144000 444000),9418.193185
141000,447000,0,0.521280527,0,16.32255554,-0.149037018,64.83912659,-9.766550857,65960.95313,3.112054825,0,86.77418518,35.20748138,456.8359375,73.83515167,88.44884491,0.592241567,95.3710022,598.5865667,6.276400089,103.8351517,POINT (141000 447000),5272.304372
128000,452000,0,0.518306911,0,15.69806767,-0.145907268,62.80971146,-9.351473856,65584.69531,3.203400135,0,84.12838745,34.88824081,411.5234375,75.28833008,89.93940735,0.575782729,116.9292984,591.3348426,5.057199955,105.2883301,POINT (128000 452000),1232.087995
123000,463000,0,0.517779708,0,16.02308464,-0.147603527,64.12721252,-9.575024121,65517.97266,3.129003525,0,85.532547,35.25110245,422.8515625,75.78882599,90.28842926,0.57537271,107.2042007,587.4147145,5.479400158,105.788826,POINT (123000 463000),4615.932362
133000,442000,0,0.517451525,0,10.90409946,-0.117120929,44.27498245,-6.059350838,65476.44531,5.069965839,0,61.16469955,26.90597916,388.8671875,55.42086029,74.00026703,0.707557868,98.18979645,713.4078051,7.265600204,85.42086029,POINT (133000 442000),6721.116863
130000,444000,0,0.515678465,0,16.45882797,-0.152116492,66.15777588,-9.89391304,65252.08984,2.939077377,0,87.40024567,36.9898262,434.1796875,82.42935181,96.2444458,0.558038302,110.2026978,573.7593165,5.206399918,112.4293518,POINT (130000 444000),5386.558286
131000,444000,0,0.509538651,0,15.66936016,-0.145181313,63.75674057,-9.358134438,64475.18359,3.13192606,0,84.01651764,35.27693939,422.8515625,78.93187714,93.19710541,0.564219276,109.5264969,575.6164868,5.25549984,108.9318771,POINT (131000 444000),4978.735788
133000,449000,0,0.503296673,0,15.70567036,-0.143247336,64.61203766,-9.390563256,63685.34375,3.138251066,0,84.21926117,34.67783737,400.1953125,76.74048615,91.06208801,0.559009528,117.9172974,566.0855916,4.800700188,106.7404861,POINT (133000 449000),253.7420418
137000,447000,0,0.502331614,0,12.55634594,-0.122164056,52.04179764,-7.215243676,63563.23047,4.303875923,0,69.65265656,28.40598869,388.8671875,58.88974762,76.07805634,0.644338648,101.7096024,651.3076316,6.403600216,88.88974762,POINT (137000 447000),4500.497332
126000,457000,0,0.502275467,0,16.394907,-0.146891043,67.48549652,-9.864599587,63556.125,2.985362291,0,87.19125366,35.45839691,411.5234375,77.57409668,91.57933807,0.556396056,114.0736008,568.040897,4.979599953,107.5740967,POINT (126000 457000),636.3089195
141000,448000,0,0.501220882,0,15.4586792,-0.139302492,63.79569626,-9.212042041,63422.68359,3.281833649,0,83.10240936,33.182724,434.1796875,71.0917511,85.95275116,0.586573856,99.80950165,593.1579054,5.942900181,101.0917511,POINT (141000 448000),4419.955964
132000,445000,0,0.496257812,0,14.91920567,-0.136914685,62.27904129,-8.86368271,62794.67578,3.328073025,0,80.74212646,33.2525177,411.5234375,74.69126892,89.37710571,0.569390237,109.7160034,577.8851459,5.267099857,104.6912689,POINT (132000 445000),3760.400097
139000,450000,0,0.495705366,0,15.09667015,-0.136364177,63.00725555,-8.977143298,62724.76953,3.346707582,0,81.55139923,32.66622543,400.1953125,70.94487,85.86079407,0.574542942,110.8919983,580.8744863,5.238200188,100.94487,POINT (139000 450000),1705.867332
126000,454000,0,0.487573653,0,15.81905556,-0.139711946,67.00050354,-9.495069423,61695.8125,3.099200487,0,84.74932098,33.88332748,411.5234375,75.09953308,89.29231262,0.557473433,109.2009964,573.1195976,5.248300076,105.0995331,POINT (126000 454000),2493.274584
128000,442000,0,0.483650416,0,13.06742191,-0.122935727,56.08832169,-7.615556987,61199.37891,3.917844057,0,72.1883316,29.70202446,400.1953125,67.36612701,83.26583099,0.596896678,105.2105026,621.5731134,5.907899857,97.36612701,POINT (128000 442000),8143.05916
136000,448000,0,0.481840104,0,12.73506546,-0.119256556,54.84553909,-7.382465165,60970.30859,4.143801212,0,70.61136627,28.2002449,377.5390625,60.73479462,77.3609848,0.614312207,108.3647995,621.0820133,5.731400013,90.73479462,POINT (136000 448000),3334.968282
140000,445000,0,0.481189787,0,11.6297369,-0.112027444,50.2752037,-6.621149377,60888.02344,4.74557972,0,65.04515076,25.68220139,411.5234375,51.42185211,69.53620148,0.686588301,87.15209961,693.0335084,7.952000141,81.42185211,POINT (140000 445000),6793.477321
126000,452000,0,0.479274333,0,15.04997826,-0.133032531,64.85137939,-8.981543172,60645.64844,3.289832592,0,81.36768341,32.31198502,422.8515625,72.30192566,86.88709259,0.569001674,105.4872971,591.4778244,5.60710001,102.3019257,POINT (126000 452000),2680.918271
126000,448000,0,0.478873163,0,16.03923225,-0.140289709,69.11351776,-9.67133704,60594.88281,2.975981951,0,85.69280243,34.52489853,445.5078125,78.81220245,92.52066803,0.552616237,99.77359772,587.3272621,5.886600018,108.8122025,POINT (126000 448000),5571.387836
124000,447000,0,0.466610491,0,13.31604576,-0.119862542,59.0241394,-7.815264513,59043.20703,3.833481073,0,73.37679291,28.9629879,445.5078125,65.43134308,81.15953827,0.60406079,86.30370331,658.5922057,7.631100178,95.43134308,POINT (124000 447000),7582.204547
123000,465000,0,0.46635133,0,13.56707382,-0.12087509,60.11986923,-7.985504966,59010.41797,3.76392293,0,74.65320587,29.10244942,377.5390625,64.63738251,80.28739166,0.579799088,112.9466019,594.178214,5.260700226,94.63738251,POINT (123000 465000),6027.675747
132000,446000,0,0.46545586,0,14.51207352,-0.127562866,64.36106873,-8.644615915,58897.10547,3.370942831,0,79.02227783,31.38120461,388.8671875,72.43621826,87.00223541,0.551958932,111.9338989,560.3075303,5.005700111,102.4362183,POINT (132000 446000),2778.59818
126000,456000,0,0.464600503,0,16.23859024,-0.137540877,71.93992615,-9.831721501,58788.87109,2.920160532,0,86.63265991,33.87657547,411.5234375,76.97697449,90.52638245,0.53801254,112.5924988,549.7216201,4.882400036,106.9769745,POINT (126000 456000),1218.67845
138000,446000,0,0.461996198,0,12.29801559,-0.112172388,55.11621475,-7.121152201,58459.33203,4.319160461,0,68.51322937,26.43980789,388.8671875,56.63510895,73.59151459,0.625033475,94.81780243,631.4107281,6.659200191,86.63510895,POINT (138000 446000),5621.952697
124000,461000,0,0.455268115,0,17.17087173,-0.141872719,77.48190308,-10.49624033,57607.98438,2.667290926,0,90.5940094,35.26860428,422.8515625,80.99256134,93.79414368,0.523628215,107.8703003,534.2600014,4.952799797,110.9925613,POINT (124000 461000),2801.009989
143000,445000,0,0.452549726,0,16.43110657,-0.134469911,74.53540802,-9.978002175,57264.01172,2.900797129,0,87.44190979,32.94804382,456.8359375,74.05019379,87.60860443,0.550550807,87.15750122,556.5616752,6.385700226,104.0501938,POINT (143000 445000),8025.229265
126000,455000,0,0.45201382,0,16.26947403,-0.134987801,73.96644592,-9.878321478,57196.19922,2.874771833,0,86.80251312,33.50247192,411.5234375,77.16429138,90.49523926,0.530386789,110.9648972,543.2064512,4.895299911,107.1642914,POINT (126000 455000),2078.75021
133000,447000,0,0.451935977,0,13.54007626,-0.118403971,61.82105255,-8.00133371,57186.35156,3.683068275,0,74.57275391,28.99678612,377.5390625,66.90920258,82.14256287,0.563209593,112.5306015,570.3388217,5.06829977,96.90920258,POINT (133000 447000),1753.113427
127000,443000,0,0.446894228,0,13.53840637,-0.117849343,62.48801804,-8.013904403,56548.38672,3.635240078,0,74.55471039,29.14275551,400.1953125,68.83049011,83.82952118,0.562130538,102.1174011,592.4647148,5.801799774,98.83049011,POINT (127000 443000),7888.830995
135000,448000,0,0.435199499,0,13.84894848,-0.116369434,65.45793915,-8.245772023,55068.57422,3.536520243,0,76.07581329,28.76151085,377.5390625,67.25624847,82.05853271,0.548130473,110.8699036,554.2830113,4.999400139,97.25624847,POINT (135000 448000),2373.689034
131000,441000,0,0.428713679,0,12.45388031,-0.10842409,59.92060471,-7.311835208,54247.88281,3.959124565,0,69.39820862,27.0316391,388.8671875,66.00617218,81.45583344,0.565513997,103.5273972,575.0015203,5.554100037,96.00617218,POINT (131000 441000),7877.043428
125000,445000,0,0.427823991,0,14.0612154,-0.116603434,67.53874207,-8.410168799,54135.30469,3.407073975,0,77.01792145,29.21723747,434.1796875,70.32135773,84.67036438,0.55220885,91.9720993,596.4666615,6.485300064,100.3213577,POINT (125000 445000),8041.50544
125000,459000,0,0.424824536,0,16.65152168,-0.131631941,80.25901031,-10.19743261,53755.76563,2.693852663,0,88.51100922,33.30146408,411.5234375,79.0296402,91.6540451,0.510058604,110.3770981,520.3617707,4.714399815,109.0296402,POINT (125000 459000),1500.851397
138000,445000,0,0.42096436,0,11.55732918,-0.099951386,56.60070801,-6.702195086,53267.3125,4.538249493,0,64.91842651,23.86008644,388.8671875,52.99629211,70.05754852,0.617121358,90.20149994,623.1660693,6.908599854,82.99629211,POINT (138000 445000),6460.942349
139000,445000,0,0.420823932,0,11.67747688,-0.100303955,57.17746353,-6.782881603,53249.54297,4.499239922,0,65.53327179,23.89333344,388.8671875,52.6470108,69.68292999,0.615939474,88.31410217,621.7842521,7.040599823,82.6470108,POINT (139000 445000),6634.891594
138000,451000,0,0.420025975,0,15.48203564,-0.122690231,75.48829651,-9.397645886,53148.57422,2.991868258,0,83.50243378,30.88272285,388.8671875,73.27275848,86.66311646,0.517463746,116.3778992,523.0604865,4.49450016,103.2727585,POINT (138000 451000),663.6685869
130000,441000,0,0.416814625,0,12.75932407,-0.107758559,62.99245453,-7.546336998,52742.21875,3.783636808,0,70.94812775,27.1938324,377.5390625,67.6437912,82.59670258,0.544515555,105.6526031,557.1061514,5.272999763,97.6437912,POINT (130000 441000),8140.946707
143000,443000,0,0.412540406,0,13.34150887,-0.106884293,66.28459167,-7.932959307,52201.375,3.767028332,0,73.70580292,26.04883766,422.8515625,59.32997131,74.7544632,0.5749168,80.71710205,580.1380441,7.187300205,89.32997131,POINT (143000 443000),9742.425187
123000,462000,0,0.400400758,0,17.16870308,-0.12957181,87.51014709,-10.60309492,50665.26563,2.500798941,0,90.74282074,33.34621048,422.8515625,81.06506348,92.97045135,0.494907234,104.5547028,504.8528304,4.82859993,111.0650635,POINT (123000 462000),4098.025123
129000,441000,0,0.397871941,0,13.01381397,-0.105269782,67.08809662,-7.760113957,50345.28125,3.611319542,0,72.24264526,26.99306107,377.5390625,68.85591888,83.2512207,0.525905235,105.844101,541.6677672,5.117599964,98.85591888,POINT (129000 441000),8514.823157
121000,468000,0,0.395766884,0,10.31663609,-0.089377396,53.74874878,-5.915402542,50078.91406,5.09733963,0,58.55218506,21.34228134,320.8984375,47.95880127,65.79342651,0.610926936,117.6116028,631.6449002,5.370600224,77.95880127,POINT (121000 468000),9627.145242
126000,451000,0,0.395245343,0,15.54643345,-0.118324064,80.32237244,-9.495973761,50012.92188,2.862220049,0,83.83601379,30.48682022,411.5234375,75.48059845,88.2567215,0.504725318,103.7247009,528.0105774,5.090499878,105.4805984,POINT (126000 451000),3242.823085
132000,444000,0,0.388292193,0,15.29786015,-0.116405591,80.45213318,-9.346134414,49133.09375,2.855069876,0,82.77468872,30.42317581,400.1953125,77.48959351,90.07022858,0.494103415,107.4312973,501.2207352,4.665500164,107.4895935,POINT (132000 444000),4749.801041
126000,449000,0,0.381289005,0,16.1303997,-0.119413801,86.2241745,-9.92947325,48246.93359,2.64436841,0,86.4023819,31.28034019,422.8515625,79.1428833,91.18945313,0.490814457,100.830101,519.3254172,5.150499821,109.1428833,POINT (126000 449000),4813.840373
125000,453000,0,0.378103495,0,14.83666515,-0.109788321,79.97437286,-9.039177473,47843.85156,3.024591208,0,80.75038147,28.38207054,400.1953125,71.16464996,84.24663544,0.502946588,100.4297028,522.3248489,5.200900078,101.16465,POINT (125000 453000),3418.851932
136000,447000,0,0.366151392,0,13.40209579,-0.09906628,74.59425354,-8.080417289,46331.47656,3.455864668,0,74.21308899,25.50891113,366.2109375,64.67350006,78.68140411,0.507058432,104.4064026,512.6980999,4.910600185,94.67350006,POINT (136000 447000),3697.412397
126000,444000,0,0.365610152,0,14.14298916,-0.10411261,78.81231689,-8.595351933,46262.99219,3.135260582,0,77.62153625,27.36317253,411.5234375,71.43325806,84.53214264,0.501834756,97.49469757,535.5188978,5.492800236,101.4332581,POINT (126000 444000),7845.320523
137000,446000,0,0.364098638,0,12.77334118,-0.094937846,71.52238464,-7.652995352,46071.73047,3.718597651,0,71.20632935,24.17895508,366.2109375,60.60478973,75.25377655,0.520624126,97.30699921,526.1486949,5.407100201,90.60478973,POINT (137000 446000),5070.238381
122000,469000,0,0.358553618,0,10.12205505,-0.081144743,57.86414719,-5.863320767,45370.08203,5.071601391,0,57.65781021,19.76916313,298.2421875,46.56127167,63.98538971,0.572643819,125.0505981,595.0782681,4.758699894,76.56127167,POINT (122000 469000),9854.134735
128000,441000,0,0.351458222,0,13.21736908,-0.096698299,76.58786011,-7.995543701,44472.25781,3.345696688,0,73.37091827,25.75218582,377.5390625,69.85279083,83.19147491,0.490852101,103.8741989,509.0770497,4.900899887,99.85279083,POINT (128000 441000),8984.954843
126000,450000,0,0.348718405,0,16.00975227,-0.111310415,93.18282318,-9.910321685,44125.57031,2.55956459,0,85.99165344,29.84243774,411.5234375,78.26161194,89.80080414,0.471471173,102.1537018,496.1809752,4.857200146,108.2616119,POINT (126000 450000),3980.512573
130000,451000,0,0.346003383,0,15.93211842,-0.110260494,93.43082428,-9.862478941,43782.01953,2.566815376,0,85.71054077,29.61097336,366.2109375,77.67823029,89.21206665,0.457930915,121.7547989,466.9905314,3.835500002,107.6782303,POINT (130000 451000),577.4738769
129000,451000,0,0.345217496,0,16.37800217,-0.112900518,96.2399292,-10.1713926,43682.57813,2.456813335,0,87.6163559,30.38564301,377.5390625,79.59063721,90.82555389,0.456930397,118.8508987,468.070482,3.938299894,109.5906372,POINT (129000 451000),1368.226716
132000,441000,0,0.343975753,0,12.0695591,-0.088897571,71.49091339,-7.226332996,43525.44922,3.786243439,0,67.80893707,23.46067047,366.2109375,64.0632019,78.31606293,0.504208518,99.8730011,509.6618942,5.103099823,94.0632019,POINT (132000 441000),7734.378646
134000,448000,0,0.341551244,0,14.85178185,-0.102683775,88.22516632,-9.128125398,43218.66406,2.840694427,0,80.96767426,27.51971054,366.2109375,73.06626892,85.26165771,0.466284573,113.2593994,471.8046755,4.165699959,103.0662689,POINT (134000 448000),1465.191394
124000,460000,0,0.341133296,0,16.92818642,-0.114802517,100.5594101,-10.5544818,43165.77734,2.342994213,0,89.93170166,30.87319756,400.1953125,80.34918213,91.29256439,0.45884244,105.805603,467.8723693,4.421999931,110.3491821,POINT (124000 460000),2498.253185
141000,444000,0,0.33816275,0,12.17982388,-0.085625194,73.15658569,-7.29665183,42789.89453,3.949304104,0,68.35044098,21.71611404,388.8671875,54.2182312,69.30670166,0.5307895,82.50479889,535.4479036,6.489900112,84.2182312,POINT (141000 444000),8030.384949
124000,448000,0,0.334916741,0,13.62731838,-0.093975589,82.54135895,-8.300452281,42379.15625,3.223051071,0,75.32301331,24.99651146,411.5234375,67.01391602,80.10723114,0.493133636,86.87860107,535.4328277,6.163000107,97.01391602,POINT (124000 448000),6794.206871
127000,442000,0,0.333113223,0,13.78087521,-0.095610909,83.95598602,-8.41674975,42150.94531,3.089685678,0,76.07400513,25.88316536,388.8671875,71.29096222,83.89390564,0.47618616,101.257103,500.037965,4.938300133,101.2909622,POINT (127000 442000),8690.492958
133000,446000,0,0.329857439,0,13.96772289,-0.095332749,85.84426117,-8.547286166,41738.97266,3.050615311,0,76.97755432,25.71302032,366.2109375,69.94166565,82.50289917,0.468638987,109.8252029,474.3789633,4.319399834,99.94166565,POINT (133000 446000),2737.408944
122000,463000,0,0.329238355,0,16.23608971,-0.10770306,99.79495239,-10.10046926,41660.63281,2.455729485,0,87.03440857,29.18762016,400.1953125,77.42929077,88.56895447,0.458068501,102.0998993,467.1784894,4.575699806,107.4292908,POINT (122000 463000),5450.85538
131000,449000,0,0.316208541,0,16.80135345,-0.109685935,107.4194183,-10.52442377,40011.88672,2.230360985,0,89.49352264,30.40254402,377.5390625,82.68200684,92.98892975,0.4365573,118.6508026,444.2879211,3.744499922,112.6820068,POINT (131000 449000),831.7683578
122000,464000,0,0.314933717,0,15.21827126,-0.098418973,97.63607025,-9.429338849,39850.57422,2.654275894,0,82.67047882,26.88682556,377.5390625,73.06406403,84.58226013,0.452475638,105.2205963,462.1814613,4.392499924,103.064064,POINT (122000 464000),6018.708004
125000,454000,0,0.309717506,0,15.82597065,-0.100832723,103.1526718,-9.856898261,39190.53516,2.475542784,0,85.33678436,27.7477684,388.8671875,75.6101532,86.61303711,0.447303067,102.1977005,461.4226041,4.514999866,105.6101532,POINT (125000 454000),3429.323882
131000,450000,0,0.304946154,0,16.60577202,-0.105759829,109.9263306,-10.41075679,38586.78516,2.231021166,0,88.71220398,29.56807327,366.2109375,81.481987,91.69197845,0.429247063,120.9356003,436.4928498,3.609299898,111.481987,POINT (131000 450000),352.0686359
140000,447000,0,0.298989743,0,16.84795761,-0.103387125,113.5046692,-10.57293173,37833.08203,2.241717339,0,89.71713257,28.51185608,400.1953125,76.83596802,87.20171356,0.440856219,96.24220276,445.399302,4.627900124,106.835968,POINT (140000 447000),4868.113895
126000,443000,0,0.296131998,0,14.32491875,-0.090531997,97.60545349,-8.863305383,37471.47656,2.757854462,0,78.7016449,25.40656662,388.8671875,73.1161499,84.55198669,0.446905515,96.87940216,475.5325644,4.908500195,103.1161499,POINT (126000 443000),8543.131886
125000,458000,0,0.29562217,0,16.93053436,-0.104697652,115.4115372,-10.6464393,37406.96484,2.157364845,0,90.08427429,29.31216812,388.8671875,80.60847473,90.59551239,0.4314786,108.8044968,440.0597735,4.044499874,110.6084747,POINT (125000 458000),1788.006653
140000,448000,0,0.292809725,0,16.08716011,-0.097704142,110.601326,-10.06394861,37051.08594,2.376105309,0,86.51486969,27.11161613,388.8671875,74.35184479,84.99780273,0.438847635,100.7951965,443.5492443,4.400499821,104.3518448,POINT (140000 448000),3933.127232
124000,446000,0,0.288665354,0,13.26237774,-0.082520962,92.61844635,-8.147998449,36526.67578,3.112759352,0,73.7644043,22.92901421,400.1953125,66.2857132,78.5705719,0.460780821,85.90969849,503.3105715,5.85860014,96.2857132,POINT (124000 446000),8382.806896
135000,446000,0,0.287524909,0,13.23069954,-0.081922434,92.7374115,-8.127492918,36382.36328,3.132009268,0,73.68186951,22.69758034,343.5546875,65.10707092,77.46174622,0.444554015,103.6203003,449.4530624,4.337500095,95.10707092,POINT (135000 446000),3568.205377
134000,446000,0,0.285483003,0,13.59937382,-0.083688661,95.96923065,-8.384988998,36123.98828,2.972486973,0,75.41671753,23.41899872,354.8828125,67.73343658,79.64572906,0.441283527,106.9245987,446.2818891,4.173799992,97.73343658,POINT (134000 446000),3040.472957
133000,441000,0,0.28053841,0,11.40019989,-0.072460212,82.02268219,-6.903047454,35498.32031,3.790776968,0,64.66690826,20.03404236,343.5546875,59.98929596,73.55165863,0.461988849,95.10019684,465.0114264,4.889699936,89.98929596,POINT (133000 441000),7719.676996
125000,457000,0,0.277669698,0,16.69156837,-0.099098489,120.8593674,-10.5167155,35135.32422,2.131185532,0,89.14325714,28.20583344,377.5390625,79.50048065,89.23791504,0.420064911,107.2286987,428.550208,3.996599913,109.5004807,POINT (125000 457000),1625.129314
130000,450000,0,0.276353806,0,16.73911858,-0.10015022,121.8332672,-10.55882669,34968.8125,2.080336571,0,89.35799408,28.77085304,366.2109375,82.00241852,91.51465607,0.413743223,119.4260025,422.4456118,3.53730011,112.0024185,POINT (130000 450000),1242.011187
141000,446000,0,0.273667514,0,16.91619492,-0.097823031,124.0974579,-10.66788706,34628.89844,2.125911951,0,90.06501007,27.59117699,411.5234375,76.59174347,86.39506531,0.429998453,90.9536972,434.3857522,4.775899887,106.5917435,POINT (141000 446000),6166.710418
123000,461000,0,0.273398489,0,17.35559845,-0.10223446,127.575119,-10.98223571,34594.85938,1.981238365,0,91.90503693,29.21927834,400.1953125,82.17678833,91.45587921,0.420642729,102.0167999,428.7460191,4.202700138,112.1767883,POINT (123000 461000),3748.96882
125000,456000,0,0.272910535,0,16.50813103,-0.096840978,121.534935,-10.39945107,34533.11328,2.150744915,0,88.38167572,27.67666054,377.5390625,78.61791229,88.36354065,0.418621878,105.6121979,427.9512062,4.052100182,108.6179123,POINT (125000 456000),1971.469473
125000,448000,0,0.272105336,0,15.89246845,-0.093789555,117.3873596,-9.983191974,34431.22656,2.253368855,0,85.7133255,27.00205421,411.5234375,78.36995697,88.31446075,0.428140311,93.54669952,459.7726572,4.914899826,108.369957,POINT (125000 448000),6191.23917
139000,449000,0,0.270976186,0,16.18261147,-0.093958892,119.9212494,-10.17634864,34288.34766,2.231773376,0,87.01123047,26.77776146,366.2109375,76.03798676,86.02096558,0.417557057,106.6003036,422.0732357,3.959399939,106.0379868,POINT (139000 449000),2671.282797
137000,451000,0,0.270875573,0,17.98070908,-0.105995491,133.406601,-11.42056101,34275.61719,1.84871161,0,94.49273682,30.39724541,377.5390625,85.08068848,93.94111633,0.410653921,117.8318024,414.8857654,3.520999908,115.0806885,POINT (137000 451000),828.4148689
132000,449000,0,0.263558835,0,16.74482155,-0.0975146,127.6005402,-10.58927242,33349.78516,2.01405549,0,89.41914368,28.42715263,366.2109375,82.54280853,91.72583008,0.406551834,118.7828979,412.4498628,3.472300053,112.5428085,POINT (132000 449000),135.519554
140000,444000,0,0.258429915,0,12.24430561,-0.069661245,95.03714752,-7.508111372,32700.79102,3.481061697,0,68.98461151,19.19930077,354.8828125,55.46825409,68.51428986,0.447930788,82.77680206,451.8619938,5.458799839,85.46825409,POINT (140000 444000),7770.109066
124000,445000,0,0.258208603,0,13.73986912,-0.078727603,106.7774353,-8.53736906,32672.78711,2.770842075,0,76.11057281,22.78255653,400.1953125,69.18058777,80.26395416,0.432970446,85.56919861,472.778399,5.525100231,99.18058777,POINT (124000 445000),8879.215561
122000,462000,0,0.254301399,0,17.11381721,-0.096377932,134.9164124,-10.85294131,32178.38086,1.94077158,0,90.95714569,28.09707832,400.1953125,81.25836945,90.22459412,0.411598605,99.12609863,419.442175,4.231400013,111.2583694,POINT (122000 462000),5019.840905
142000,443000,0,0.25157854,0,13.17949581,-0.072338074,104.8837051,-8.155385218,31833.84375,3.079487801,0,73.51880646,20.30647659,377.5390625,59.27270508,71.32561493,0.437506791,79.395401,441.1684927,5.556600094,89.27270508,POINT (142000 443000),9317.632153
136000,446000,0,0.251375377,0,13.44817924,-0.075134262,107.2074814,-8.348368891,31808.13281,2.870366812,0,74.82883453,21.65154457,343.5546875,65.43343353,76.76198578,0.417860434,100.3087006,422.3798935,4.210800171,95.43343353,POINT (136000 446000),4268.454454
131000,440000,0,0.250877857,0,12.95375347,-0.074647978,103.6417236,-8.026217532,31745.17773,2.893650293,0,72.46729279,22.10324287,354.8828125,70.54682159,81.62980652,0.416458724,100.9354019,422.5862338,4.186699867,100.5468216,POINT (131000 440000),8858.206037
139000,444000,0,0.249753818,0,12.81210613,-0.07070154,102.7335892,-7.912767767,31602.94727,3.170027494,0,71.77606201,19.95158005,366.2109375,59.18968964,71.35580444,0.435012886,83.78720093,438.919262,5.238500118,89.18968964,POINT (139000 444000),7631.329998
127000,441000,0,0.248193696,0,13.65883541,-0.077255771,110.3543854,-8.509544581,31405.53516,2.672525167,0,75.80321503,22.92667198,366.2109375,72.13562775,82.73188782,0.413560657,99.88729858,432.0525089,4.325399876,102.1356277,POINT (127000 441000),9528.345168
125000,444000,0,0.246074811,0,14.53567219,-0.080705397,118.334259,-9.107773152,31137.41992,2.445183039,0,79.81654358,23.9047184,388.8671875,73.67621613,83.78033447,0.414203902,91.51300049,446.6291842,4.88049984,103.6762161,POINT (125000 444000),8617.161394
135000,447000,0,0.240759119,0,14.32723045,-0.077755086,119.0722275,-8.971729062,30464.79102,2.50926137,0,78.93380737,22.96182442,343.5546875,70.4631958,80.73617554,0.402346525,107.3087006,406.903853,3.79189992,100.4631958,POINT (135000 447000),2860.637101
125000,452000,0,0.235666618,0,15.04795647,-0.080292188,127.6546936,-9.472978433,29820.4043,2.296257973,0,82.16931915,23.88125992,366.2109375,73.05309296,82.74835968,0.401469034,98.69360352,419.9906139,4.25549984,103.053093,POINT (125000 452000),3607.925626
133000,445000,0,0.234154239,0,14.33531094,-0.077039354,122.4388733,-8.994928797,29629.0332,2.432294846,0,78.99137115,23.12307739,343.5546875,72.53788757,82.467453,0.39589597,107.0574036,400.50174,3.740999937,102.5378876,POINT (133000 445000),3730.068198
134000,447000,0,0.233370215,0,14.57053947,-0.077731326,124.81987,-9.15464856,29529.82422,2.383140087,0,80.06049347,23.27183151,343.5546875,72.33776855,82.17553711,0.39541621,110.134697,400.0973384,3.632800102,102.3377686,POINT (134000 447000),2166.940426
123000,446000,0,0.230196372,0,12.46116638,-0.066201575,108.1989059,-7.722969876,29128.21875,3.078487158,0,70.10725403,19.49224091,388.8671875,62.32343292,73.80172729,0.424096182,79.30310059,468.4592646,5.90719986,92.32343292,POINT (123000 446000),8980.434796
130000,440000,0,0.2298664,0,13.56538963,-0.073498756,118.0731277,-8.487356123,29086.46484,2.552120686,0,75.44908905,22.49507141,343.5546875,73.79342651,83.79898071,0.393317786,103.3009033,401.344672,3.885200024,103.7934265,POINT (130000 440000),9093.679911
126000,442000,0,0.228836253,0,14.30981827,-0.076241329,125.0070343,-8.991423126,28956.11328,2.382096767,0,78.85700226,23.17948914,377.5390625,74.13105011,83.81669617,0.400552416,95.90899658,424.3589582,4.424600124,104.1310501,POINT (126000 442000),9294.554392
133000,448000,0,0.225707293,0,15.79965973,-0.083215371,139.8548584,-10.0134329,28560.18555,2.025141478,0,85.51766968,25.30021858,343.5546875,78.36582184,87.16486359,0.383996506,115.2164001,388.9360016,3.375699997,108.3658218,POINT (133000 448000),808.3351102
121000,463000,0,0.224729493,0,16.0535183,-0.083403654,142.6239166,-10.18265803,28436.46094,2.00448966,0,86.58346558,25.16575241,377.5390625,77.03006744,85.83774567,0.393457834,97.1085968,400.8739905,4.128099918,107.0300674,POINT (121000 463000),6333.783796
129000,440000,0,0.223223105,0,13.66692924,-0.072560683,122.3715515,-8.569879665,28245.8457,2.482000828,0,75.93357849,22.40847397,354.8828125,74.11328125,83.8702774,0.392217013,103.6679001,402.480259,3.882400036,104.1132813,POINT (129000 440000),9429.857605
128000,440000,0,0.221913695,0,13.47796726,-0.071180999,121.359726,-8.44289655,28080.1582,2.538431168,0,75.06460571,21.96297836,343.5546875,72.89048004,82.77737427,0.389436205,101.7633972,401.8534777,3.948899984,102.89048,POINT (128000 440000),9856.440258
117000,460000,0,0.219882652,0,14.22251511,-0.072095066,128.9881287,-8.938688926,27823.1582,2.446320295,0,78.44812775,21.72139549,411.5234375,68.85613251,78.76348877,0.407952762,69.87270355,416.9164624,5.966800213,98.85613251,POINT (117000 460000),9451.35691
132000,443000,0,0.216799244,0,15.73237801,-0.081953481,144.9024353,-9.992099836,27432.99414,1.948456168,0,85.2314682,25.45106697,366.2109375,81.14686584,89.55662537,0.382740873,105.0414963,387.9392658,3.693200111,111.1468658,POINT (132000 443000),5742.8748
125000,443000,0,0.21146068,0,14.58856392,-0.073670797,137.5525208,-9.21505366,26757.4707,2.214804649,0,80.16349792,22.87708092,388.8671875,74.60281372,83.67805481,0.391763617,90.82620239,421.024857,4.635499954,104.6028137,POINT (125000 443000),9257.604814
141000,443000,0,0.206268936,0,13.03215408,-0.062161893,125.6368713,-8.14909558,26100.5293,2.828576565,0,72.97787476,18.53128052,366.2109375,59.05886841,69.87960815,0.399699029,78.63870239,402.8817954,5.12319994,89.05886841,POINT (141000 443000),8984.148994
118000,460000,0,0.204880759,0,14.57397842,-0.0705266,141.5457764,-9.207830391,25924.87305,2.258124828,0,80.09268951,21.70622826,411.5234375,70.0450058,79.29412079,0.396436174,73.36489868,404.5267004,5.513899803,100.0450058,POINT (118000 460000),8453.318483
133000,444000,0,0.202542484,0,14.84636402,-0.073165528,145.9787598,-9.409497578,25628.99609,2.090876579,0,81.38412476,23.02219963,354.8828125,75.65085602,84.29715729,0.376517834,104.1941986,380.5901438,3.652699947,105.650856,POINT (133000 444000),4725.823717
122000,465000,0,0.199283361,0,14.44264317,-0.068976641,144.1236267,-9.131782133,25216.59766,2.238213301,0,79.59912109,21.45716858,332.2265625,69.91967773,79.01712036,0.373038194,108.5554962,381.8982235,3.517999887,99.91967773,POINT (122000 465000),6688.637209
124000,459000,0,0.19844234,0,17.07837296,-0.083602622,171.3414459,-10.93854343,25110.17773,1.657300472,0,90.99181366,26.06864738,377.5390625,81.43092346,88.96887207,0.376265924,103.8447037,383.4361816,3.692399979,111.4309235,POINT (124000 459000),2474.289592
139000,448000,0,0.195175633,0,17.33117676,-0.083495468,176.6581726,-11.11300274,24696.82031,1.620910048,0,92.04864502,25.96556473,377.5390625,80.5066452,87.95077515,0.375268199,102.1473999,379.2120033,3.71239996,110.5066452,POINT (139000 448000),3654.919094
138000,450000,0,0.193474367,0,16.81816864,-0.080847017,172.91922,-10.76899006,24481.54883,1.677132845,0,89.94041443,25.38159943,354.8828125,80.06752777,87.60667419,0.36866052,112.3877029,372.6101774,3.315399885,110.0675278,POINT (138000 450000),1641.486891
132000,440000,0,0.193037286,0,12.76425171,-0.061421551,131.5413208,-8.015753892,24426.24219,2.573474884,0,71.77114868,19.67010307,332.2265625,69.48023224,79.05004883,0.371807073,97.01940155,375.1837278,3.8671,99.48023224,POINT (132000 440000),8731.587145
137000,441000,0,0.187209785,0,8.948897362,-0.043441977,95.13134003,-5.444991928,23688.85156,4.781683445,0,51.69412231,12.44793606,309.5703125,42.17607117,56.54333878,0.422086586,75.7335968,424.9336326,5.610899925,72.17607117,POINT (137000 441000),8857.287519
125000,449000,0,0.185005337,0,15.96973705,-0.0747668,171.5084534,-10.20842478,23409.9082,1.761684179,0,86.32974243,23.96100235,388.8671875,78.65499878,86.27182007,0.372672479,94.47250366,398.154362,4.21449995,108.6549988,POINT (125000 449000),5385.430686
131000,439000,0,0.182071224,0,13.42750168,-0.062867515,146.5300903,-8.492761311,23038.63672,2.246937513,0,74.95658112,20.72708893,343.5546875,74.35310364,82.94988251,0.362713251,97.83830261,367.3045539,3.754199982,104.3531036,POINT (131000 439000),9843.160836
125000,455000,0,0.181381539,0,16.98936653,-0.07912977,186.0614929,-10.91029939,22951.36523,1.575864315,0,90.68065643,25.25638771,366.2109375,80.97173309,88.07933044,0.364428867,103.9348984,373.9265963,3.597700119,110.9717331,POINT (125000 455000),2631.3945
121000,464000,0,0.180539563,0,15.211833,-0.068959065,167.1740875,-9.694659712,22844.82617,1.917742491,0,83.07429504,22.13056946,354.8828125,73.6502533,81.66664886,0.364449461,100.4998016,371.8492708,3.700000048,103.6502533,POINT (121000 464000),6828.604458
125000,442000,0,0.180207834,0,14.46414852,-0.066473335,159.3443298,-9.194785992,22802.84961,2.023576736,0,79.71074677,21.69026375,377.5390625,74.96639252,83.12014008,0.36912635,89.72239685,394.7875391,4.400100231,104.9663925,POINT (125000 442000),9956.903029
121000,462000,0,0.179301888,0,16.82142067,-0.077575654,186.2778168,-10.79845824,22688.21484,1.594752312,0,89.97427368,24.83930779,377.5390625,80.22686005,87.36594391,0.365988668,93.87809753,372.5833999,3.968800068,110.22686,POINT (121000 462000),5963.224608
134000,441000,0,0.176717117,0,10.97903061,-0.049300566,123.2164078,-6.835451433,22361.14648,3.258357525,0,62.89641953,15.59108639,309.5703125,57.13505554,68.08216095,0.370494294,89.69550323,372.0569262,4.147999763,87.13505554,POINT (134000 441000),7833.658966
124000,444000,0,0.176184267,0,14.48829746,-0.065162733,163.1034088,-9.215760514,22293.7207,2.015206814,0,79.82038879,21.27470398,388.8671875,73.51687622,81.63959503,0.370257155,85.11289978,403.4181204,4.739799976,103.5168762,POINT (124000 444000),9429.36742
137000,445000,0,0.174895465,0,13.53622437,-0.058956936,153.3010101,-8.562626522,22130.64063,2.336545229,0,75.49015045,18.91533852,343.5546875,65.28587341,74.30453491,0.364000374,92.83370209,367.7142908,3.960999966,95.28587341,POINT (137000 445000),5679.450874
125000,451000,0,0.173620209,0,15.46812725,-0.069118515,176.6566162,-9.885577762,21969.27539,1.801564217,0,84.21002197,22.49289131,366.2109375,75.67111206,83.26649475,0.361997488,97.07450104,381.5319112,3.930299997,105.6711121,POINT (125000 451000),4042.982328
138000,441000,0,0.171771079,0,9.110367775,-0.040806957,105.1774445,-5.585516026,21735.29297,4.532608986,0,52.68924713,12.01492596,309.5703125,42.20178223,55.86611938,0.400230849,72.85630035,402.7277676,5.527699947,72.20178223,POINT (138000 441000),9377.587963
120000,463000,0,0.170575261,0,15.66251087,-0.069118313,181.9737549,-10.02207014,21583.97852,1.754767895,0,85.06656647,22.51704407,366.2109375,75.57894135,83.03592682,0.359949502,92.32409668,366.3235418,3.967799902,105.5789413,POINT (120000 463000),7247.193248
124000,458000,0,0.16712971,0,16.88310051,-0.075262107,200.2844238,-10.86515947,21147.99023,1.506331921,0,90.27809143,24.54698563,366.2109375,80.61286926,87.34788513,0.356844558,101.9719009,363.5706039,3.565399885,110.6128693,POINT (124000 458000),2728.897576
143000,444000,0,0.164389089,0,16.92306328,-0.072988771,203.8244476,-10.88581061,20801.20313,1.5368191,0,90.42055511,23.58924675,400.1953125,76.75174713,83.63418579,0.364805008,83.74770355,368.4899036,4.400000095,106.7517471,POINT (143000 444000),8869.976469
139000,441000,0,0.156650141,0,12.00394917,-0.048000235,151.2664948,-7.560476435,19821.94336,2.746778965,0,68.15309906,15.59251118,343.5546875,57.00680542,66.73651886,0.357613574,71.35900116,359.6636543,5.040200233,87.00680542,POINT (139000 441000),9971.297298
134000,445000,0,0.154916406,0,13.94805622,-0.057672583,177.9629364,-8.889760688,19602.5625,1.994885564,0,77.48953247,19.48752785,320.8984375,70.42934418,78.2052002,0.341026913,103.6131973,344.5760396,3.325599909,100.4293442,POINT (134000 445000),3960.581857
119000,463000,0,0.154187396,0,15.13664436,-0.062671341,194.0514984,-9.695438987,19510.31836,1.746753812,0,82.81147766,21.01315498,366.2109375,73.45094299,80.65763855,0.350701792,87.83460236,356.4767172,4.058499813,103.450943,POINT (119000 463000),8180.880318
124000,457000,0,0.153056473,0,16.50452995,-0.069760658,213.3267212,-10.63225412,19367.21289,1.480945945,0,88.7272644,23.29692841,366.2109375,78.83158875,85.31906128,0.349527279,100.1604996,356.5513373,3.55979991,108.8315887,POINT (124000 457000),2621.343859
125000,450000,0,0.152854204,0,15.90134048,-0.06705223,205.7826691,-10.22423531,19341.61914,1.563511491,0,86.15301514,22.59480095,366.2109375,78.11233521,84.78143311,0.34882104,95.65219879,370.2983555,3.871299982,108.1123352,POINT (125000 450000),4655.564938
123000,445000,0,0.151465595,0,13.72689438,-0.055674054,178.99646,-8.745221615,19165.91016,2.034740686,0,76.41904449,18.89997673,377.5390625,69.28781891,77.11862183,0.353464535,79.05770111,390.0944103,4.934299946,99.28781891,POINT (123000 445000),9740.228333
136000,441000,0,0.151325479,0,9.490712166,-0.038322981,123.8507843,-5.886095844,19148.18164,3.947951555,0,54.94716263,12.09343529,298.2421875,46.53554535,58.52369308,0.363147861,79.501297,365.0461115,4.591700077,76.53554535,POINT (136000 441000),8420.915185
142000,445000,0,0.149996996,0,16.9175148,-0.069682911,222.8957062,-10.91009939,18980.08008,1.441894531,0,90.44998169,23.05147743,388.8671875,76.75630188,83.18174744,0.35397454,86.67459869,357.5500367,4.125199795,106.7563019,POINT (142000 445000),7507.064737
122000,461000,0,0.144821495,0,17.49868202,-0.07366243,238.9984589,-11.33038839,18325.18945,1.27328968,0,92.8809967,24.76651764,377.5390625,83.00968933,88.80657196,0.347409357,96.26399994,353.7413227,3.674700022,113.0096893,POINT (122000 461000),4700.705372
120000,462000,0,0.144769609,0,16.24804306,-0.06640932,221.737854,-10.47261513,18318.625,1.467631936,0,87.65194702,22.52444458,377.5390625,77.86490631,84.2048111,0.347108666,88.91999817,352.9679385,3.969500065,107.8649063,POINT (120000 462000),6911.091567
123000,447000,0,0.142546996,0,12.50761318,-0.047862448,172.9226685,-7.934486057,18037.38281,2.351795197,0,70.67027283,16.34732819,354.8828125,62.30540466,70.77613831,0.345825137,79.5809021,381.4949187,4.793799877,92.30540466,POINT (123000 447000),8204.854072
123000,460000,0,0.142497197,0,17.38323021,-0.072519183,241.2073364,-11.25607981,18031.08203,1.272366166,0,92.42332458,24.50868416,366.2109375,82.66540527,88.42677307,0.343466344,99.59220123,349.7976898,3.512300014,112.6654053,POINT (123000 460000),3480.060782
133000,440000,0,0.14172323,0,12.4095993,-0.048709944,172.7273865,-7.879177958,17933.14648,2.263819695,0,70.23101044,17.07476807,320.8984375,67.12626648,75.20146942,0.334424829,91.9803009,336.0040499,3.653000116,97.12626648,POINT (133000 440000),8718.567196
119000,462000,0,0.14143014,0,15.63477421,-0.062321305,218.1959229,-10.05989447,17896.06055,1.553477883,0,85.02227783,21.33257103,377.5390625,75.34307098,81.86646271,0.345138807,84.34819794,350.6439106,4.157100201,105.343071,POINT (119000 462000),7862.873338
122000,466000,0,0.140592754,0,13.11014462,-0.049839359,183.7282715,-8.344736788,17790.09961,2.154129267,0,73.63513947,17.08316231,298.2421875,63.8032608,71.81495667,0.328453087,112.1828995,337.2554476,3.006299973,93.8032608,POINT (122000 466000),7433.094199
136000,445000,0,0.138806537,0,13.59889507,-0.051843032,193.0499115,-8.680777955,17564.07813,1.984909534,0,75.92193604,17.92102432,320.8984375,66.86608887,74.42402649,0.331442341,96.11029816,334.8578997,3.484100103,96.86608887,POINT (136000 445000),4976.801022
119000,459000,0,0.135412872,0,14.76050282,-0.056044351,214.7599182,-9.472925193,17134.65625,1.700855374,0,81.18428802,19.38098526,377.5390625,70.5267868,77.3733902,0.341608649,74.2405014,348.9006767,4.69960022,100.5267868,POINT (119000 459000),7447.810371
118000,462000,0,0.134823084,0,15.313241,-0.059208971,223.9256744,-9.85386021,17060.02734,1.561007142,0,83.63717651,20.56466866,377.5390625,74.19503784,80.63755798,0.340918857,80.25289917,346.2511218,4.314499855,104.1950378,POINT (118000 462000),8814.585263
121000,465000,0,0.133417159,0,14.01134682,-0.052523371,206.8138428,-8.971117956,16882.12695,1.831983447,0,77.85934448,18.35318375,309.5703125,68.3724823,75.47704315,0.324351064,104.1516037,331.6812091,3.184600115,98.3724823,POINT (121000 465000),7425.823895
135000,445000,0,0.129255846,0,13.67411709,-0.050474826,208.2198029,-8.753393869,16355.56934,1.854452014,0,76.30313873,17.90139008,320.8984375,68.3338089,75.38408661,0.324713976,99.81749725,328.0601977,3.286600113,98.3338089,POINT (135000 445000),4391.006104
118000,459000,0,0.128737479,0,14.50979424,-0.053426139,221.8150482,-9.316247862,16289.97656,1.694113612,0,80.06557465,18.76427841,388.8671875,69.76555634,76.48201752,0.339700425,69.93789673,347.6263152,4.970499992,99.76555634,POINT (118000 459000),8446.267424
120000,464000,0,0.126348451,0,14.92649651,-0.055484388,232.5779877,-9.607963872,15987.67773,1.561121941,0,81.98673248,19.65841675,343.5546875,72.6960907,79.00177002,0.328101522,95.90509796,334.3539422,3.486299992,102.6960907,POINT (120000 464000),7683.41276
134000,442000,0,0.120156474,0,13.55139542,-0.048756547,221.7795105,-8.693813816,15204.16699,1.751129508,0,75.76021576,17.85040855,320.8984375,70.58428192,77.16000366,0.317536528,93.18789673,319.4853888,3.42840004,100.5842819,POINT (134000 442000),6851.730567
118000,463000,0,0.119819045,0,14.97257137,-0.054218136,245.7830353,-9.652006849,15161.46973,1.496103287,0,82.18952942,19.47311783,366.2109375,72.97729492,79.01493073,0.328956019,83.73210144,333.9654965,3.988500118,102.9772949,POINT (118000 463000),9125.343662
133000,443000,0,0.119815946,0,15.23563766,-0.057367768,250.4534149,-9.84293849,15161.07715,1.382757545,0,83.38482666,20.89399147,332.2265625,78.71166992,84.35565186,0.320317114,101.2306976,323.4219595,3.194900036,108.7116699,POINT (133000 443000),5723.05957
132000,439000,0,0.119388215,0,13.43017864,-0.049293771,221.3637085,-8.621266976,15106.9541,1.70685029,0,75.18389893,18.38036728,332.2265625,74.23893738,80.59165955,0.319281775,93.89250183,321.6944816,3.426199913,104.2389374,POINT (132000 439000),9729.368691
117000,459000,0,0.117007315,0,14.34923267,-0.050222177,240.930954,-9.231544719,14805.68359,1.613142252,0,79.37509918,18.14629745,388.8671875,69.59700012,75.90578461,0.331349408,66.37090302,339.7061903,5.118299961,99.59700012,POINT (117000 459000),9445.050951
135000,441000,0,0.115702704,0,10.30385494,-0.034111548,174.6398621,-6.508152747,14640.60352,2.942005634,0,59.56723404,12.16311741,286.9140625,52.43402863,61.58449936,0.313271074,84.28859711,314.4976118,3.73119998,82.43402863,POINT (135000 441000),8070.874344
119000,464000,0,0.110335775,0,14.56302452,-0.050118025,259.1601563,-9.392347795,13961.49121,1.488071322,0,80.4201355,18.43333817,332.2265625,71.16676331,77.02947998,0.314511582,91.5196991,320.0809998,3.497400045,101.1667633,POINT (119000 464000),8569.703872
123000,448000,0,0.099694312,0,12.83486462,-0.0400091,251.9999542,-8.242612641,12614.95898,1.780077815,0,72.40958405,15.21970749,343.5546875,63.65756226,70.02654266,0.308710636,80.05860138,339.0561661,4.235099792,93.65756226,POINT (123000 448000),7482.716856
122000,446000,0,0.099189766,0,12.83929539,-0.040102378,253.3843384,-8.247811169,12551.11523,1.760609508,0,72.40756226,15.32691383,366.2109375,64.46000671,70.75424957,0.313364895,72.87729645,349.8547531,4.800600052,94.46000671,POINT (122000 446000),9616.548948
120000,465000,0,0.092822291,0,13.74617863,-0.042427778,289.7882996,-8.872807653,11745.39844,1.475019574,0,76.77508545,16.39896584,298.2421875,67.41288757,72.93659973,0.293331928,99.80770111,299.5628335,3.001399994,97.41288757,POINT (120000 465000),8218.750107
124000,455000,0,0.092167467,0,16.44278145,-0.055438235,350.0574646,-10.70802035,11662.53906,1.021650553,0,88.6641922,20.8549881,343.5546875,78.57730103,82.93737793,0.309319624,96.625,318.0991579,3.292099953,108.577301,POINT (124000 455000),3368.572018
119000,460000,0,0.091314115,0,15.9000597,-0.052116621,341.3587646,-10.33750238,11554.55957,1.093211412,0,86.3194046,19.75912094,377.5390625,76.00178528,80.55042267,0.314607452,77.54920197,320.4720904,4.132500172,106.0017853,POINT (119000 460000),7455.805745
134000,440000,0,0.088794485,0,12.04562664,-0.035647083,265.1321411,-7.739811814,11235.73438,1.779165745,0,68.64080048,14.3080349,298.2421875,64.37792206,70.40027618,0.288726883,86.33499908,289.3344825,3.351300001,94.37792206,POINT (134000 440000),8819.649303
123000,459000,0,0.086318143,0,17.33051491,-0.059173092,394.1210022,-11.32789896,10922.38672,0.866650343,0,92.3758316,22.28000832,354.8828125,82.57061005,86.40667725,0.310901836,97.292099,316.4717384,3.252799988,112.57061,POINT (123000 459000),3462.898071
121000,461000,0,0.084601462,0,17.28625107,-0.058359787,400.9437561,-11.299815,10705.16309,0.859978557,0,92.18836212,22.05875969,366.2109375,82.14054871,85.93683624,0.312172938,90.75260162,317.5070526,3.498600006,112.1405487,POINT (121000 461000),5654.121609
123000,458000,0,0.082649179,0,16.98003387,-0.056256656,402.9004822,-11.0943105,10458.12891,0.874314725,0,90.93562317,21.47228241,354.8828125,80.99183655,84.79725647,0.30794126,95.12030029,313.649678,3.297399998,110.9918365,POINT (123000 458000),3699.713043
124000,453000,0,0.082502246,0,15.09572601,-0.046352465,357.9914856,-9.808749075,10439.53711,1.115848064,0,82.88146973,18.19387817,332.2265625,73.13928223,77.58838654,0.297576029,93.15440369,310.4277426,3.332400084,103.1392822,POINT (124000 453000),4417.958022
117000,462000,0,0.074799284,0,15.97076702,-0.049116593,417.7659302,-10.42047623,9464.831055,0.914323032,0,86.67236328,19.45580482,377.5390625,77.35433197,81.14028931,0.304785205,76.72460175,309.5837563,4.034999847,107.354332,POINT (117000 462000),9775.810321
134000,444000,0,0.074214429,0,14.38240814,-0.042254269,378.6801453,-9.347970124,9390.826172,1.096673608,0,79.73769379,17.32646561,309.5703125,73.3315506,77.5267334,0.285691504,100.1998978,288.315178,2.877399921,103.3315506,POINT (134000 444000),4909.8075
118000,464000,0,0.070984557,0,14.54966259,-0.041282382,400.1260986,-9.461240879,8982.129883,1.066899538,0,80.48221588,16.90389061,332.2265625,71.26891327,75.37994385,0.288409506,87.43900299,293.0693122,3.351700068,101.2689133,POINT (118000 464000),9478.650603
118000,461000,0,0.070961624,0,15.93151188,-0.047875002,438.9790649,-10.40013171,8979.227539,0.883987963,0,86.5151062,19.15609741,377.5390625,76.80593872,80.45246124,0.302284605,76.81690216,307.5748906,4.004000187,106.8059387,POINT (118000 461000),8577.74757
119000,461000,0,0.070651382,0,16.19766998,-0.0490987,448.3856812,-10.58172005,8939.97168,0.852156878,0,87.66604614,19.55753517,366.2109375,77.63215637,81.19171906,0.30061665,80.9312973,305.6289584,3.776400089,107.6321564,POINT (119000 461000),7596.591295
133000,439000,0,0.068409838,0,13.24471283,-0.037113868,377.819458,-8.596713801,8656.333984,1.168293238,0,74.4981842,15.98582935,309.5703125,72.77256775,76.95074463,0.279143977,88.82129669,279.9558498,3.151900053,102.7725677,POINT (133000 439000),9717.685681
123000,449000,0,0.065837294,0,13.2276535,-0.03424358,391.2689819,-8.575959092,8330.814453,1.235655904,0,74.40402222,14.51228905,332.2265625,65.37870026,69.79501343,0.280390273,80.76709747,305.7357638,3.785399914,95.37870026,POINT (123000 449000),6830.993542
120000,461000,0,0.065710284,0,16.72449303,-0.050768737,497.8032837,-10.95108806,8314.742188,0.748890519,0,89.90706635,20.29090881,366.2109375,79.77494812,82.97238922,0.299732255,85.60639954,304.6988532,3.559299946,109.7749481,POINT (120000 461000),6621.075837
120000,459000,0,0.065190658,0,15.78304195,-0.045399293,472.7996216,-10.30760103,8248.991211,0.849946737,0,85.90362549,18.46616364,366.2109375,75.17095947,78.64230347,0.295664079,79.2338028,301.4212274,3.804199934,105.1709595,POINT (120000 459000),6449.831413
139000,447000,0,0.059387729,0,17.7383976,-0.054209732,584.3074951,-11.65253497,7514.708984,0.614483595,0,94.13048553,21.49601746,343.5546875,82.20337677,84.93989563,0.29488236,97.57350159,297.921163,3.053299904,112.2033768,POINT (139000 447000),4645.536002
124000,454000,0,0.053282753,0,16.31028175,-0.04582176,597.4002686,-10.69301117,6742.20752,0.659062803,0,88.22624969,19.14097404,332.2265625,78.27183533,81.01550293,0.283767402,94.87599945,293.7550685,3.096199989,108.2718353,POINT (124000 454000),4045.157211
134000,439000,0,0.051333413,0,12.88675117,-0.031429105,488.1771545,-8.386257207,6495.544922,0.99877727,0,72.85276031,14.47743225,309.5703125,69.91172028,73.36555481,0.26541393,83.18099976,265.41393,3.190799952,99.91172028,POINT (134000 439000),9808.476685
119000,465000,0,0.04879823,0,13.79870892,-0.032920972,549.5980225,-8.996086646,6174.751953,0.884030223,0,77.15869904,14.76974106,298.2421875,67.83608246,71.05919647,0.262384909,95.60720062,267.5758814,2.798700094,97.83608246,POINT (119000 465000),9052.781126
122000,447000,0,0.047107805,0,12.24765682,-0.026300596,504.157135,-7.953113443,5960.852051,1.125070691,0,69.75713348,12.2358532,320.8984375,61.06797791,64.79954529,0.258385261,72.99299622,288.3442314,3.950299978,91.06797791,POINT (122000 447000),8896.596815
140000,443000,0,0.046552431,0,14.55033684,-0.034382064,607.3587646,-9.500726511,5890.57666,0.79090488,0,80.57142639,15.15543747,320.8984375,67.47532654,70.47691345,0.266614582,78.60710144,268.7105194,3.418400049,97.47532654,POINT (140000 443000),8751.987014
135000,439000,0,0.042359047,0,12.30207825,-0.026640261,563.2672729,-8.006825622,5359.960938,0.965311527,0,70.05170441,12.87746143,309.5703125,65.64762878,68.84129333,0.255068033,77.63210297,255.0680334,3.285599947,95.64762878,POINT (135000 439000),9998.950683
134000,443000,0,0.041827846,0,15.05880737,-0.038605127,700.9450073,-9.873887786,5292.744629,0.606607378,0,82.86209106,17.42930984,309.5703125,77.41841888,79.77565765,0.267869552,96.7098999,269.9753555,2.791599989,107.4184189,POINT (134000 443000),5875.900843
122000,467000,0,0.041800849,0,10.66889095,-0.019490408,493.3839417,-6.903297224,5289.329102,1.434541941,0,61.84510422,9.447058678,218.9453125,51.48632813,55.74272919,0.220065988,116.1597977,226.8020033,1.952499986,81.48632813,POINT (122000 467000),8231.883809
137000,440000,0,0.032923099,0,9.89765358,-0.015547197,579.6916504,-6.407959807,4165.970215,1.409439206,0,57.70806885,8.127081871,252.9296875,48.97350311,52.85795593,0.214741501,71.87020111,215.4524969,2.997800112,78.97350311,POINT (137000 440000),9746.814206
122000,460000,0,0.032607224,0,17.74698639,-0.048806902,1061.580566,-11.71481921,4126.000488,0.35161078,0,94.23107147,20.88377571,354.8828125,84.21405792,85.76144409,0.283500825,93.5134964,288.4330225,3.084399939,114.2140579,POINT (122000 460000),4469.941511
121000,466000,0,0.026140425,0,13.22686672,-0.025451746,979.055542,-8.654471659,3307.715332,0.570079446,0,74.5908432,12.89992809,264.2578125,65.06125641,67.03246307,0.234498689,108.1776962,240.5114699,2.22329998,95.06125641,POINT (121000 466000),8102.831738
118000,465000,0,0.025328189,0,13.94305611,-0.028257353,1066.226929,-9.139882186,3204.937744,0.48781392,0,77.90776062,14.04428577,286.9140625,68.52194977,70.28173828,0.243185579,91.64839935,247.5423244,2.700999975,98.52194977,POINT (118000 465000),9917.552063
120000,466000,0,0.02485642,0,12.87400627,-0.02374972,1001.386963,-8.419010016,3145.241943,0.582658887,0,72.92835999,12.2671032,252.9296875,63.42411804,65.3921814,0.22794854,104.1912003,233.4820648,2.24090004,93.42411804,POINT (120000 466000),8835.206561
135000,444000,0,0.024440784,0,14.26787472,-0.030229704,1131.693848,-9.366313498,3092.648682,0.434315145,0,79.38396454,14.97948742,298.2421875,72.08970642,73.68531799,0.249040313,95.93250275,251.3527525,2.620100021,102.0897064,POINT (135000 444000),5275.393785
135000,440000,0,0.023326457,0,11.47285461,-0.019148884,949.3035278,-7.485726423,2951.645752,0.696417451,0,66.02669525,10.57601261,264.2578125,60.42160034,62.55343246,0.222362714,80.73249817,222.6521567,2.7579,90.42160034,POINT (135000 440000),9031.002919
141000,445000,0,0.020598738,0,16.95539093,-0.039939571,1599.376221,-11.18527167,2606.48999,0.265594512,0,91.02098846,18.160532,343.5546875,77.49159241,78.61018372,0.268167026,86.6364975,270.7390547,3.125,107.4915924,POINT (141000 445000),7089.330034
120000,460000,0,0.019517561,0,16.99464417,-0.041269992,1693.076782,-11.22299345,2469.681885,0.242077142,0,91.17744446,18.8690567,354.8828125,80.7283783,81.74998474,0.271604771,82.3660965,276.3300075,3.354899883,110.7283783,POINT (120000 460000),6459.062258
138000,444000,0,0.01947104,0,14.8045454,-0.030111389,1472.761963,-9.730654768,2463.79541,0.339269668,0,81.80265045,14.89707184,309.5703125,70.67185974,71.9508667,0.248226374,85.63999939,250.5312558,2.925400019,100.6718597,POINT (138000 444000),7091.729058
117000,461000,0,0.019348402,0,16.42683601,-0.038586631,1649.546631,-10.83797299,2448.276855,0.257698834,0,88.78883362,18.03003502,366.2109375,79.29245758,80.35033417,0.270598618,73.33820343,275.6709675,3.758899927,109.2924576,POINT (117000 461000),9562.808554
119000,466000,0,0.015894299,0,12.79281425,-0.021423398,1553.56958,-8.381984106,2011.207397,0.394671917,0,72.56918335,11.75037193,252.9296875,63.05701447,64.37020111,0.220026473,100.3103027,224.9759467,2.242799997,93.05701447,POINT (119000 466000),9615.917418
124000,449000,0,0.013086963,0,15.819911,-0.034661684,2345.065674,-10.44040095,1655.977051,0.190710858,0,86.23867035,17.02373505,343.5546875,78.05379486,78.81008911,0.260165823,87.6832962,280.7443873,3.201800108,108.0537949,POINT (124000 449000),6068.992357
136000,440000,0,0.012475621,0,10.84012032,-0.014344251,1671.420044,-7.081427982,1578.620117,0.471459121,0,62.81991959,8.884131432,252.9296875,55.72353363,57.0760498,0.202161796,75.77320099,202.587227,2.673599958,85.72353363,POINT (136000 440000),9345.149201
120000,458000,0,0.010786477,0,15.26248264,-0.030275317,2739.426758,-10.05843241,1364.881958,0.179431349,0,83.83324432,15.34990501,332.2265625,72.95761871,73.64651489,0.249980323,76.2696991,255.4729899,3.349600077,102.9576187,POINT (120000 458000),6594.024967
124000,452000,0,0.01054555,0,15.21733379,-0.030703373,2794.648926,-10.0327249,1334.395874,0.172672197,0,83.65538025,15.63297653,309.5703125,74.33942413,75.00106049,0.246684451,91.50990295,259.5312451,2.836100101,104.3394241,POINT (124000 452000),4565.844048
140000,446000,0,0.010318172,0,18.2038784,-0.044616513,3431.200439,-12.06036626,1305.624268,0.114492767,0,96.1467514,20.13035011,343.5546875,83.20529938,83.71334839,0.270032412,91.66860199,272.7049247,2.974900007,113.2052994,POINT (140000 446000),5824.618553
141000,442000,0,0.008167508,0,15.39699364,-0.029209659,3646.654053,-10.14777305,1033.486938,0.139346197,0,84.42971039,14.89077091,332.2265625,70.81635284,71.35375214,0.246717139,75.11530304,248.4063013,3.306999922,100.8163528,POINT (141000 442000),9946.937721
121000,460000,0,0.005423561,0,17.5241375,-0.040889215,6276.851074,-11.61216262,686.277832,0.064799055,0,93.39923096,19.29379845,354.8828125,83.0539093,83.33208466,0.267020232,87.72579956,271.5552119,3.095499992,113.0539093,POINT (121000 460000),5463.509054
124000,451000,0,0.00499905,0,15.28355789,-0.029891005,5917.431641,-10.08940158,632.5617676,0.082083978,0,83.95304871,15.60490227,320.8984375,75.07350159,75.38781738,0.246296479,90.01290131,261.4334805,2.90440011,105.0735016,POINT (124000 451000),4916.859837
117000,458000,0,0.00435996,0,14.58284664,-0.026009537,6462.900391,-9.612064448,551.6936035,0.082278028,0,80.81628418,14.10470295,354.8828125,71.0635376,71.36582184,0.245130083,62.95009995,252.1654959,4.00579977,101.0635376,POINT (117000 458000),9544.099091
138000,449000,0,1.00E-06,0,18.54752159,-0.042118531,36009108,-12.30244631,0.126536399,-0.485353291,0,97.57190704,19.42496109,309.5703125,87.94455719,85.81882477,0.240180249,108.2222977,242.7534281,2.243099928,117.9445572,POINT (138000 449000),2636.00122
124000,456000,0,1.00E-06,0,18.35924339,-0.039033476,35593496,-12.16045319,0.126536399,-0.781776607,0,96.81424713,18.14301872,320.8984375,87.04922485,83.70449829,0.230069831,98.38420105,235.4137254,2.392800093,117.0492249,POINT (124000 456000),2855.689414
123000,457000,0,1.00E-06,0,19.45198441,-0.033816315,37569932,-12.83569914,0.126536399,-2.718481541,0,101.1267166,15.04775715,298.2421875,91.29679871,80.17071533,0.17549626,93.07060242,179.1143733,1.924499989,121.2967987,POINT (123000 457000),3619.604713
123000,456000,0,1.00E-06,0,17.30574608,-0.031863321,33458152,-11.43091659,0.126536399,-1.155871987,0,92.55561829,15.49171257,309.5703125,82.23188782,77.61045074,0.210565571,91.12709808,215.7434108,2.367500067,112.2318878,POINT (123000 456000),3795.389214
123000,455000,0,1.00E-06,0,16.06875801,-0.028749317,31050852,-10.60846669,0.126536399,-0.635226607,0,87.37327576,14.80675316,309.5703125,76.83959198,74.3920517,0.221021672,89.26909637,227.7165364,2.550899982,106.839592,POINT (123000 455000),4199.307087
122000,459000,0,1.00E-06,0,17.7489624,-0.039350126,34440748,-11.76661882,0.126536399,-0.225576922,0,94.33992767,18.76990891,343.5546875,84.21383667,83.24917603,0.253150412,90.89589691,257.5807997,2.833800077,114.2138367,POINT (122000 459000),4456.592546
122000,457000,0,1.00E-06,0,18.40374565,-0.027444316,35459612,-12.11471195,0.126536399,-3.431868076,0,97.01569366,12.72979259,286.9140625,86.69918823,73.69820404,0.157680229,86.15149689,161.1119162,1.870100021,116.6991882,POINT (122000 457000),4618.618077
122000,458000,0,1.00E-06,0,18.59233284,-0.033603914,35933744,-12.27669833,0.126536399,-1.959675908,0,97.74968719,15.469841,309.5703125,87.61901855,79.61625671,0.192615466,88.43599701,196.266011,2.219300032,117.6190186,POINT (122000 458000),4662.837884
122000,456000,0,1.00E-06,0,16.38261604,-0.024105132,31559252,-10.78216067,0.126536399,-2.241966009,0,88.72399902,12.22584724,286.9140625,78.07901001,69.94655609,0.174815521,84.04329681,179.2979663,2.133399963,108.07901,POINT (122000 456000),4759.275849
123000,454000,0,1.00E-06,0,15.8509903,-0.02419327,30551534,-10.43787555,0.126536399,-1.624293208,0,86.4577713,12.59218407,286.9140625,76.02074432,70.1227951,0.18718092,87.48259735,194.2113686,2.220000029,106.0207443,POINT (123000 454000),4775.593599
122000,455000,0,1.00E-06,0,15.73391914,-0.019656114,30243758,-10.33272441,0.126536399,-3.159955263,0,85.96989441,10.28871632,264.2578125,75.07003021,64.44018555,0.151270412,82.08699799,155.9488741,1.899799943,105.0700302,POINT (122000 455000),5089.382809
123000,453000,0,1.00E-06,0,15.47161198,-0.019938126,29751042,-10.16438884,0.126536399,-2.793362856,0,84.83338928,10.57614803,264.2578125,74.77252197,65.35397339,0.157583947,85.78130341,164.9402855,1.922799945,104.772522,POINT (123000 453000),5417.393988
124000,450000,0,1.00E-06,0,15.72450829,-0.03049019,30430044,-10.3963687,0.126536399,-0.104978971,0,85.88588715,15.97531414,320.8984375,77.40679169,76.99864197,0.24214277,88.72810364,259.2812613,2.922199965,107.4067917,POINT (124000 450000),5431.766696
121000,459000,0,1.00E-06,0,17.85482407,-0.034827232,34556516,-11.80617076,0.126536399,-1.025645137,0,94.77822876,16.53566933,332.2265625,84.28066254,80.04605865,0.220795291,84.8266983,224.7737904,2.649800062,114.2806625,POINT (121000 459000),5452.59307
123000,452000,0,1.00E-06,0,15.45747757,-0.018537857,29697820,-10.14620564,0.126536399,-3.518809319,0,84.77187347,9.840506554,264.2578125,75.15464783,63.67039108,0.14610009,84.21360016,154.4561647,1.834100008,105.1546478,POINT (123000 452000),5538.658358
122000,454000,0,1.00E-06,0,14.89642334,-0.015738815,28579824,-9.764244228,0.126536399,-4.086988926,0,82.32208252,8.603293419,241.6015625,71.51180267,58.90068054,0.131382849,80.25340271,136.4307884,1.700000048,101.5118027,POINT (122000 454000),5577.020099
121000,457000,0,1.00E-06,0,16.3081131,-0.023923235,31414366,-10.73266062,0.126536399,-2.193573475,0,88.40024567,12.17802811,298.2421875,77.62502289,69.68222046,0.177283947,79.58429718,181.3646475,2.278899908,107.6250229,POINT (121000 457000),5617.98252
121000,458000,0,1.00E-06,0,16.63614845,-0.0312426,32175118,-10.99257023,0.126536399,-0.624708235,0,89.76570129,15.6620245,320.8984375,79.08615875,76.60649109,0.226234707,82.09889984,230.8046403,2.811300039,109.0861588,POINT (121000 458000),5622.420404
121000,456000,0,1.00E-06,0,16.53186607,-0.01741619,31716582,-10.8359122,0.126536399,-5.612971783,0,89.37657166,8.76877594,252.9296875,78.50582123,60.74196243,0.1193342,77.31349945,122.4568498,1.583899975,108.5058212,POINT (121000 456000),5735.066133
136000,444000,0,1.00E-06,0,14.47243977,-0.025102254,27951262,-9.549497104,0.126536399,-0.017312175,0,80.38503265,14.05232334,298.2421875,71.99720001,71.93424988,0.231853852,91.87439728,234.0775953,2.547800064,101.9972,POINT (136000 444000),5772.122088
123000,451000,0,1.00E-06,0,15.22202587,-0.019707995,29272826,-10.00100717,0.126536399,-2.654349566,0,83.73464203,10.59124851,275.5859375,74.45711517,65.57359314,0.161826007,82.83670044,172.9464653,2.087800026,104.4571152,POINT (123000 451000),5831.407651
121000,455000,0,1.00E-06,0,16.35548782,-0.012253735,31284420,-10.68826479,0.126536399,-10.17648888,0,88.65290833,6.219899654,218.9453125,77.68119812,50.65350342,0.081028752,75.28659821,83.50036488,1.109099984,107.6811981,POINT (121000 455000),6012.980501
122000,453000,0,1.00E-06,0,14.57385635,-0.013245135,27920390,-9.538949738,0.126536399,-5.520306587,0,80.89089966,7.368260384,230.2734375,70.51014709,54.74237061,0.113027251,78.56009674,118.5393336,1.508900046,100.5101471,POINT (122000 453000),6185.719235
135000,443000,0,1.00E-06,0,15.24829006,-0.02766918,29472710,-10.06929719,0.126536399,-0.415049881,0,83.83238983,14.85235405,298.2421875,77.43774414,75.88891602,0.224690151,92.01629639,226.4336959,2.460799932,107.4377441,POINT (135000 443000),6188.619442
123000,450000,0,1.00E-06,0,14.883564,-0.021481939,28663628,-9.792875721,0.126536399,-1.512224078,0,82.23227692,11.75550652,286.9140625,73.18961334,67.95625305,0.186483419,81.68930054,201.4294811,2.465800047,103.1896133,POINT (123000 450000),6271.673938
137000,444000,0,1.00E-06,0,15.0131712,-0.025841594,28991860,-9.905015618,0.126536399,-0.312403262,0,82.7973175,14.04473972,298.2421875,73.19041443,72.03572845,0.223881133,88.37519836,226.0284092,2.557600021,103.1904144,POINT (137000 444000),6387.879712
121000,454000,0,1.00E-06,0,12.78950977,-0.010406563,24479032,-8.363215705,0.126536399,-4.512031555,0,72.62287903,6.448232651,230.2734375,62.01311493,50.03781509,0.116971386,73.42410278,121.3773853,1.653100014,92.01311493,POINT (121000 454000),6432.858473
122000,452000,0,1.00E-06,0,14.83739853,-0.012774957,28411906,-9.706875333,0.126536399,-6.603443623,0,82.06735992,7.004821301,230.2734375,72.12156677,53.75658035,0.104387145,77.07189941,110.7908554,1.4375,102.1215668,POINT (122000 452000),6519.704054
120000,457000,0,1.00E-06,0,16.11268425,-0.019918291,30967844,-10.58010715,0.126536399,-3.550341606,0,87.58625793,10.23354435,275.5859375,76.7276001,64.74906158,0.147749111,73.53970337,151.3667728,2.058300018,106.7276001,POINT (120000 457000),6617.538988
136000,443000,0,1.00E-06,0,15.92824554,-0.024450749,30703066,-10.4896462,0.126536399,-1.961874604,0,86.78947449,12.67756081,286.9140625,79.31264496,72.2636261,0.182031614,87.68789673,183.5921434,2.093699932,109.312645,POINT (136000 443000),6623.159246
120000,456000,0,1.00E-06,0,16.46270943,-0.013098217,31503910,-10.76325317,0.126536399,-9.390809059,0,89.09915161,6.615259171,230.2734375,78.33242798,52.5761795,0.086924013,71.11029816,89.27186421,1.255399942,108.332428,POINT (120000 456000),6717.939427
122000,451000,0,1.00E-06,0,13.94004536,-0.013666787,26724942,-9.130526988,0.126536399,-4.087011814,0,78.00063324,7.884546757,252.9296875,68.31578827,56.40387726,0.13119198,75.83820343,141.0666445,1.860100031,98.31578827,POINT (122000 451000),6770.163938
120000,455000,0,1.00E-06,0,13.74099064,-0.008841888,26256088,-8.970343826,0.126536399,-9.043725967,0,77.11445618,5.15958643,207.6171875,66.5171051,44.97161484,0.081328559,69.03710175,83.74890513,1.213099957,96.5171051,POINT (120000 455000),6957.314482
121000,453000,0,1.00E-06,0,12.7107811,-0.009274932,24308228,-8.304860812,0.126536399,-5.770589828,0,72.25285339,5.776459694,218.9453125,61.95584869,47.47263718,0.103093244,71.71479797,108.188944,1.508599997,91.95584869,POINT (121000 453000),6968.901166
135000,442000,0,1.00E-06,0,14.36653328,-0.025214573,27752298,-9.481521396,0.126536399,-0.098330736,0,79.9072113,14.19960403,298.2421875,74.11058044,73.75641632,0.23017146,88.11630249,231.5608212,2.627899885,104.1105804,POINT (135000 442000),7121.728136
122000,450000,0,1.00E-06,0,13.72154331,-0.013617221,26309148,-8.988471684,0.126536399,-3.745599031,0,76.99409485,7.958651066,252.9296875,67.4724884,56.54798508,0.134955777,74.85320282,147.0266625,1.96420002,97.4724884,POINT (122000 450000),7152.880436
137000,443000,0,1.00E-06,0,16.92159653,-0.023047477,32562660,-11.12497329,0.126536399,-3.535619736,0,90.99159241,11.39810276,275.5859375,82.2381897,69.7909317,0.15214915,84.05889893,153.4999546,1.826099992,112.2381897,POINT (137000 443000),7166.160214
120000,454000,0,1.00E-06,0,11.68423843,-0.006535628,22307554,-7.621333986,0.126536399,-7.475398064,0,67.22718811,4.374670506,196.2890625,56.85692596,40.54963303,0.083136734,67.2016983,86.04505705,1.280400038,86.85692596,POINT (120000 454000),7324.45531
121000,452000,0,1.00E-06,0,13.03466702,-0.008914937,24916396,-8.512640362,0.126536399,-7.219703674,0,73.80001068,5.435852528,218.9453125,63.80771637,46.27216721,0.093208179,70.29470062,99.22096832,1.411499977,93.80771637,POINT (121000 452000),7505.754159
136000,442000,0,1.00E-06,0,16.68114471,-0.022253821,32091170,-10.96388954,0.126536399,-3.936068535,0,89.98815918,11.12831974,275.5859375,83.85749817,70.38493347,0.14754622,83.5861969,148.6162578,1.777999997,113.8574982,POINT (136000 442000),7510.997496
119000,458000,0,1.00E-06,0,15.37406731,-0.025512855,29670884,-10.137003,0.126536399,-0.660236776,0,84.35420227,13.6101532,332.2265625,73.66210175,71.21623993,0.21939732,71.08239746,224.6772405,3.16079998,103.6621017,POINT (119000 458000),7573.025771
119000,457000,0,1.00E-06,0,16.22123146,-0.017500203,31128376,-10.63495263,0.126536399,-5.114114761,0,88.04818726,8.94400692,275.5859375,77.55041504,61.29807281,0.127371777,68.16369629,130.7584208,1.918300033,107.550415,POINT (119000 457000),7617.211885
122000,449000,0,1.00E-06,0,12.62201309,-0.014050088,24229670,-8.278021607,0.126536399,-1.485058069,0,71.78144073,8.80796051,275.5859375,62.38495636,57.93455124,0.171228337,74.04329681,188.7437621,2.549099922,92.38495636,POINT (122000 449000),7648.024406
119000,456000,0,1.00E-06,0,15.17730331,-0.011979299,29042278,-9.922240841,0.126536399,-8.103074074,0,83.56192017,6.451054096,241.6015625,73.29793549,51.56995392,0.094668791,65.56929779,97.4359727,1.485999942,103.2979355,POINT (119000 456000),7705.010035
121000,451000,0,1.00E-06,0,13.47988701,-0.008626655,25756284,-8.799586651,0.126536399,-8.991876602,0,75.90225983,5.114382744,207.6171875,66.10343933,44.99389267,0.081986404,69.20410156,88.6435338,1.280900002,96.10343933,POINT (121000 451000),7724.307366
138000,443000,0,1.00E-06,0,17.06401253,-0.022967177,32831548,-11.21683841,0.126536399,-3.523697615,0,91.58249664,11.2851038,275.5859375,81.22480011,68.73406982,0.151309098,81.23789978,152.6216438,1.878700018,111.2248001,POINT (138000 443000),7800.093975
120000,453000,0,1.00E-06,0,11.92772102,-0.00610811,22761790,-7.776522933,0.126536399,-9.427620888,0,68.44250488,4.015903473,196.2890625,58.37326813,38.81402588,0.073490343,65.4068985,77.11473464,1.17900002,88.37326813,POINT (120000 453000),7800.682106
119000,455000,0,1.00E-06,0,11.68050766,-0.008271605,22333182,-7.630089748,0.126536399,-4.445655346,0,67.18419647,5.540229797,230.2734375,56.82056427,45.91939926,0.112449465,63.36130142,116.0588937,1.831699967,86.82056427,POINT (119000 455000),7915.323298
137000,442000,0,1.00E-06,0,16.58815193,-0.023136586,31931242,-10.90925042,0.126536399,-3.212664127,0,89.59011841,11.62116337,286.9140625,81.90156555,70.61569977,0.159164326,79.93229675,160.4640804,2.007499933,111.9015656,POINT (137000 442000),7993.916262
121000,450000,0,1.00E-06,0,14.03636265,-0.007955061,26800188,-9.156234654,0.126536399,-12.06033039,0,78.4782486,4.56140995,196.2890625,68.77293396,42.27469635,0.067504224,68.40209961,74.14787539,1.083999991,98.77293396,POINT (121000 450000),8061.854816
122000,448000,0,1.00E-06,0,12.21934128,-0.015415645,23490864,-8.025609809,0.126536399,-0.138016492,0,69.81100464,9.936803818,286.9140625,60.64133453,60.21245193,0.203960959,73.38670349,226.6988572,3.089099884,90.64133453,POINT (122000 448000),8235.341893
119000,454000,0,1.00E-06,0,11.55785275,-0.005819914,22054106,-7.534743913,0.126536399,-8.863800049,0,66.59124756,3.93279314,196.2890625,56.53541565,38.31542969,0.07500555,61.45859909,77.80658844,1.266000032,86.53541565,POINT (119000 454000),8240.378595
120000,452000,0,1.00E-06,0,12.89515209,-0.005777174,24592376,-8.401939487,0.126536399,-14.11457539,0,73.15711212,3.553534508,184.9609375,63.3269577,36.26073074,0.056657551,64.01319885,60.4540658,0.944400012,93.3269577,POINT (120000 452000),8368.098203
121000,449000,0,1.00E-06,0,13.59110832,-0.008476064,25964618,-8.870763603,0.126536399,-9.648690224,0,76.41294861,4.991518021,218.9453125,66.78955841,44.48568726,0.080266467,67.72149658,89.45332236,1.320899963,96.78955841,POINT (121000 449000),8504.239052
139000,443000,0,1.00E-06,0,16.06880379,-0.024180487,30964846,-10.57908289,0.126536399,-1.700053096,0,87.38233948,12.45236683,298.2421875,75.44913483,69.23101044,0.186670901,79.42199707,188.2142559,2.369800091,105.4491348,POINT (139000 443000),8504.650483
118000,458000,0,1.00E-06,0,15.52039814,-0.024301266,29925886,-10.22412399,0.126536399,-1.203177333,0,84.99185181,12.8665514,332.2265625,74.77870941,70.40201569,0.204029816,66.63220215,209.4116911,3.142800093,104.7787094,POINT (118000 458000),8556.884562
138000,442000,0,1.00E-06,0,16.75028801,-0.022115402,32219842,-11.00785011,0.126536399,-3.61291647,0,90.27745056,11.02366161,275.5859375,80.87627411,68.30989075,0.14977142,77.01470184,150.9488186,1.960000038,110.8762741,POINT (138000 442000),8566.814519
118000,457000,0,1.00E-06,0,14.4168148,-0.018549083,27722166,-9.47122685,0.126536399,-1.889346361,0,80.12462616,10.41756248,309.5703125,69.99767303,63.75308609,0.1776112,63.56129837,182.8404326,2.876600027,99.99767303,POINT (118000 457000),8616.960692
119000,453000,0,1.00E-06,0,11.7674818,-0.005035741,22437342,-7.665675833,0.126536399,-12.24276924,0,67.65131378,3.349554539,184.9609375,57.91233826,35.01788712,0.060125355,59.7317009,63.249898,1.058899999,87.91233826,POINT (119000 453000),8667.663233
120000,451000,0,1.00E-06,0,13.9558115,-0.005726022,26605244,-9.089632372,0.126536399,-18.64203072,0,78.12167358,3.298246145,173.6328125,68.43270874,34.64337158,0.045997423,63.02740097,49.94291269,0.792400002,98.43270874,POINT (120000 451000),8688.770272
118000,456000,0,1.00E-06,0,11.68899155,-0.011389581,22408046,-7.655666905,0.126536399,-1.357424378,0,67.19865417,7.62701416,264.2578125,57.06600952,53.25011826,0.16296577,60.82590103,168.3356765,2.767499924,87.06600952,POINT (118000 456000),8695.017968
121000,467000,0,1.00E-06,0,10.99085808,-0.011242348,21079752,-7.201857547,0.126536399,-0.189491794,0,63.69352341,7.942714214,196.2890625,53.61083221,53.07798767,0.169330268,112.6623001,174.3336429,1.547399998,83.61083221,POINT (121000 467000),8841.317993
118000,455000,0,1.00E-06,0,12.40871334,-0.008848339,23726666,-8.106171157,0.126536399,-5.685472965,0,70.77511597,5.625833511,241.6015625,60.96834564,46.95746613,0.106136451,58.48889923,110.1228985,1.882799983,90.96834564,POINT (118000 455000),8882.361816
120000,450000,0,1.00E-06,0,14.10785198,-0.00569847,26893398,-9.18807969,0.126536399,-19.28939819,0,78.81069183,3.253678322,184.9609375,69.01019287,34.30970001,0.045720849,62.3614006,50.53144245,0.810299993,99.01019287,POINT (120000 450000),8990.178397
121000,448000,0,1.00E-06,0,12.28003025,-0.010652236,23516332,-8.034310908,0.126536399,-3.369773865,0,70.13800049,6.83430481,252.9296875,60.72239685,51.67282486,0.133356698,67.11309814,150.0581711,2.235899925,90.72239685,POINT (121000 448000),9036.075511
118000,454000,0,1.00E-06,0,12.1147728,-0.006919061,23132220,-7.903079705,0.126536399,-8.301678658,0,69.35231018,4.489415646,218.9453125,59.7790451,41.61592102,0.083458881,56.54550171,87.22709295,1.542600036,89.7790451,POINT (118000 454000),9173.613247
119000,452000,0,1.00E-06,0,13.03678322,-0.004924385,24845216,-8.488321838,0.126536399,-18.23562622,0,73.8371582,3.001073599,173.6328125,64.24155426,32.74805832,0.04538909,58.45679855,48.5600614,0.83069998,94.24155426,POINT (119000 452000),9182.571235
139000,442000,0,1.00E-06,0,17.10115814,-0.021895122,32881872,-11.23403152,0.126536399,-3.903126001,0,91.72839355,10.7412262,286.9140625,80.53929901,66.90951538,0.146421646,75.24669647,147.483528,1.960000038,110.539299,POINT (139000 442000),9212.921622
120000,449000,0,1.00E-06,0,13.82102585,-0.006122833,26356810,-9.004755324,0.126536399,-16.47050667,0,77.49658203,3.55526638,184.9609375,67.64754486,36.27581024,0.051692812,61.89780045,58.140604,0.939300001,97.64754486,POINT (120000 449000),9388.923602
120000,467000,0,1.00E-06,0,11.55746841,-0.011445514,22159382,-7.570711277,0.126536399,-1.201936603,0,66.58930969,7.734605312,196.2890625,56.73970032,53.36830902,0.153170207,109.1716003,157.469114,1.442399979,86.73970032,POINT (120000 467000),9517.031924
118000,453000,0,1.00E-06,0,12.5524931,-0.005377387,23934250,-8.177091873,0.126536399,-14.38669014,0,71.51101685,3.383756399,184.9609375,62.08240509,35.35414886,0.055427942,55.00749969,58.61049208,1.065500021,92.08240509,POINT (118000 453000),9559.993399
117000,457000,0,1.00E-06,0,15.27484989,-0.016766472,29317692,-10.01633556,0.126536399,-4.235574722,0,83.94880676,8.987449646,298.2421875,74.48143768,61.21313858,0.139716254,59.75249863,144.2604553,2.414299965,104.4814377,POINT (117000 457000),9616.761733
121000,447000,0,1.00E-06,0,12.89280128,-0.014889278,24759618,-8.459077428,0.126536399,-1.53466928,0,73.07186127,9.169216156,286.9140625,64.22138214,59.54458618,0.174333812,66.88220215,196.7206155,2.941299915,94.22138214,POINT (121000 447000),9642.574316
119000,451000,0,1.00E-06,0,13.70659637,-0.00480551,26114724,-8.922047059,0.126536399,-21.75569916,0,76.97438812,2.809263706,173.6328125,67.26165771,31.33632278,0.039597919,57.65739822,43.11620196,0.747799993,97.26165771,POINT (119000 451000),9660.462379
117000,456000,0,1.00E-06,0,13.31327057,-0.012587882,25514580,-8.717008895,0.126536399,-3.76568675,0,75.07327271,7.545278072,275.5859375,65.67764282,54.99341583,0.135956002,56.90790176,140.9893244,2.477499962,95.67764282,POINT (117000 456000),9687.07878
140000,442000,0,1.00E-06,0,15.98803806,-0.024629615,30819964,-10.5295842,0.126536399,-1.374753118,0,87.02816772,12.73527622,309.5703125,74.26338959,69.18076324,0.195697662,74.70050049,197.0375162,2.637700081,104.2633896,POINT (140000 442000),9737.554031
117000,455000,0,1.00E-06,0,15.79178333,-0.008565273,30144634,-10.29885887,0.126536399,-16.40754128,0,86.2478714,4.468876362,218.9453125,77.24930573,42.21514511,0.058372803,54.5082016,60.87475685,1.116799951,107.2493057,POINT (117000 455000),9855.828299
120000,448000,0,1.00E-06,0,15.12016201,-0.007430055,28848062,-9.855887279,0.126536399,-17.04770088,0,83.33743286,4.011956215,196.2890625,73.69525146,39.20074081,0.053361371,61.52980042,60.80374932,0.988200009,103.6952515,POINT (120000 448000),9873.219596
119000,450000,0,1.00E-06,0,13.51883316,-0.005034416,25762540,-8.801724002,0.126536399,-19.54663086,0,76.09697723,2.977018833,184.9609375,66.13079071,32.45343781,0.043975197,57.2779007,48.72058257,0.850600004,96.13079071,POINT (119000 450000),9932.427305
