x,y,spatial_ref,power,heat_pump_power,capex,opex,utc,npv,hprod,cop,cophp,pres,flow_rate,welld,inj_temp,prd_temp,transmissivity_with_ntg,thickness,transmissivity,permeability,temperature,geometry,distance_to_city
132000.0,459000.0,0,5.9946208000183105,0.0,13.888355255126953,-1.1815600395202637,8.112947463989258,3.8647815789529325,758537.75,7.335331439971924,0.0,55.58820343017578,201.0839080810547,887.3046875,44.39971160888672,73.0518798828125,8.597681312383852,141.2725067138672,8785.69496340322,62.189701080322266,74.39971160888672,POINT (132000 459000),0.0
132000.0,460000.0,0,5.640267848968506,0.0,14.894000053405762,-1.1461448669433594,8.842855453491211,2.229803431191123,713699.1875,6.709453582763672,0.0,62.4529914855957,193.2085723876953,875.9765625,51.73155212402344,79.98725891113281,6.66944611089024,141.5648956298828,6820.171713227581,48.176998138427734,81.73155212402344,POINT (132000 460000),0.0
133000.0,459000.0,0,4.965946674346924,0.0,14.610281944274902,-1.0158236026763916,9.440631866455078,0.9490279468860625,628373.0,6.585155487060547,0.0,63.57787322998047,171.84617614746094,819.3359375,52.408729553222656,80.40389251708984,5.640975384076036,142.19830322265625,5760.211637526751,40.50830078125,82.40872955322266,POINT (133000 459000),0.0
136000.0,460000.0,0,4.496914386749268,0.0,15.366103172302246,-0.9452051520347595,10.448502540588379,-0.6890626835377156,569023.3125,6.112855911254883,0.0,69.13317108154297,159.59571838378906,796.6796875,58.77814483642578,86.23663330078125,4.434477651468944,142.01589965820312,4528.6740465884795,31.888500213623047,88.77814483642578,POINT (136000 460000),0.0
141000.0,456000.0,0,4.461659908294678,0.0,14.982977867126465,-0.9307132363319397,10.306818962097168,-0.46768979322885273,564562.375,6.238968849182129,0.0,67.2768783569336,157.97671508789062,819.3359375,59.069488525390625,86.56423950195312,4.489958734013699,129.34080505371094,4569.002522090741,35.32529830932617,89.06948852539062,POINT (141000 456000),0.0
134000.0,459000.0,0,4.445985317230225,0.0,14.785606384277344,-0.9228964447975159,10.225738525390625,-0.3428884973711014,562578.9375,6.323022365570068,0.0,66.42361450195312,156.3634490966797,785.3515625,55.13578796386719,82.75806427001953,4.690052261513964,142.3426055908203,4786.255995148676,33.624900817871094,85.13578796386719,POINT (134000 459000),0.0
138000.0,459000.0,0,4.440187931060791,0.0,15.286722183227539,-0.9330993890762329,10.496670722961426,-0.753440801203215,561845.375,6.116056442260742,0.0,68.93325805664062,157.92037963867188,796.6796875,59.79560089111328,87.20329284667969,4.335529724438139,139.05230712890625,4422.656006860896,31.805700302124023,89.79560089111328,POINT (138000 459000),0.0
137000.0,459000.0,0,4.34869909286499,0.0,15.140727043151855,-0.9124380350112915,10.564231872558594,-0.8382936562879084,550268.6875,6.141880512237549,0.0,68.54988098144531,154.58944702148438,785.3515625,58.7406005859375,86.14336395263672,4.302943410504408,140.13720703125,4387.177333717234,31.306299209594727,88.7406005859375,POINT (137000 459000),0.0
135000.0,460000.0,0,4.242874622344971,0.0,15.455498695373535,-0.8984821438789368,10.906599044799805,-1.3141794743184685,536878.0625,5.992813587188721,0.0,70.49628448486328,151.92819213867188,774.0234375,59.82554626464844,87.07331085205078,4.060161053966677,142.6475067138672,4146.406281690783,29.0674991607666,89.82554626464844,POINT (135000 460000),0.0
134000.0,460000.0,0,4.195074558258057,0.0,15.474934577941895,-0.8896991014480591,11.000216484069824,-1.4335502611255289,530829.625,5.969022750854492,0.0,70.78070068359375,150.4644012451172,762.6953125,59.91777801513672,87.12617492675781,3.9876233801163905,142.90440368652344,4073.5757662376855,28.505599975585938,89.91777801513672,POINT (134000 460000),0.0
139000.0,457000.0,0,4.095713138580322,0.0,14.851242065429688,-0.8585962057113647,10.834855079650879,-1.1682071272532075,518256.78125,6.1565117835998535,0.0,68.00436401367188,146.26075744628906,774.0234375,59.08049011230469,86.35248565673828,4.050264486999718,134.33009338378906,4119.890651184745,30.66990089416504,89.08049011230469,POINT (139000 457000),0.0
138000.0,458000.0,0,4.083404064178467,0.0,15.021842956542969,-0.8595489263534546,10.9512357711792,-1.3270575857619522,516699.25,6.088940620422363,0.0,68.89837646484375,146.2366180419922,774.0234375,59.642539978027344,86.8578872680664,3.979135584864082,137.52389526367188,4051.660263393598,29.46150016784668,89.64253997802734,POINT (138000 458000),0.0
136000.0,459000.0,0,4.016822814941406,0.0,15.181413650512695,-0.8496992588043213,11.161978721618652,-1.594630528807989,508274.28125,6.009880065917969,0.0,69.97127532958984,144.32542419433594,751.3671875,59.50727081298828,86.64905548095703,3.8578939380491812,141.1186981201172,3933.4156241925666,27.87310028076172,89.50727081298828,POINT (136000 459000),0.0
128000.0,461000.0,0,3.9911866188049316,0.0,14.02226734161377,-0.8215919733047485,10.549551010131836,-0.7493578259986101,505030.34375,6.470320224761963,0.0,64.11427307128906,140.58316040039062,785.3515625,53.304290771484375,80.82371520996094,4.418686701639382,129.35220336914062,4522.709017672227,34.964298248291016,83.30429077148438,POINT (128000 461000),0.0
135000.0,459000.0,0,3.783601999282837,0.0,15.241032600402832,-0.8057024478912354,11.660801887512207,-2.1468540155536293,478763.375,5.905569076538086,0.0,71.10527801513672,137.1556396484375,728.7109375,60.13877868652344,87.06517791748047,3.5560410311606283,141.90989685058594,3626.7629713596543,25.556800842285156,90.13877868652344,POINT (135000 459000),0.0
137000.0,458000.0,0,3.757190227508545,0.0,14.950016975402832,-0.7953734993934631,11.54390811920166,-1.9818184259077012,475421.3125,5.9979729652404785,0.0,69.7409439086914,135.8269805908203,740.0390625,59.69158935546875,86.66444396972656,3.6072673432338997,138.68389892578125,3672.266521247104,26.479400634765625,89.69158935546875,POINT (137000 458000),0.0
134000.0,458000.0,0,3.722423553466797,0.0,13.487869262695312,-0.7612227201461792,10.733065605163574,-0.9322831360358745,471022.03125,6.590702533721924,0.0,62.471351623535156,130.9312744140625,717.3828125,50.67339324951172,78.1743392944336,4.261867166122895,141.345703125,4344.853921182454,30.739200592041016,80.67339324951172,POINT (134000 458000),0.0
131000.0,459000.0,0,3.5108423233032227,0.0,13.421077728271484,-0.7205675840377808,11.125567436218262,-1.3500880061930984,444249.34375,6.524045944213867,0.0,62.91640090942383,124.48419189453125,706.0546875,52.150489807128906,79.45388793945312,3.921310891855027,139.42210388183594,4009.1104024032247,28.755199432373047,82.1504898071289,POINT (131000 459000),0.0
136000.0,458000.0,0,3.3977489471435547,0.0,14.988810539245605,-0.7261892557144165,12.403105735778809,-2.789609156676328,429938.875,5.84938383102417,0.0,71.2249526977539,124.6374740600586,706.0546875,60.444427490234375,87.05632781982422,3.177778500772644,139.77879333496094,3235.69745309063,23.148700714111328,90.44442749023438,POINT (136000 458000),0.0
135000.0,458000.0,0,3.3758082389831543,0.0,14.861736297607422,-0.7195965647697449,12.375447273254395,-2.739695990111223,427162.59375,5.889853477478027,0.0,70.70397186279297,123.53365325927734,694.7265625,59.30726623535156,85.96269226074219,3.202128997070354,140.7270965576172,3262.1526496901934,23.180700302124023,89.30726623535156,POINT (135000 458000),0.0
138000.0,457000.0,0,3.3506529331207275,0.0,14.732589721679688,-0.7130247354507446,12.358217239379883,-2.6995567672924694,423979.53125,5.916060924530029,0.0,70.13062286376953,122.83934783935547,706.0546875,60.601219177246094,87.21243286132812,3.16138577479442,135.57020568847656,3214.4237544813077,23.710399627685547,90.6012191772461,POINT (138000 457000),0.0
134000.0,453000.0,0,3.112091064453125,0.0,15.492157936096191,-0.678309440612793,13.558761596679688,-3.7838194927978988,393792.78125,5.562461853027344,0.0,74.58672332763672,116.96102142333984,706.0546875,64.16902160644531,90.23336791992188,2.7360225968979743,128.9261016845703,2762.8219708052347,21.429500579833984,94.16902160644531,POINT (134000 453000),0.0
140000.0,456000.0,0,2.8065011501312256,0.0,14.214370727539062,-0.598945140838623,13.637803077697754,-3.4880574044175,355124.53125,5.871789932250977,0.0,69.50275421142578,104.93107604980469,672.0703125,60.84917449951172,86.93143463134766,2.6668725702218974,130.66050720214844,2710.7873414400383,20.74679946899414,90.84917449951172,POINT (140000 456000),0.0
132000.0,452000.0,0,1.8183977603912354,0.0,13.332329750061035,-0.393036425113678,17.993732452392578,-4.966125533457809,230093.484375,5.681973457336426,0.0,68.71702575683594,72.0166244506836,570.1171875,59.04832458496094,83.63021087646484,1.808157041285734,126.9561996459961,1833.2728953372934,14.440199851989746,89.04832458496094,POINT (132000 452000),0.0
137000.0,457000.0,0,1.8066920042037964,0.0,13.877962112426758,-0.39666250348091125,18.72154426574707,-5.383401120601443,228612.296875,5.461673736572266,0.0,71.47514343261719,72.66780853271484,547.4609375,61.160621643066406,85.42484283447266,1.705992845800608,136.7841033935547,1734.6139696833561,12.681400299072266,91.1606216430664,POINT (137000 457000),0.0
133000.0,453000.0,0,1.7995401620864868,0.0,10.319205284118652,-0.3565897047519684,14.621556282043457,-2.8413780284612455,227707.328125,7.219202995300293,0.0,52.774009704589844,65.197998046875,536.1328125,40.94523620605469,67.38016510009766,2.591822295610525,129.8903045654297,2622.770969792269,20.19219970703125,70.94523620605469,POINT (133000 453000),0.0
135000.0,453000.0,0,1.7080925703048706,0.0,17.28533363342285,-0.4142594337463379,23.78389549255371,-8.043824645617462,216135.875,4.3297529220581055,0.0,87.22352600097656,76.5446548461914,581.4453125,76.89704895019531,99.01602172851562,1.304265903496987,127.62789916992188,1316.7753040471289,10.317299842834473,106.89704895019531,POINT (135000 453000),0.0
128000.0,459000.0,0,1.6902798414230347,0.0,14.44292163848877,-0.3793196678161621,20.452192306518555,-6.035944441478248,213881.921875,5.175443172454834,0.0,74.56415557861328,70.12728118896484,547.4609375,64.28060150146484,87.87388610839844,1.5314931365785844,128.08990478515625,1566.103990560805,12.22659969329834,94.28060150146484,POINT (128000 459000),0.0
129000.0,459000.0,0,1.652082085609436,0.0,13.440081596374512,-0.3610132038593292,19.56374740600586,-5.398075437402516,209048.515625,5.526548862457275,0.0,69.87757110595703,66.8707504272461,536.1328125,59.34602355957031,83.41441345214844,1.6261525383058288,132.77369689941406,1663.2428623852174,12.526900291442871,89.34602355957031,POINT (129000 459000),0.0
134000.0,454000.0,0,1.6442880630493164,0.0,15.297245025634766,-0.3788139522075653,22.004945755004883,-6.7439962801858115,208062.28125,4.862478733062744,0.0,78.68165588378906,70.26285552978516,547.4609375,67.64624786376953,90.63855743408203,1.4148975297593172,132.3000030517578,1432.3724708990485,10.826700210571289,97.64624786376953,POINT (134000 454000),0.0
129000.0,460000.0,0,1.6116737127304077,0.0,12.244800567626953,-0.3408321738243103,18.410179138183594,-4.630859552983582,203935.390625,6.014247417449951,0.0,64.03137969970703,63.21397018432617,513.4765625,53.23206329345703,77.92463684082031,1.767965610135743,133.2156982421875,1809.215781191364,13.581100463867188,83.23206329345703,POINT (129000 460000),0.0
130000.0,459000.0,0,1.5827986001968384,0.0,12.738341331481934,-0.34017112851142883,19.3302001953125,-5.045403066687585,200281.640625,5.765707492828369,0.0,66.65733337402344,63.311893463134766,513.4765625,56.04796600341797,80.32437896728516,1.6510867705251215,136.58279418945312,1688.5730731017247,12.36299991607666,86.04796600341797,POINT (130000 459000),0.0
141000.0,455000.0,0,1.5319397449493408,0.0,13.059808731079102,-0.33382126688957214,20.292259216308594,-5.386809329757785,193846.125,5.5658040046691895,0.0,68.42617797851562,62.705894470214844,524.8046875,59.94398498535156,83.72748565673828,1.5296891440918772,126.59870147705078,1554.4041954066051,12.278200149536133,89.94398498535156,POINT (141000 455000),0.0
130000.0,458000.0,0,1.531820297241211,0.0,13.501300811767578,-0.3376728594303131,20.88844108581543,-5.698397504438773,193831.015625,5.407093524932861,0.0,70.62218475341797,63.222103118896484,513.4765625,60.11383819580078,83.73313903808594,1.4940124474006384,135.99710083007812,1526.8394831841288,11.22700023651123,90.11383819580078,POINT (130000 458000),0.0
128000.0,460000.0,0,1.5126174688339233,0.0,12.907295227050781,-0.3279231786727905,20.28656005859375,-5.3159206204347615,191401.15625,5.638751983642578,0.0,67.75083923339844,61.4112434387207,513.4765625,57.10877990722656,81.05084991455078,1.5579360127111685,128.75070190429688,1593.9594894194452,12.380200386047363,87.10877990722656,POINT (128000 460000),0.0
129000.0,457000.0,0,1.5080339908599854,0.0,14.453045845031738,-0.3423961400985718,22.475210189819336,-6.427442941380249,190821.1875,5.032430171966553,0.0,75.24092864990234,64.38057708740234,524.8046875,64.92992401123047,87.86931610107422,1.3713798247054452,131.14700317382812,1401.0827814083314,10.683300018310547,94.92992401123047,POINT (129000 457000),0.0
135000.0,454000.0,0,1.5035600662231445,0.0,15.245850563049316,-0.3491576910018921,23.627962112426758,-7.000529715307939,190255.0625,4.773554801940918,0.0,78.92503356933594,65.6276626586914,524.8046875,67.64656066894531,90.15570831298828,1.3049012655630823,131.05880737304688,1320.4829526932735,10.075499534606934,97.64656066894531,POINT (135000 454000),0.0
136000.0,457000.0,0,1.501781940460205,0.0,13.597926139831543,-0.3324533700942993,21.362916946411133,-5.830099186646863,190030.078125,5.35081672668457,0.0,71.2120590209961,62.35495376586914,502.1484375,60.089508056640625,83.5747299194336,1.4564184565164526,137.97030639648438,1481.3043493847654,10.73639965057373,90.08950805664062,POINT (136000 457000),0.0
128000.0,458000.0,0,1.4999629259109497,0.0,14.900558471679688,-0.34527555108070374,23.198781967163086,-6.763844465950711,189799.90625,4.87197208404541,0.0,77.33413696289062,65.04458618164062,536.1328125,67.2128677368164,89.84477996826172,1.3268244388793369,127.28350067138672,1356.1165676032324,10.65429973602295,97.2128677368164,POINT (128000 458000),0.0
129000.0,458000.0,0,1.4982738494873047,0.0,14.233222007751465,-0.33821597695350647,22.29047966003418,-6.291282952479655,189586.15625,5.102560520172119,0.0,74.23551177978516,63.63957595825195,524.8046875,63.949989318847656,86.98335266113281,1.3862750515505566,132.11610412597656,1417.0245184668893,10.725600242614746,93.94998931884766,POINT (129000 458000),0.0
132000.0,453000.0,0,1.443978190422058,0.0,11.545504570007324,-0.30153799057006836,19.115962982177734,-4.497202189543335,182715.796875,6.221017360687256,0.0,60.98994827270508,56.63466262817383,502.1484375,50.175445556640625,74.79277038574219,1.7089434796137972,130.05490112304688,1733.7358832336904,13.33080005645752,80.17544555664062,POINT (132000 453000),0.0
139000.0,456000.0,0,1.4284507036209106,0.0,13.643576622009277,-0.31872302293777466,22.33915901184082,-6.021851392482948,180751.0,5.248293399810791,0.0,71.67876434326172,60.49551773071289,502.1484375,62.5765380859375,85.62918090820312,1.3621650449410538,131.9425048828125,1383.8921273199376,10.48859977722168,92.5765380859375,POINT (139000 456000),0.0
140000.0,455000.0,0,1.3971612453460693,0.0,13.514517784118652,-0.3112073540687561,22.562698364257812,-5.996649857056045,176791.75,5.270326137542725,0.0,71.15753173828125,59.26599884033203,502.1484375,62.190895080566406,85.19518280029297,1.348233528277923,127.89669799804688,1368.9039815322321,10.703200340270996,92.1908950805664,POINT (140000 455000),0.0
134000.0,455000.0,0,1.3913575410842896,0.0,13.839858055114746,-0.31232041120529175,23.1158504486084,-6.234683389036389,176057.359375,5.172132968902588,0.0,72.76508331298828,59.203731536865234,490.8203125,60.99678039550781,83.93955993652344,1.3364828579485164,135.3278045654297,1356.1470194773574,10.021200180053711,90.99678039550781,POINT (134000 455000),0.0
130000.0,457000.0,0,1.3523160219192505,0.0,13.407135009765625,-0.3007124960422516,23.013914108276367,-6.01264182755202,171117.1875,5.292064189910889,0.0,70.80326080322266,57.329200744628906,490.8203125,60.09185791015625,83.0847396850586,1.337391797031968,135.03390502929688,1365.8004386001849,10.114500045776367,90.09185791015625,POINT (130000 457000),0.0
132000.0,454000.0,0,1.324021816253662,0.0,10.639640808105469,-0.27036377787590027,19.105180740356445,-4.118726445007726,167536.953125,6.617748260498047,0.0,56.58221435546875,51.10440444946289,468.1640625,44.829742431640625,69.72872924804688,1.7414359803234327,133.04049682617188,1768.8532212788996,13.295599937438965,74.82974243164062,POINT (132000 454000),0.0
127000.0,460000.0,0,1.3199832439422607,0.0,15.251147270202637,-0.3114657402038574,26.383567810058594,-7.3884973961068505,167025.921875,4.602320194244385,0.0,79.52549743652344,59.9742546081543,524.8046875,69.35260772705078,90.99392700195312,1.1623920399300445,123.62210083007812,1188.5399360930314,9.614299774169922,99.35260772705078,POINT (127000 460000),0.0
135000.0,455000.0,0,1.2913758754730225,0.0,14.112205505371094,-0.2945321202278137,25.046396255493164,-6.638414755927339,163406.046875,4.978760719299316,0.0,74.39070129394531,56.564361572265625,490.8203125,62.700767517089844,85.02188873291016,1.2292395143710453,134.20249938964844,1246.5667700054473,9.288700103759766,92.70076751708984,POINT (135000 455000),0.0
131000.0,458000.0,0,1.2671114206314087,0.0,12.464508056640625,-0.27528002858161926,22.770782470703125,-5.528553444620847,160335.703125,5.608564853668213,0.0,66.46695709228516,52.83061218261719,456.8359375,55.59010314941406,78.86686706542969,1.349066613808627,138.82919311523438,1378.0047517053026,9.92590045928955,85.59010314941406,POINT (131000 458000),0.0
138000.0,456000.0,0,1.2540302276611328,0.0,13.788962364196777,-0.28461939096450806,25.153934478759766,-6.492510251540243,158680.46875,5.0368804931640625,0.0,72.99214935302734,55.120948791503906,479.4921875,63.214881896972656,85.44383239746094,1.2008289645462575,133.19619750976562,1219.6109642064548,9.156499862670898,93.21488189697266,POINT (138000 456000),0.0
129000.0,456000.0,0,1.2461382150650024,0.0,14.333155632019043,-0.28769198060035706,26.188852310180664,-6.89225781725748,157681.84375,4.838701248168945,0.0,75.57776641845703,55.796138763427734,490.8203125,65.20809173583984,87.07957458496094,1.1616767943218553,129.7998046875,1186.4741164818406,9.140800476074219,95.20809173583984,POINT (129000 456000),0.0
133000.0,455000.0,0,1.2432266473770142,0.0,13.763689041137695,-0.28166747093200684,25.289182662963867,-6.494022189421086,157313.40625,5.058223247528076,0.0,72.92340850830078,54.389102935791016,468.1640625,61.31622314453125,83.63196563720703,1.206822587683854,135.93670654296875,1225.8228530113702,9.017600059509277,91.31622314453125,POINT (133000 455000),0.0
133000.0,458000.0,0,1.2087770700454712,0.0,10.837565422058105,-0.2500721514225006,20.921228408813477,-4.510211793159618,152954.296875,6.381822109222412,0.0,58.16917037963867,47.89077377319336,434.1796875,46.42071533203125,70.7123794555664,1.5284716090236514,141.3822021484375,1559.346684834105,11.02929973602295,76.42071533203125,POINT (133000 458000),0.0
135000.0,457000.0,0,1.2085016965866089,0.0,12.514793395996094,-0.2638436257839203,23.775794982910156,-5.687784994901597,152919.453125,5.539126873016357,0.0,66.92513275146484,50.9138069152832,456.8359375,55.137359619140625,78.17402648925781,1.3009588791218618,139.06109619140625,1323.8616993993055,9.520000457763672,85.13735961914062,POINT (135000 457000),0.0
139000.0,455000.0,0,1.2072221040725708,0.0,14.031685829162598,-0.2773423194885254,26.39739418029785,-6.763028725571626,152757.53125,4.894498348236084,0.0,74.30107879638672,54.15559768676758,479.4921875,64.8812484741211,86.69157409667969,1.1402359627162857,129.1697998046875,1157.012671836419,8.957300186157227,94.8812484741211,POINT (139000 455000),0.0
129000.0,455000.0,0,1.2064110040664673,0.0,13.5404052734375,-0.2724839746952057,25.56607437133789,-6.415841584360207,152654.90625,5.095724105834961,0.0,71.9554443359375,52.961578369140625,479.4921875,61.371665954589844,83.5974349975586,1.1933957120235095,128.05850219726562,1218.7456140545837,9.51710033416748,91.37166595458984,POINT (129000 455000),0.0
131000.0,457000.0,0,1.2005786895751953,0.0,12.639801979064941,-0.26350533962249756,24.12508773803711,-5.793766404213363,151916.890625,5.466019630432129,0.0,67.5808334350586,51.01580810546875,456.8359375,56.48905944824219,79.34925079345703,1.2705778305552673,137.8094024658203,1296.7726565201156,9.409899711608887,86.48905944824219,POINT (131000 457000),0.0
134000.0,456000.0,0,1.1951615810394287,0.0,12.539087295532227,-0.2613244950771332,24.04005241394043,-5.732902734666001,151231.4375,5.51816987991333,0.0,67.09383392333984,50.48898696899414,456.8359375,55.04850769042969,78.02374267578125,1.2889367761754398,137.8618927001953,1310.2946078995883,9.504400253295898,85.04850769042969,POINT (134000 456000),0.0
136000.0,454000.0,0,1.1905089616775513,0.0,15.071038246154785,-0.282571017742157,28.508329391479492,-7.527990878622964,150642.703125,4.541736602783203,0.0,79.1618423461914,55.28151321411133,490.8203125,67.97248077392578,89.12731170654297,1.0756332010623277,129.75360107421875,1088.6975987227052,8.39050006866455,97.97248077392578,POINT (136000 454000),0.0
128000.0,457000.0,0,1.1899631023406982,0.0,15.119674682617188,-0.2832607924938202,28.60993003845215,-7.565845277698973,150573.640625,4.5123395919799805,0.0,79.36878204345703,55.57663345336914,502.1484375,69.30880737304688,90.35587310791016,1.0684333766224658,126.24299621582031,1091.6863145920943,8.647500038146973,99.30880737304688,POINT (128000 457000),0.0
135000.0,456000.0,0,1.1801226139068604,0.0,13.585413932800293,-0.26725059747695923,26.124435424804688,-6.501159898650098,149328.453125,5.063644886016846,0.0,72.29290008544922,52.004051208496094,456.8359375,60.461448669433594,82.59867858886719,1.1672461523578106,136.88839721679688,1185.8641997103696,8.663000106811523,90.4614486694336,POINT (135000 456000),0.0
131000.0,452000.0,0,1.1519083976745605,0.0,13.930877685546875,-0.2651953101158142,27.30010986328125,-6.8084147431368836,145758.328125,4.870331764221191,0.0,74.00418853759766,52.22239685058594,479.4921875,64.77815246582031,86.3531723022461,1.1044267749989147,126.23570251464844,1122.8413502269832,8.894800186157227,94.77815246582031,POINT (131000 452000),0.0
131000.0,453000.0,0,1.15152907371521,0.0,12.342926025390625,-0.2514265477657318,24.46554946899414,-5.691005891016,145710.328125,5.537942409515381,0.0,66.25508117675781,49.0186882019043,456.8359375,55.89104461669922,78.68633270263672,1.2494305670471377,129.1154022216797,1270.7796477998636,9.84220027923584,85.89104461669922,POINT (131000 453000),0.0
129000.0,454000.0,0,1.1497957706451416,0.0,12.944607734680176,-0.2559984028339386,25.57091522216797,-6.116656328686775,145491.015625,5.275875091552734,0.0,69.2542724609375,50.04186248779297,468.1640625,58.71257781982422,81.07135009765625,1.1943973263837018,125.96489715576172,1219.7685045310282,9.68340015411377,88.71257781982422,POINT (129000 454000),0.0
136000.0,453000.0,0,1.118042230606079,0.0,16.183765411376953,-0.2774917185306549,32.1601448059082,-8.464670653184205,141473.046875,4.119194507598877,0.0,84.34725952148438,55.19145584106445,490.8203125,73.58716583251953,93.5889663696289,0.9609696177335675,126.32610321044922,971.0687298382436,7.686999797821045,103.58716583251953,POINT (136000 453000),0.0
127000.0,459000.0,0,1.095985770225525,0.0,15.828274726867676,-0.2699406147003174,32.06169128417969,-8.260815224454046,138682.078125,4.187286853790283,0.0,82.8511962890625,53.95158386230469,490.8203125,72.94827270507812,92.98320007324219,0.9585727137671066,122.67849731445312,979.7349975629913,7.986199855804443,102.94827270507812,POINT (127000 459000),0.0
137000.0,456000.0,0,1.0609999895095825,0.0,14.030658721923828,-0.24706590175628662,29.495807647705078,-7.067012650340223,134255.125,4.7433319091796875,0.0,74.80480194091797,49.27043914794922,456.8359375,64.23677062988281,85.30155181884766,1.0286541471149797,134.43800354003906,1044.637069066739,7.770400047302246,94.23677062988281,POINT (137000 456000),0.0
133000.0,456000.0,0,1.0598738193511963,0.0,11.993963241577148,-0.23016972839832306,25.578210830688477,-5.640933160523297,134112.609375,5.614006519317627,0.0,64.83213806152344,45.24338150024414,434.1796875,52.911705017089844,75.59634399414062,1.2062011565812296,138.27920532226562,1227.3108955575444,8.87559986114502,82.91170501708984,POINT (133000 456000),0.0
136000.0,456000.0,0,1.0466777086257935,0.0,14.035679817199707,-0.24395669996738434,29.852548599243164,-7.099184741326485,132442.828125,4.733236789703369,0.0,74.89038848876953,48.685543060302734,445.5078125,63.58887481689453,84.61396026611328,1.0171087255478493,135.6822967529297,1033.0171823736237,7.613500118255615,93.58887481689453,POINT (136000 456000),0.0
136000.0,455000.0,0,1.0436601638793945,0.0,14.447751998901367,-0.2466917634010315,30.737897872924805,-7.3944023336900715,132061.0,4.584305286407471,0.0,76.810546875,49.34602355957031,456.8359375,65.46014404296875,86.18189239501953,0.9948520338537109,132.9221954345703,1008.7731282287423,7.589200019836426,95.46014404296875,POINT (136000 455000),0.0
139000.0,454000.0,0,1.0434414148330688,0.0,13.87865161895752,-0.24239999055862427,29.631296157836914,-6.998359663046873,132033.3125,4.769403457641602,0.0,74.12776184082031,48.54722595214844,468.1640625,64.36129760742188,85.37840270996094,1.025067780025144,126.04209899902344,1038.990268549096,8.243200302124023,94.36129760742188,POINT (139000 454000),0.0
130000.0,455000.0,0,1.0419330596923828,0.0,12.419425010681152,-0.23009668290615082,26.792612075805664,-5.977743760216936,131842.453125,5.38299560546875,0.0,67.04084777832031,45.578392028808594,445.5078125,56.00627899169922,78.19681549072266,1.1424432412773695,131.77760314941406,1165.4016428610194,8.843700408935547,86.00627899169922,POINT (130000 455000),0.0
132000.0,458000.0,0,1.0378873348236084,0.0,10.28785514831543,-0.21318678557872772,22.690649032592773,-4.500007598879055,131330.515625,6.5095438957214355,0.0,55.82291793823242,41.613853454589844,411.5234375,44.21916961669922,68.16690063476562,1.3998228214403974,140.59860229492188,1428.97387082543,10.16349983215332,74.21916961669922,POINT (132000 458000),0.0
130000.0,453000.0,0,1.030409574508667,0.0,12.900148391723633,-0.23179271817207336,28.009052276611328,-6.339864709507271,130384.3203125,5.14550256729126,0.0,69.45838165283203,46.25298309326172,456.8359375,59.4083251953125,81.09149932861328,1.0856726200263,126.96900177001953,1106.6999114841965,8.716300010681152,89.4083251953125,POINT (130000 453000),0.0
132000.0,456000.0,0,1.022608757019043,0.0,12.547261238098145,-0.22710731625556946,27.481178283691406,-6.107443164776535,129397.2265625,5.308587074279785,0.0,67.76587677001953,45.103206634521484,434.1796875,56.0946044921875,78.11239624023438,1.112700834064507,137.8291015625,1133.3273698221892,8.222700119018555,86.0946044921875,POINT (132000 456000),0.0
134000.0,457000.0,0,1.00429105758667,0.0,11.066450119018555,-0.21230262517929077,24.905092239379883,-5.114150476463914,127079.375,6.020406723022461,0.0,60.20597839355469,41.83241653442383,411.5234375,48.138336181640625,71.28094482421875,1.2481587076416076,139.86309814453125,1270.907947293017,9.086799621582031,78.13833618164062,POINT (134000 457000),0.0
131000.0,456000.0,0,0.9859845042228699,0.0,13.15233325958252,-0.2245454043149948,29.6181583404541,-6.608570642175928,124762.921875,4.996325969696045,0.0,70.87655639648438,45.11683654785156,434.1796875,59.656517028808594,80.94500732421875,1.0264357242923563,136.30909729003906,1046.6357780396065,7.678400039672852,89.6565170288086,POINT (131000 456000),0.0
133000.0,454000.0,0,0.9857242703437805,0.0,16.046472549438477,-0.2483617067337036,35.65583038330078,-8.640139112836914,124729.9921875,3.9902923107147217,0.0,84.18907928466797,50.73442459106445,456.8359375,73.83998107910156,93.01881408691406,0.8675791942180295,133.09579467773438,879.6301344420353,6.609000205993652,103.83998107910156,POINT (133000 454000),0.0
132000.0,457000.0,0,0.9835055470466614,0.0,11.186031341552734,-0.20919634401798248,25.602779388427734,-5.2427363205742825,124449.25,5.92313814163208,0.0,60.920677185058594,41.437191009521484,411.5234375,49.18841552734375,72.0858383178711,1.206485371510683,139.4658966064453,1230.3542445591447,8.821900367736816,79.18841552734375,POINT (132000 457000),0.0
130000.0,456000.0,0,0.9799805879592896,0.0,13.669646263122559,-0.2274964153766632,30.858625411987305,-6.98364862243819,124003.2109375,4.777205944061279,0.0,73.38909149169922,45.95478057861328,434.1796875,62.60639190673828,83.43302917480469,0.9807056963461297,133.63119506835938,1000.924383010366,7.490200042724609,92.60639190673828,POINT (130000 456000),0.0
137000.0,454000.0,0,0.9593660831451416,0.0,14.72567367553711,-0.2316064089536667,33.6923942565918,-7.7655556504527485,121394.7265625,4.373599052429199,0.0,78.35923767089844,47.24311065673828,456.8359375,67.54312133789062,87.47007751464844,0.915720212235374,128.5124969482422,927.2176850910182,7.215000152587891,97.54312133789062,POINT (137000 454000),0.0
132000.0,451000.0,0,0.9527999758720398,0.0,14.589644432067871,-0.22995001077651978,33.62075424194336,-7.689085588694438,120563.8671875,4.376580238342285,0.0,77.75557708740234,47.24281311035156,456.8359375,69.38063049316406,89.17957305908203,0.9012955796947151,124.00630187988281,913.8148508199884,7.369100093841553,99.38063049316406,POINT (132000 451000),0.0
130000.0,454000.0,0,0.9486234784126282,0.0,12.445902824401855,-0.21175453066825867,29.116661071777344,-6.195625277072686,120035.3984375,5.242676734924316,0.0,67.51396179199219,42.714874267578125,434.1796875,56.82988739013672,78.39704895019531,1.0466610920577601,129.5186004638672,1067.25917707599,8.24020004272461,86.82988739013672,POINT (130000 454000),0.0
131000.0,454000.0,0,0.9381752014160156,0.0,11.384977340698242,-0.20185770094394684,27.09506607055664,-5.479411825134721,118713.3046875,5.748968124389648,0.0,62.13831329345703,40.42082595825195,411.5234375,50.939979553222656,73.36004638671875,1.1296458689918292,131.87969970703125,1149.7667682473548,8.718299865722656,80.93997955322266,POINT (131000 454000),0.0
133000.0,457000.0,0,0.9304543733596802,0.0,10.504961967468262,-0.19408129155635834,25.366674423217773,-4.8848833679030115,117736.34375,6.240170001983643,0.0,57.471900939941406,38.554969787597656,388.8671875,45.432044982910156,68.63418579101562,1.2244533419670816,140.08889770507812,1247.6597980282968,8.906200408935547,75.43204498291016,POINT (133000 457000),0.0
138000.0,455000.0,0,0.9292179942131042,0.0,14.189045906066895,-0.22132809460163116,33.48060989379883,-7.454288861721244,117579.8984375,4.506162166595459,0.0,75.98941802978516,45.40890884399414,445.5078125,65.90118408203125,85.9402084350586,0.913026089435365,130.42149353027344,926.0838862744349,7.1006999015808105,95.90118408203125,POINT (138000 455000),0.0
139000.0,453000.0,0,0.9003377556800842,0.0,13.869682312011719,-0.21286997199058533,33.70405960083008,-7.291341473546791,113925.5,4.581604480743408,0.0,74.5837631225586,43.87398910522461,445.5078125,64.5689468383789,84.63656616210938,0.9089626552545257,122.60489654541016,920.4685005384163,7.507599830627441,94.5689468383789,POINT (139000 453000),0.0
137000.0,455000.0,0,0.8910986185073853,0.0,14.450834274291992,-0.21525707840919495,35.34225082397461,-7.715253048833192,112756.40625,4.367724895477295,0.0,77.34130096435547,44.535423278808594,434.1796875,66.55753326416016,86.1697998046875,0.8712435181559904,131.66299438476562,883.5244926791929,6.7104997634887695,96.55753326416016,POINT (137000 455000),0.0
137000.0,453000.0,0,0.8795145153999329,0.0,15.316865921020508,-0.2196132093667984,37.7706298828125,-8.344646698868178,111290.59375,4.066709518432617,0.0,81.29896545410156,45.7767219543457,445.5078125,70.58089447021484,89.48561096191406,0.8284863244196636,125.08889770507812,837.8704828569898,6.698200225830078,100.58089447021484,POINT (137000 453000),0.0
138000.0,454000.0,0,0.859795868396759,0.0,14.35228157043457,-0.20811226963996887,36.25474548339844,-7.712272822801353,108795.46875,4.348543167114258,0.0,76.98554229736328,43.41317367553711,434.1796875,66.6597671508789,86.06776428222656,0.851271862591852,127.285400390625,862.3967765683774,6.775300025939941,96.6597671508789,POINT (138000 454000),0.0
129000.0,453000.0,0,0.8439727425575256,0.0,13.840173721313477,-0.20111341774463654,35.62612533569336,-7.3890835467684575,106793.265625,4.501671314239502,0.0,74.64308166503906,42.04112243652344,434.1796875,64.83688354492188,84.46855926513672,0.8624698797625926,123.62239837646484,880.9702800073501,7.126299858093262,94.83688354492188,POINT (129000 453000),0.0
132000.0,455000.0,0,0.8373003005981445,0.0,14.178823471069336,-0.2018820196390152,36.695247650146484,-7.6365011263561,105948.9609375,4.385805130004883,0.0,76.26651000976562,42.212589263916016,422.8515625,65.03813934326172,84.4543228149414,0.8447760571482759,135.6750946044922,859.2981992561254,6.333499908447266,95.03813934326172,POINT (132000 455000),0.0
127000.0,457000.0,0,0.8110539317131042,0.0,15.639609336853027,-0.20791564881801605,41.44258499145508,-8.712588688917696,102627.84375,3.8496780395507812,0.0,82.92999267578125,44.311790466308594,456.8359375,73.1085205078125,91.15013122558594,0.7735808430568054,120.48410034179688,790.2552159802872,6.559000015258789,103.1085205078125,POINT (127000 457000),0.0
138000.0,453000.0,0,0.7863185405731201,0.0,14.540262222290039,-0.19415389001369476,39.761962890625,-7.995383710261345,99497.9140625,4.1649169921875,0.0,78.0856704711914,41.34904861450195,434.1796875,67.7037353515625,86.35523986816406,0.792960142829459,123.85369873046875,802.5100182457827,6.479499816894531,97.7037353515625,POINT (138000 453000),0.0
131000.0,455000.0,0,0.779729962348938,0.0,13.658555030822754,-0.18626998364925385,37.76043701171875,-7.395196940783501,98664.21875,4.476621627807617,0.0,74.03659057617188,39.44191360473633,400.1953125,63.052757263183594,82.36202239990234,0.8155122417904351,134.31829833984375,830.7989537102985,6.185299873352051,93.0527572631836,POINT (131000 455000),0.0
130000.0,452000.0,0,0.7092174887657166,0.0,14.233979225158691,-0.1762779802083969,42.78968811035156,-7.945037005955637,89741.8203125,4.106561183929443,0.0,76.94686889648438,38.52587127685547,411.5234375,67.89864349365234,85.93984985351562,0.7358226473424777,124.31379699707031,749.9975845968002,6.033100128173828,97.89864349365234,POINT (130000 452000),0.0
131000.0,451000.0,0,0.6749910116195679,0.0,15.423006057739258,-0.17796294391155243,48.35102081298828,-8.844110123675378,85410.9296875,3.636758804321289,0.0,82.42742919921875,39.79288864135742,422.8515625,74.3786392211914,91.09571838378906,0.6760474140685053,123.46759796142578,687.3194388382035,5.566800117492676,104.3786392211914,POINT (131000 451000),0.0
132000.0,450000.0,0,0.6485780477523804,0.0,15.879512786865234,-0.1758520007133484,51.59513854980469,-9.216882140327701,82068.7265625,3.4416496753692627,0.0,84.51595306396484,39.874786376953125,422.8515625,77.0010986328125,93.06578063964844,0.6465944587704745,121.29720306396484,655.8418386401063,5.406899929046631,107.0010986328125,POINT (132000 450000),0.0
137000.0,452000.0,0,0.6021948456764221,0.0,16.35540771484375,-0.16816920042037964,56.82923126220703,-9.634590722857046,76199.5625,3.252169132232666,0.0,86.7143325805664,38.62388610839844,422.8515625,76.37158966064453,91.78170776367188,0.6196154345076977,121.50779724121094,626.1904428164053,5.153500080108643,106.37158966064453,POINT (137000 452000),0.0
138000.0,452000.0,0,0.5956887602806091,0.0,14.884430885314941,-0.1564057469367981,52.38930130004883,-8.626902003763345,75376.3046875,3.6670279502868652,0.0,80.27678680419922,35.69478988647461,411.5234375,69.89002227783203,86.28216552734375,0.6466038715718134,120.20179748535156,653.861733004378,5.439700126647949,99.89002227783203,POINT (138000 452000),0.0
133000.0,452000.0,0,2.556330680847168,0.0,12.511863708496094,-0.5257279276847839,13.168231964111328,-2.7670259587593553,323468.875,6.4873127937316895,0.0,61.76112365722656,93.11141967773438,638.0859375,51.352691650390625,77.89852142333984,2.9132464427715123,126.58429718017578,2945.3508274632186,23.267900466918945,81.35269165039062,POINT (133000 452000),7.932286651820571
139000.0,458000.0,0,4.9924092292785645,0.0,14.844364166259766,-1.0267107486724854,9.520709037780762,0.8175016142115175,631721.4375,6.487564563751221,0.0,64.63336181640625,173.75192260742188,841.9921875,55.77825164794922,83.66947174072266,5.405602067328788,136.3153076171875,5508.051758599468,40.406700134277344,85.77825164794922,POINT (139000 458000),30.764011050697782
128000.0,456000.0,0,0.9444026350975037,0.0,15.176526069641113,-0.23237858712673187,35.148040771484375,-8.114103942822432,119501.3046875,4.19609260559082,0.0,80.43907165527344,47.756656646728516,468.1640625,70.40325164794922,89.85350799560547,0.883541982747019,124.90260314941406,902.7710216070045,7.227799892425537,100.40325164794922,POINT (128000 456000),31.83055321332229
136000.0,452000.0,0,0.6317176818847656,0.0,18.495542526245117,-0.19134080410003662,61.29682922363281,-11.071151472305633,79935.28125,2.8033604621887207,0.0,95.50125885009766,43.823097229003906,445.5078125,85.91254425048828,100.28814697265625,0.6021487564566053,122.81790161132812,607.9240511761018,4.94980001449585,115.91254425048828,POINT (136000 452000),33.31144056057842
129000.0,461000.0,0,5.851429462432861,0.0,14.881895065307617,-1.1835403442382812,8.640240669250488,2.718336520730853,740418.75,6.799010276794434,0.0,61.50519943237305,199.49642944335938,909.9609375,50.60637664794922,78.96711730957031,7.169327742377937,133.54159545898438,7339.606431703898,54.96120071411133,80.60637664794922,POINT (129000 461000),44.294614674674065
127000.0,458000.0,0,0.967517077922821,0.0,15.662311553955078,-0.24133682250976562,35.436119079589844,-8.407922833672428,122426.125,4.075648307800293,0.0,82.52381896972656,49.473060607910156,479.4921875,72.71368408203125,91.99054718017578,0.8797754486201625,121.65760040283203,898.8306597205883,7.388199806213379,102.71368408203125,POINT (127000 458000),94.88067399025951
139000.0,452000.0,0,0.7461879849433899,0.0,13.927682876586914,-0.18137206137180328,40.01891326904297,-7.652836569638586,94419.9375,4.308868408203125,0.0,75.38671112060547,38.92860794067383,422.8515625,65.12134552001953,83.87164306640625,0.7851384755215428,118.91069793701172,794.513730494702,6.681600093841553,95.12134552001953,POINT (139000 452000),95.19424575888677
132000.0,449000.0,0,0.26355883479118347,0.0,16.744821548461914,-0.09751459956169128,127.60054016113281,-10.589272421308369,33349.78515625,2.0140554904937744,0.0,89.41914367675781,28.427152633666992,366.2109375,82.54280853271484,91.725830078125,0.4065518344055142,118.78289794921875,412.44986280213925,3.4723000526428223,112.54280853271484,POINT (132000 449000),135.51955400688612
133000.0,451000.0,0,2.3997323513031006,0.0,13.985127449035645,-0.5157340168952942,15.11471176147461,-4.193369913676107,303653.46875,5.76600980758667,0.0,69.82826232910156,91.62356567382812,638.0859375,60.59465789794922,86.13399505615234,2.292266135657467,123.50260162353516,2318.2303404529957,18.770700454711914,90.59465789794922,POINT (133000 451000),173.21359623453566
133000.0,450000.0,0,1.1166272163391113,0.0,15.07740592956543,-0.2682449221611023,30.163654327392578,-7.692308260589272,141293.984375,4.42147159576416,0.0,79.40664672851562,53.510047912597656,502.1484375,71.28549194335938,91.81315612792969,1.0053102171640549,120.66079711914062,1017.520487761969,8.432900428771973,101.28549194335938,POINT (133000 450000),205.9729190417166
133000.0,460000.0,0,4.4575653076171875,0.0,15.346453666687012,-0.9372518658638,10.498746871948242,-0.7595513243853091,564044.25,6.107315540313721,0.0,69.19953918457031,158.25396728515625,785.3515625,58.455535888671875,85.90184020996094,4.395942635560169,142.60069274902344,4492.991283271578,31.50749969482422,88.45553588867188,POINT (133000 460000),209.4141299117042
137000.0,460000.0,0,4.860406398773193,0.0,15.289833068847656,-1.0123860836029053,9.897760391235352,0.16977392546335457,615018.3125,6.264208793640137,0.0,67.43687438964844,170.68167114257812,819.3359375,57.60358428955078,85.31359100341797,4.969376622872582,141.15939331054688,5077.009224731242,35.96649932861328,87.60358428955078,POINT (137000 460000),211.64842340265818
133000.0,449000.0,0,0.5032966732978821,0.0,15.705670356750488,-0.1432473361492157,64.6120376586914,-9.390563256190608,63685.34375,3.1382510662078857,0.0,84.2192611694336,34.67783737182617,400.1953125,76.74048614501953,91.06208801269531,0.5590095284364676,117.91729736328125,566.0855915829889,4.8007001876831055,106.74048614501953,POINT (133000 449000),253.7420418085993
141000.0,454000.0,0,1.4065003395080566,0.0,12.975802421569824,-0.3079635202884674,21.64220428466797,-5.594409888339364,177973.484375,5.498871803283691,0.0,68.45818328857422,58.51496887207031,513.4765625,59.609718322753906,83.00426483154297,1.4250897282486963,123.51909637451172,1446.7915812712454,11.71310043334961,89.6097183227539,POINT (141000 454000),256.86082483543146
142000.0,455000.0,0,4.566177845001221,0.0,14.974160194396973,-0.9500569701194763,10.14706039428711,-0.2294181498725652,577787.6875,6.282947540283203,0.0,66.80422973632812,161.16493225097656,841.9921875,58.71571350097656,86.28643798828125,4.6616167956292625,125.2750015258789,4743.199799613649,37.862300872802734,88.71571350097656,POINT (142000 455000),267.4393071154748
139000.0,459000.0,0,5.564294815063477,0.0,14.98664379119873,-1.1352760791778564,8.958398818969727,1.9801166816157818,704085.75,6.633307933807373,0.0,63.216495513916016,191.55685424804688,875.9765625,54.32292175292969,82.47997283935547,6.304584095137218,137.89320373535156,6437.847393748874,46.687198638916016,84.32292175292969,POINT (139000 459000),298.3971597243178
135000.0,452000.0,0,4.0044264793396,0.0,12.064462661743164,-0.7848206758499146,9.413362503051758,0.8025819017519831,506705.6875,7.462499141693115,0.0,53.36727523803711,136.14950561523438,785.3515625,41.651832580566406,69.84909057617188,5.9203015647164605,124.14779663085938,5969.249348461744,48.0817985534668,71.6518325805664,POINT (135000 452000),298.6770186441839
140000.0,454000.0,0,1.2983142137527466,0.0,13.489754676818848,-0.29092517495155334,23.949920654296875,-6.187721664880371,164284.0,5.1941022872924805,0.0,71.3685073852539,56.00435256958008,502.1484375,62.03038787841797,84.65071105957031,1.2737294689119443,124.78469848632812,1291.9459260597068,10.353400230407715,92.03038787841797,POINT (140000 454000),307.2706778223018
131000.0,450000.0,0,0.3049461543560028,0.0,16.605772018432617,-0.10575982928276062,109.92633056640625,-10.410756792349506,38586.78515625,2.2310211658477783,0.0,88.71220397949219,29.568073272705078,366.2109375,81.48198699951172,91.69197845458984,0.4292470628914472,120.93560028076172,436.4928497757701,3.609299898147583,111.48198699951172,POINT (131000 450000),352.0686359300615
130000.0,460000.0,0,5.097716331481934,0.0,15.120244026184082,-1.0521472692489624,9.5208101272583,0.8345695682580649,645046.6875,6.423197269439697,0.0,65.64653778076172,177.26962280273438,853.3203125,54.94354248046875,82.86660766601562,5.534710104566672,136.88690185546875,5663.845952711999,41.3760986328125,84.94354248046875,POINT (130000 460000),353.15708793073594
131000.0,460000.0,0,5.6396307945251465,0.0,14.939223289489746,-1.147228717803955,8.862701416015625,2.191312927717781,713618.5625,6.689337253570557,0.0,62.693912506103516,193.31524658203125,875.9765625,52.008453369140625,80.2525863647461,6.625235218887721,139.67739868164062,6777.734090489335,48.524200439453125,82.00845336914062,POINT (131000 460000),375.4608982577492
136000.0,451000.0,0,2.2542691230773926,0.0,11.212332725524902,-0.45139676332473755,13.21684455871582,-2.4775080158318104,285247.09375,6.999719142913818,0.0,55.87739562988281,80.92186737060547,615.4296875,44.38056182861328,71.14788055419922,3.0117244746181515,119.3290023803711,3040.6103541758785,25.480899810791016,74.38056182861328,POINT (136000 451000),391.5542260503336
142000.0,454000.0,0,1.4590851068496704,0.0,12.46013069152832,-0.3135610818862915,20.263490676879883,-5.116287190434114,184627.359375,5.766744613647461,0.0,65.65814208984375,59.23656463623047,524.8046875,57.23466491699219,81.1474838256836,1.546189428137279,122.24829864501953,1571.3306762489374,12.853599548339844,87.23466491699219,POINT (142000 454000),394.8815960467308
135000.0,461000.0,0,4.843024730682373,0.0,15.464371681213379,-1.012869954109192,10.003592491149902,-0.005944175239312649,612818.875,6.19568395614624,0.0,68.37317657470703,170.44366455078125,819.3359375,57.84760284423828,85.51547241210938,4.891997816905769,143.00160217285156,5005.1133543709875,35.00040054321289,87.84760284423828,POINT (135000 461000),411.5407020941114
134000.0,461000.0,0,4.64894962310791,0.0,15.562233924865723,-0.9783995151519775,10.321451187133789,-0.5105627568145037,588261.375,6.092192649841309,0.0,69.58509063720703,164.7206268310547,796.6796875,58.96253204345703,86.47640228271484,4.552452384364613,143.10609436035156,4657.716760497948,32.547298431396484,88.96253204345703,POINT (134000 461000),439.9976659572072
136000.0,461000.0,0,5.455312728881836,0.0,15.240056991577148,-1.1216121912002563,9.178362846374512,1.5313656990585742,690295.5625,6.492337226867676,0.0,64.99401092529297,188.6034698486328,853.3203125,54.572235107421875,82.64400482177734,6.004210232758167,142.51919555664062,6144.929016999435,43.11650085449219,84.57223510742188,POINT (136000 461000),443.90631579388787
128000.0,453000.0,0,0.6619977951049805,0.0,15.045727729797363,-0.17190055549144745,48.04539489746094,-8.60474194433298,83766.8125,3.749920129776001,0.0,80.78359985351562,38.3522834777832,422.8515625,71.24887084960938,88.221923828125,0.6848367128932833,119.14430236816406,701.6050543553065,5.888700008392334,101.24887084960938,POINT (128000 453000),446.24533652584034
129000.0,462000.0,0,6.746600151062012,0.0,14.702363014221191,-1.3361892700195312,7.869642734527588,4.910397190179608,853690.4375,7.2303242683410645,0.0,56.952877044677734,225.95166015625,966.6015625,45.87751770019531,74.61613464355469,9.57406848174948,133.83470153808594,9808.491149898386,73.28810119628906,75.87751770019531,POINT (129000 462000),488.30478304622017
128000.0,454000.0,0,0.8703494668006897,0.0,14.530442237854004,-0.2117186039686203,36.28186798095703,-7.815002925684965,110130.890625,4.301447868347168,0.0,77.74494171142578,44.12562561035156,456.8359375,67.72305297851562,87.0693359375,0.8589969652519361,121.29350280761719,878.5895158115527,7.243500232696533,97.72305297851562,POINT (128000 454000),507.2524028821463
140000.0,458000.0,0,6.278860569000244,0.0,14.701414108276367,-1.2552287578582764,8.212628364562988,3.834201377085149,794504.375,7.033296585083008,0.0,58.85805892944336,212.40744018554688,932.6171875,50.10515594482422,78.6353530883789,8.08330231596684,135.05419921875,8246.584754666314,61.06129837036133,80.10515594482422,POINT (140000 458000),534.3399234363301
127000.0,461000.0,0,1.4827404022216797,0.0,13.951542854309082,-0.3321860432624817,22.086673736572266,-6.122815057692289,187620.625,5.1965742111206055,0.0,72.94482421875,62.53742980957031,524.8046875,62.5003662109375,85.66545104980469,1.404967024204385,124.55750274658203,1437.3063870722617,11.539299964904785,92.5003662109375,POINT (127000 461000),568.8336034749341
130000.0,451000.0,0,0.34600338339805603,0.0,15.93211841583252,-0.1102604940533638,93.43082427978516,-9.862478940939768,43782.01953125,2.5668153762817383,0.0,85.71054077148438,29.610973358154297,366.2109375,77.67823028564453,89.21206665039062,0.4579309147957794,121.75479888916016,466.99053137160263,3.8355000019073486,107.67823028564453,POINT (130000 451000),577.4738769120742
126000.0,460000.0,0,0.8948897123336792,0.0,16.003116607666016,-0.228683203458786,38.768672943115234,-8.795662615931734,113236.1171875,3.8748178482055664,0.0,84.24527740478516,47.74211502075195,479.4921875,74.42728424072266,92.93135833740234,0.8209274204242354,117.98210144042969,838.7937420895469,7.109499931335449,104.42728424072266,POINT (126000 460000),588.4603181880697
126000.0,459000.0,0,0.6869221925735474,0.0,16.376148223876953,-0.18696328997612,50.39259719848633,-9.479567851562726,86920.65625,3.41615891456604,0.0,86.52672576904297,41.622554779052734,445.5078125,76.87785339355469,93.19692993164062,0.6728037308335778,116.71399688720703,687.0953094700162,5.88700008392334,106.87785339355469,POINT (126000 459000),591.8759767161317
134000.0,452000.0,0,3.4231600761413574,0.0,11.619465827941895,-0.6720632910728455,10.144272804260254,-0.1687294579958707,433154.34375,7.423255443572998,0.0,53.29494857788086,117.52739715576172,728.7109375,41.79131317138672,69.71334075927734,4.984648378061182,125.46089935302734,5024.84723742574,40.05110168457031,71.79131317138672,POINT (134000 452000),593.6573070061476
126000.0,457000.0,0,0.5022754669189453,0.0,16.394906997680664,-0.1468910425901413,67.4854965209961,-9.864599586953831,63556.125,2.9853622913360596,0.0,87.19125366210938,35.458396911621094,411.5234375,77.5740966796875,91.57933807373047,0.5563960561674532,114.07360076904297,568.0408969935888,4.979599952697754,107.5740966796875,POINT (126000 457000),636.3089194975428
140000.0,453000.0,0,1.2161494493484497,0.0,13.302877426147461,-0.27259552478790283,24.99224853515625,-6.229209763230228,153887.171875,5.190326690673828,0.0,70.75302124023438,52.96842575073242,490.8203125,61.083824157714844,83.46844482421875,1.220276681872366,121.3593978881836,1236.7251280808778,10.190600395202637,91.08382415771484,POINT (140000 453000),644.2910603505815
140000.0,457000.0,0,4.98378849029541,0.0,14.7509126663208,-1.022812843322754,9.486836433410645,0.8737649839587808,630630.625,6.525170803070068,0.0,64.1461410522461,173.2785186767578,853.3203125,55.534385681152344,83.44246673583984,5.45610219755403,133.0511932373047,5554.980706861708,41.750701904296875,85.53438568115234,POINT (140000 457000),661.9115455596989
138000.0,451000.0,0,0.4200259745121002,0.0,15.482035636901855,-0.12269023060798645,75.48829650878906,-9.397645886133581,53148.57421875,2.991868257522583,0.0,83.50243377685547,30.882722854614258,388.8671875,73.27275848388672,86.66311645507812,0.5174637458443373,116.37789916992188,523.0604864649649,4.494500160217285,103.27275848388672,POINT (138000 451000),663.6685868933773
138000.0,460000.0,0,4.933220386505127,0.0,15.362504005432129,-1.0278273820877075,9.838621139526367,0.27199216461149456,624231.9375,6.2596588134765625,0.0,67.51873779296875,173.21176147460938,830.6640625,58.18773651123047,85.9102554321289,5.020057073071175,140.1656036376953,5132.457891597238,36.61709976196289,88.18773651123047,POINT (138000 460000),672.5965406398877
135000.0,451000.0,0,2.1046853065490723,0.0,11.390421867370605,-0.4257007837295532,14.086787223815918,-2.9386536373845127,266319.28125,6.799182415008545,0.0,57.49409484863281,76.759521484375,592.7734375,46.49476623535156,72.88591766357422,2.6761667438764665,120.8375015258789,2700.198474505538,22.345699310302734,76.49476623535156,POINT (135000 451000),685.2340697054927
128000.0,462000.0,0,5.645538330078125,0.0,14.809428215026855,-1.1442432403564453,8.799811363220215,2.314909882926768,714366.0625,6.7592010498046875,0.0,61.87577819824219,193.0312957763672,909.9609375,50.97748565673828,79.26683044433594,6.838903929243538,129.96060180664062,7003.486027893727,53.88930130004883,80.97748565673828,POINT (128000 462000),704.0948405701263
142000.0,456000.0,0,5.353384971618652,0.0,14.859610557556152,-1.0932261943817139,9.118268966674805,1.6126638127756476,677398.0625,6.616540908813477,0.0,63.24196243286133,184.9203643798828,898.6328125,55.172576904296875,83.24398803710938,6.021541955143379,127.98040008544922,6136.9161019352905,47.95199966430664,85.17257690429688,POINT (142000 456000),710.1035126639135
128000.0,455000.0,0,0.8296579122543335,0.0,15.075786590576172,-0.2074238806962967,39.21182632446289,-8.280126290169285,104981.9140625,4.0559492111206055,0.0,80.37086486816406,43.82590866088867,445.5078125,70.33108520507812,88.94416046142578,0.8027243043412771,123.24189758300781,820.4459432887961,6.657199859619141,100.33108520507812,POINT (128000 455000),732.0576993813796
141000.0,457000.0,0,6.316304683685303,0.0,14.635834693908691,-1.2595480680465698,8.15711498260498,3.9768621660045684,799242.4375,7.08534049987793,0.0,58.27368927001953,213.37176513671875,955.2734375,49.76780700683594,78.32447814941406,8.275385191715658,131.7238006591797,8437.383176419302,64.05359649658203,79.76780700683594,POINT (141000 457000),733.8898122623091
140000.0,452000.0,0,1.1735901832580566,0.0,13.552250862121582,-0.2660233974456787,26.196491241455078,-6.494065157998324,148501.875,5.052196025848389,0.0,72.08712768554688,52.02118682861328,502.1484375,62.123069763183594,84.14237213134766,1.172606523048741,117.66130065917969,1187.4496292589756,10.092100143432617,92.1230697631836,POINT (140000 452000),777.8997170409606
132000.0,461000.0,0,4.876841068267822,0.0,15.448335647583008,-1.0188597440719604,9.951128005981445,0.08142876987082959,617097.875,6.213486671447754,0.0,68.17620849609375,171.4151153564453,819.3359375,57.554039001464844,85.25072479248047,4.9523481318710845,141.57530212402344,5068.9336146768765,35.80379867553711,87.55403900146484,POINT (132000 461000),792.0641211891822
133000.0,448000.0,0,0.2257072925567627,0.0,15.799659729003906,-0.0832153707742691,139.8548583984375,-10.013432895060896,28560.185546875,2.025141477584839,0.0,85.51766967773438,25.30021858215332,343.5546875,78.3658218383789,87.16486358642578,0.38399650613078673,115.21640014648438,388.93600162287476,3.375699996948242,108.3658218383789,POINT (133000 448000),808.3351102324923
139000.0,451000.0,0,0.6005293130874634,0.0,14.354031562805176,-0.15382060408592224,50.20896530151367,-8.249665117812466,75988.8125,3.8561947345733643,0.0,77.84675598144531,34.87908172607422,411.5234375,67.4319076538086,84.30475616455078,0.664781365907142,114.99970245361328,672.3112592559846,5.846199989318848,97.4319076538086,POINT (139000 451000),817.139335818931
137000.0,451000.0,0,0.27087557315826416,0.0,17.980709075927734,-0.10599549114704132,133.40660095214844,-11.420561014145314,34275.6171875,1.848711609840393,0.0,94.49273681640625,30.397245407104492,377.5390625,85.0806884765625,93.94111633300781,0.4106539207313928,117.83180236816406,414.88576535048196,3.5209999084472656,115.0806884765625,POINT (137000 451000),828.4148689092162
129000.0,452000.0,0,0.5720336437225342,0.0,14.878219604492188,-0.15185566246509552,54.38523483276367,-8.674396849089243,72383.0703125,3.5874531269073486,0.0,80.33524322509766,35.18273162841797,400.1953125,71.38233947753906,87.3614730834961,0.6220340811432222,121.19180297851562,636.0266774488118,5.2480998039245605,101.38233947753906,POINT (129000 452000),829.6686064582364
131000.0,449000.0,0,0.31620854139328003,0.0,16.801353454589844,-0.10968593508005142,107.41941833496094,-10.52442377268743,40011.88671875,2.230360984802246,0.0,89.49352264404297,30.402544021606445,377.5390625,82.6820068359375,92.98892974853516,0.4365572995816491,118.65080261230469,444.2879211031286,3.744499921798706,112.6820068359375,POINT (131000 449000),831.7683578121015
126000.0,458000.0,0,0.5810137987136841,0.0,16.366134643554688,-0.16389751434326172,58.79747009277344,-9.686412716208388,73519.390625,3.191018581390381,0.0,86.82307434082031,38.070430755615234,422.8515625,77.22029113769531,92.30962371826172,0.6046471837829831,115.43099975585938,617.3018748669274,5.347799777984619,107.22029113769531,POINT (126000 458000),855.9490189828516
127000.0,456000.0,0,0.6832765936851501,0.0,15.692936897277832,-0.1810121387243271,48.5988655090332,-9.010529598184544,86459.359375,3.602220296859741,0.0,83.58085632324219,40.191009521484375,434.1796875,73.73503875732422,90.4964370727539,0.6851129450501912,119.09819793701172,700.0949595584498,5.878300189971924,103.73503875732422,POINT (127000 456000),932.1224747946777
132000.0,448000.0,0,0.6141447424888611,0.0,13.869318962097168,-0.15434961020946503,47.613563537597656,-7.892133263922572,77711.65625,4.011438369750977,0.0,75.55426025390625,34.990116119384766,411.5234375,67.96963500976562,85.15288543701172,0.6778704853107186,116.41210174560547,687.9140154374909,5.909299850463867,97.96963500976562,POINT (132000 448000),938.4059737196015
139000.0,460000.0,0,6.331939697265625,0.0,14.990460395812988,-1.2730791568756104,8.283577919006348,3.713129644328248,801220.875,6.917415618896484,0.0,60.23102951049805,214.72882080078125,932.6171875,50.95147705078125,79.44583129882812,7.931803809465524,139.0731964111328,8120.192066384363,58.387901306152344,80.95147705078125,POINT (139000 460000),959.1924466498125
130000.0,461000.0,0,5.817867755889893,0.0,15.007061958312988,-1.1810914278030396,8.722999572753906,2.5382482880218507,736172.0,6.727930545806885,0.0,62.33036804199219,198.85911560058594,898.6328125,51.5,79.81295776367188,6.9575403290385465,137.01629638671875,7123.518247826723,51.990299224853516,81.5,POINT (130000 461000),971.4404311450162
137000.0,461000.0,0,6.434818267822266,0.0,15.014277458190918,-1.2920550107955933,8.213737487792969,3.9269992188005447,814238.75,6.9439873695373535,0.0,60.01524353027344,217.7211151123047,921.2890625,49.82838439941406,78.37181091308594,8.194030294317239,141.78939819335938,8391.22427689028,59.18090057373047,79.82838439941406,POINT (137000 461000),1021.339317022429
126000.0,461000.0,0,1.0862687826156616,0.0,15.361059188842773,-0.2637160122394562,31.423877716064453,-7.950868797411525,137452.53125,4.320211410522461,0.0,80.798583984375,52.6978759765625,490.8203125,70.80046844482422,91.08831787109375,0.9772272044011571,119.28630065917969,998.9034334856115,8.37399959564209,100.80046844482422,POINT (126000 461000),1032.3806636406825
131000.0,461000.0,0,5.575507164001465,0.0,15.140968322753906,-1.1407605409622192,9.01147174835205,1.883010217583996,705504.5625,6.581162452697754,0.0,63.982505798339844,191.8932342529297,875.9765625,53.225067138671875,81.3908920288086,6.352260781898317,139.70150756835938,6503.13331542816,46.550201416015625,83.22506713867188,POINT (131000 461000),1045.6034324685575
133000.0,461000.0,0,4.370450973510742,0.0,15.720355987548828,-0.9284798502922058,10.832626342773438,-1.2432418833200454,553021.125,5.942198753356934,0.0,71.332275390625,156.5433807373047,785.3515625,60.73890686035156,88.00306701660156,4.1169727453242055,142.67770385742188,4213.029947456613,29.52829933166504,90.73890686035156,POINT (133000 461000),1106.2569107963966
134000.0,451000.0,0,2.670407772064209,0.0,13.030471801757812,-0.5547374486923218,13.179132461547852,-2.900450375599426,337903.78125,6.310107231140137,0.0,63.98666763305664,97.78577423095703,672.0703125,53.90228271484375,80.37010955810547,2.9060235847283935,122.29180145263672,2933.3032862682594,23.986099243164062,83.90228271484375,POINT (134000 451000),1172.6647232580287
142000.0,457000.0,0,7.118002891540527,0.0,14.66517448425293,-1.3989323377609253,7.615201473236084,5.799480360910849,900686.4375,7.399674415588379,0.0,55.11677551269531,237.50221252441406,1011.9140625,46.57549285888672,75.3957748413086,10.423804047165454,130.3441925048828,10647.399736093823,81.68679809570312,76.57549285888672,POINT (142000 457000),1193.5693556119834
134000.0,450000.0,0,1.625193476676941,0.0,14.368351936340332,-0.3657059073448181,21.02630615234375,-6.12229625989151,205646.125,5.141589641571045,0.0,74.40496063232422,68.17143249511719,558.7890625,65.53622436523438,88.8804702758789,1.4751176983362022,119.3113021850586,1490.7708124820565,12.494799613952637,95.53622436523438,POINT (134000 450000),1205.7636148438305
134000.0,462000.0,0,5.779788017272949,0.0,15.229256629943848,-1.1805930137634277,8.851837158203125,2.2672248648788456,731353.5,6.611963272094727,0.0,63.70793151855469,198.39425659179688,875.9765625,53.062652587890625,81.29759216308594,6.631221750048573,143.03810119628906,6797.070235267456,47.5192985534668,83.06265258789062,POINT (134000 462000),1216.789202149464
126000.0,456000.0,0,0.46460050344467163,0.0,16.238590240478516,-0.13754087686538696,71.93992614746094,-9.831721501366584,58788.87109375,2.9201605319976807,0.0,86.63265991210938,33.8765754699707,411.5234375,76.97697448730469,90.52638244628906,0.5380125397661739,112.59249877929688,549.7216200773983,4.882400035858154,106.97697448730469,POINT (126000 456000),1218.6784497327815
143000.0,454000.0,0,5.282443046569824,0.0,14.700324058532715,-1.0759966373443604,9.1220121383667,1.5845376568463982,668421.3125,6.664229869842529,0.0,62.62481689453125,182.29750061035156,909.9609375,54.555213928222656,82.63546752929688,6.040640459202523,120.97139739990234,6147.609017928218,50.81869888305664,84.55521392822266,POINT (143000 454000),1219.4496059089279
128000.0,452000.0,0,0.5183069109916687,0.0,15.698067665100098,-0.14590726792812347,62.80971145629883,-9.351473855586478,65584.6953125,3.203400135040283,0.0,84.12838745117188,34.888240814208984,411.5234375,75.288330078125,89.93940734863281,0.5757827285229158,116.9292984008789,591.3348426095363,5.057199954986572,105.288330078125,POINT (128000 452000),1232.0879950003077
141000.0,453000.0,0,1.3655822277069092,0.0,13.024785041809082,-0.3001540005207062,22.251028060913086,-5.715702172594088,172795.84375,5.4463372230529785,0.0,68.84172821044922,57.247718811035156,513.4765625,59.65599822998047,82.87744140625,1.3870033297847253,120.13169860839844,1406.9824412701128,11.711999893188477,89.65599822998047,POINT (141000 453000),1237.4855330154069
134000.0,449000.0,0,0.8368527889251709,0.0,14.625086784362793,-0.20600122213363647,37.82011032104492,-7.95402846342288,105892.3359375,4.19231653213501,0.0,78.28570556640625,43.53165054321289,456.8359375,69.96456909179688,88.84154510498047,0.8214345122954935,116.31449890136719,830.8228330489437,7.142899990081787,99.96456909179688,POINT (134000 449000),1238.236629469291
130000.0,450000.0,0,0.2763538062572479,0.0,16.739118576049805,-0.1001502200961113,121.83326721191406,-10.558826691468713,34968.8125,2.080336570739746,0.0,89.35799407958984,28.77085304260254,366.2109375,82.0024185180664,91.51465606689453,0.41374322334693253,119.4260025024414,422.4456117724185,3.5373001098632812,112.0024185180664,POINT (130000 450000),1242.0111872031118
135000.0,462000.0,0,6.247274875640869,0.0,15.107196807861328,-1.2613418102264404,8.395914077758789,3.4237138122544524,790507.625,6.834095478057861,0.0,61.249759674072266,212.21694946289062,909.9609375,50.601715087890625,79.06224822998047,7.717342995144865,143.05270385742188,7912.788766754209,55.31380081176758,80.60171508789062,POINT (135000 462000),1250.7054414712402
143000.0,455000.0,0,5.5905890464782715,0.0,14.760869979858398,-1.1336805820465088,8.834209442138672,2.22667756895256,707413.0,6.749434471130371,0.0,61.78142547607422,191.8628387451172,921.2890625,53.80586242675781,82.0197982788086,6.548961633015752,123.92569732666016,6675.121272929304,53.86389923095703,83.80586242675781,POINT (143000 455000),1254.298123010499
127000.0,462000.0,0,4.277055740356445,0.0,15.260842323303223,-0.9005719423294067,10.742231369018555,-1.0845846787449358,541203.25,6.084253787994385,0.0,69.30404663085938,152.4438018798828,819.3359375,58.75019836425781,86.09315490722656,4.238255633285284,125.533203125,4337.586295753717,34.55329895019531,88.75019836425781,POINT (127000 462000),1256.0071073325557
140000.0,459000.0,0,7.324808120727539,0.0,14.772536277770996,-1.4381664991378784,7.528958797454834,6.18380036225489,926854.8125,7.421700954437256,0.0,54.9617919921875,243.93714904785156,1000.5859375,45.876983642578125,74.7422866821289,10.876619173484693,136.66619873046875,11123.562123198994,81.39219665527344,75.87698364257812,POINT (140000 459000),1292.1379016911192
130000.0,462000.0,0,6.501629829406738,0.0,14.84814739227295,-1.2981985807418823,8.098623275756836,4.22347188434472,822692.75,7.058187484741211,0.0,58.77916717529297,219.0407257080078,943.9453125,47.793434143066406,76.41517639160156,8.695809428033508,137.06680297851562,8911.467130612582,65.0155029296875,77.7934341430664,POINT (130000 462000),1348.7854185649965
136000.0,450000.0,0,1.1005812883377075,0.0,11.524602890014648,-0.2346349060535431,23.898880004882812,-5.226141542165994,139263.59375,5.887754440307617,0.0,62.1931266784668,45.808956146240234,468.1640625,51.3878173828125,74.60481262207031,1.3125902826281184,115.80780029296875,1325.8487575594336,11.448699951171875,81.3878173828125,POINT (136000 450000),1352.8183662966971
129000.0,451000.0,0,0.3452174961566925,0.0,16.378002166748047,-0.1129005178809166,96.23992919921875,-10.171392600796223,43682.578125,2.456813335418701,0.0,87.6163558959961,30.385643005371094,377.5390625,79.59063720703125,90.82555389404297,0.45693039725754275,118.85089874267578,468.07048195964853,3.9382998943328857,109.59063720703125,POINT (129000 451000),1368.2267158066736
142000.0,453000.0,0,1.400968313217163,0.0,12.436811447143555,-0.30180490016937256,20.914358139038086,-5.2240310019645895,177273.484375,5.730709075927734,0.0,65.74370574951172,57.30499267578125,524.8046875,57.0283203125,80.76081085205078,1.4978907026679866,118.92739868164062,1521.010084675916,12.789400100708008,87.0283203125,POINT (142000 453000),1368.5489712457388
127000.0,455000.0,0,0.6719133257865906,0.0,15.76145076751709,-0.1790708303451538,49.55992126464844,-9.08129671473205,85021.484375,3.5597171783447266,0.0,83.91607666015625,39.937992095947266,434.1796875,74.07843017578125,90.67008209228516,0.6763019236296973,117.47689819335938,691.7274491766875,5.888199806213379,104.07843017578125,POINT (127000 455000),1372.3137630152655
136000.0,462000.0,0,7.071119785308838,0.0,14.960354804992676,-1.4011677503585815,7.750907897949219,5.43343721763153,894754.0,7.2194647789001465,0.0,57.1430549621582,236.58810424804688,966.6015625,46.487953186035156,75.26496124267578,9.984618075168857,142.6988067626953,10242.735095299082,71.77870178222656,76.48795318603516,POINT (136000 462000),1417.7083107470187
129000.0,463000.0,0,6.702953338623047,0.0,14.710260391235352,-1.3288183212280273,7.902402400970459,4.803608101252198,848167.5,7.209692478179932,0.0,57.16502380371094,224.6591796875,966.6015625,46.08607482910156,74.80894470214844,9.451302786166599,134.15179443359375,9695.632823945489,72.27359771728516,76.08607482910156,POINT (129000 463000),1420.990137544696
127000.0,453000.0,0,0.544135570526123,0.0,16.07119369506836,-0.15385311841964722,61.405426025390625,-9.556421548941564,68852.953125,3.1771013736724854,0.0,85.6620864868164,36.32558822631836,422.8515625,76.2929458618164,91.08586120605469,0.5889185993208252,113.6594009399414,605.6340944953627,5.328499794006348,106.2929458618164,POINT (127000 453000),1424.4084545905685
140000.0,451000.0,0,1.0076584815979004,0.0,13.70689582824707,-0.23343756794929504,30.192302703857422,-6.951498783703915,127505.4765625,4.8001580238342285,0.0,73.41219329833984,46.94108200073242,479.4921875,63.117340087890625,84.0880355834961,1.0193611852774176,113.72669982910156,1031.637681658307,9.071200370788574,93.11734008789062,POINT (140000 451000),1451.9596797376053
135000.0,450000.0,0,1.4832428693771362,0.0,12.739828109741211,-0.32057708501815796,20.38062286376953,-5.260353111344898,187684.203125,5.682767391204834,0.0,66.97158813476562,60.26222610473633,536.1328125,57.078826904296875,80.99170684814453,1.558989562371892,117.6084976196289,1574.5778418615373,13.388299942016602,87.07882690429688,POINT (135000 450000),1458.8966304359224
134000.0,448000.0,0,0.3415512442588806,0.0,14.851781845092773,-0.10268377512693405,88.22516632080078,-9.128125398020071,43218.6640625,2.8406944274902344,0.0,80.9676742553711,27.519710540771484,366.2109375,73.06626892089844,85.26165771484375,0.466284572783594,113.2593994140625,471.8046754730167,4.1656999588012695,103.06626892089844,POINT (134000 448000),1465.1913937258958
141000.0,458000.0,0,7.506866455078125,0.0,14.690732955932617,-1.4657422304153442,7.394894599914551,6.68133482326144,949891.875,7.548727989196777,0.0,53.67422103881836,249.1477508544922,1023.2421875,44.82952880859375,73.7588119506836,11.622186135710434,133.7346954345703,11877.553432564717,88.81430053710938,74.82952880859375,POINT (141000 458000),1467.4634542300475
131000.0,448000.0,0,0.9426517486572266,0.0,14.313365936279297,-0.2258967161178589,33.34520721435547,-7.518448296611595,119279.75,4.445557117462158,0.0,76.49481201171875,46.56631851196289,468.1640625,69.15927124023438,89.01568603515625,0.9070580364872692,116.58580017089844,923.8724977073216,7.9243998527526855,99.15927124023438,POINT (131000 448000),1485.9565879855882
143000.0,456000.0,0,6.683599948883057,0.0,14.652713775634766,-1.323925256729126,7.8951416015625,4.806318466474914,845718.625,7.226848602294922,0.0,56.83069610595703,224.49191284179688,989.2578125,48.55255889892578,77.23406219482422,9.185879456528497,126.57959747314453,9381.004293953476,74.11150360107422,78.55255889892578,POINT (143000 456000),1487.0091089466935
127000.0,454000.0,0,0.678269624710083,0.0,15.64039134979248,-0.17956078052520752,48.77021026611328,-8.98420731597129,85825.796875,3.6072068214416504,0.0,83.36488342285156,39.93241500854492,434.1796875,73.5931396484375,90.33618927001953,0.6829561545271361,115.6417007446289,700.0370557499627,6.053500175476074,103.5931396484375,POINT (127000 454000),1500.0550120338082
125000.0,459000.0,0,0.4248245358467102,0.0,16.651521682739258,-0.13163194060325623,80.2590103149414,-10.197432607143009,53755.765625,2.693852663040161,0.0,88.5110092163086,33.30146408081055,411.5234375,79.0296401977539,91.65404510498047,0.5100586038596993,110.3770980834961,520.3617707415506,4.714399814605713,109.0296401977539,POINT (125000 459000),1500.851397484313
125000.0,460000.0,0,0.6106247901916504,0.0,16.36046028137207,-0.17025193572044373,56.124656677246094,-9.622474958710296,77266.2578125,3.261993408203125,0.0,86.68551635742188,39.036685943603516,445.5078125,77.07311248779297,92.5387191772461,0.6296734452561834,111.98979949951172,642.7206560007289,5.739099979400635,107.07311248779297,POINT (125000 460000),1538.988258411546
128000.0,463000.0,0,6.214019775390625,0.0,14.685953140258789,-1.2423838376998901,8.254648208618164,3.705397539452863,786299.625,7.031347751617432,0.0,58.97772979736328,209.87709045410156,943.9453125,48.007720947265625,76.56310272216797,8.22991694771391,130.6175994873047,8437.479180162773,64.5968017578125,78.00772094726562,POINT (128000 463000),1559.6664830229622
138000.0,461000.0,0,6.519571781158447,0.0,15.022835731506348,-1.3072494268417358,8.153368949890137,4.113186808915794,824963.125,6.972196102142334,0.0,59.70512008666992,220.36026000976562,932.6171875,49.808860778808594,78.3763198852539,8.367983637729848,140.89599609375,8577.268964471295,60.8765983581543,79.8088607788086,POINT (138000 461000),1592.6325964083858
125000.0,457000.0,0,0.2776696979999542,0.0,16.69156837463379,-0.09909848868846893,120.85936737060547,-10.516715501179693,35135.32421875,2.131185531616211,0.0,89.14325714111328,28.205833435058594,377.5390625,79.50048065185547,89.2379150390625,0.42006491071410557,107.22869873046875,428.55020797906036,3.9965999126434326,109.50048065185547,POINT (125000 457000),1625.1293144304045
140000.0,460000.0,0,8.232701301574707,0.0,14.823163986206055,-1.5911749601364136,7.06056547164917,8.2677123532783,1041736.3125,7.791158676147461,0.0,51.41331100463867,270.9962463378906,1045.8984375,41.788230895996094,70.88323211669922,14.087523834109051,137.8968048095703,14445.779195350478,104.75789642333984,71.7882308959961,POINT (140000 460000),1641.325283660765
138000.0,450000.0,0,0.19347436726093292,0.0,16.81816864013672,-0.08084701746702194,172.91921997070312,-10.768990064632575,24481.548828125,1.6771328449249268,0.0,89.94041442871094,25.38159942626953,354.8828125,80.0675277709961,87.60667419433594,0.368660520421858,112.38770294189453,372.61017742893273,3.3153998851776123,110.0675277709961,POINT (138000 450000),1641.4868907502498
130000.0,449000.0,0,0.9526082873344421,0.0,14.50963020324707,-0.22947703301906586,33.458683013916016,-7.634791809594932,120539.6171875,4.394529342651367,0.0,77.37220764160156,47.21915817260742,468.1640625,69.79844665527344,89.60250091552734,0.9050992520678629,117.36979675292969,925.6486411312144,7.886600017547607,99.79844665527344,POINT (130000 449000),1677.9893061970768
139000.0,450000.0,0,0.49570536613464355,0.0,15.096670150756836,-0.1363641768693924,63.00725555419922,-8.977143297927286,62724.76953125,3.346707582473755,0.0,81.55139923095703,32.66622543334961,400.1953125,70.94486999511719,85.86079406738281,0.574542942394667,110.89199829101562,580.8744862605527,5.2382001876831055,100.94486999511719,POINT (139000 450000),1705.8673323415146
133000.0,447000.0,0,0.4519359767436981,0.0,13.54007625579834,-0.11840397119522095,61.82105255126953,-8.001333709746355,57186.3515625,3.68306827545166,0.0,74.57275390625,28.99678611755371,377.5390625,66.9092025756836,82.14256286621094,0.5632095932749305,112.53060150146484,570.3388217478096,5.068299770355225,96.9092025756836,POINT (133000 447000),1753.1134272405204
141000.0,452000.0,0,1.3365103006362915,0.0,13.075620651245117,-0.29468613862991333,22.730159759521484,-5.8128003374346795,169117.203125,5.4040327072143555,0.0,69.19275665283203,56.34442138671875,513.4765625,59.60662841796875,82.70167541503906,1.3601942148994735,116.47109985351562,1378.6683965256088,11.836999893188477,89.60662841796875,POINT (141000 452000),1754.2382947868687
132000.0,462000.0,0,4.791711807250977,0.0,15.555451393127441,-1.0051307678222656,10.116373062133789,-0.1905120161946416,606325.9375,6.146140098571777,0.0,69.0036849975586,169.04837036132812,819.3359375,58.272796630859375,85.8885498046875,4.785683275420006,141.40660095214844,4904.871552164841,34.68629837036133,88.27279663085938,POINT (132000 462000),1768.0763640436603
125000.0,458000.0,0,0.29562216997146606,0.0,16.93053436279297,-0.10469765216112137,115.41153717041016,-10.646439295659782,37406.96484375,2.157364845275879,0.0,90.08427429199219,29.31216812133789,388.8671875,80.60847473144531,90.59551239013672,0.4314786003329537,108.80449676513672,440.0597734697403,4.04449987411499,110.60847473144531,POINT (125000 458000),1788.0066528065556
143000.0,453000.0,0,5.069822788238525,0.0,14.570119857788086,-1.0336437225341797,9.298395156860352,1.2152471090139627,641517.125,6.646822452545166,0.0,62.71187210083008,175.4033203125,909.9609375,54.41588592529297,82.42456817626953,5.79534585012903,117.7426986694336,5891.974105207308,50.041099548339844,84.41588592529297,POINT (143000 453000),1789.986634908986
137000.0,450000.0,0,1.3332127332687378,0.0,12.163772583007812,-0.2853834629058838,21.356311798095703,-5.172684544536995,168699.9375,5.825929164886475,0.0,64.60488891601562,54.2235221862793,513.4765625,53.443504333496094,77.26152038574219,1.498782894737963,114.04280090332031,1514.5340446132614,13.280400276184082,83.4435043334961,POINT (137000 450000),1795.568926686519
132000.0,447000.0,0,0.5403701066970825,0.0,14.03874683380127,-0.14019730687141418,54.21585464477539,-8.16297667446354,68376.484375,3.756451368331909,0.0,76.59529113769531,32.94706726074219,400.1953125,69.52796936035156,85.59964752197266,0.616729849139411,114.14510345458984,625.9945764527474,5.4842000007629395,99.52796936035156,POINT (132000 447000),1816.757223695302
137000.0,462000.0,0,8.511329650878906,0.17592841386795044,14.824857711791992,-1.6488462686538696,6.9574875831604,8.847264353443194,1076993.0,7.69929313659668,5.679238319396973,50.117881774902344,278.9278259277344,1045.8984375,39.429954528808594,68.60279083251953,15.526983451119243,142.08709716796875,15941.461823398713,112.19499969482422,69.4299545288086,POINT (137000 462000),1830.5952782150043
127000.0,452000.0,0,0.7358759045600891,0.0,14.985023498535156,-0.18718498945236206,43.45664596557617,-8.411359853515872,93115.0859375,3.9118640422821045,0.0,80.23905944824219,40.73476028442383,456.8359375,71.14567565917969,88.90760803222656,0.7454201080038579,111.63819885253906,769.8235253574312,6.895699977874756,101.14567565917969,POINT (127000 452000),1832.3531949704536
133000.0,462000.0,0,4.999041557312012,0.0,15.501896858215332,-1.043053388595581,9.819414138793945,0.3084250945966601,632560.6875,6.235060691833496,0.0,67.99117279052734,175.3041229248047,830.6640625,57.38408660888672,85.14032745361328,5.112924171306651,142.52740478515625,5240.26243964443,36.766700744628906,87.38408660888672,POINT (133000 462000),1843.0647909417858
125000.0,461000.0,0,0.7642821073532104,0.0,16.171016693115234,-0.20201396942138672,45.15338897705078,-9.17910001244545,96709.5,3.618492603302002,0.0,85.38338470458984,43.765403747558594,468.1640625,75.62557983398438,92.87809753417969,0.7322228769098298,113.67620086669922,747.8530131580483,6.578800201416016,105.62557983398438,POINT (125000 461000),1863.0090273902515
126000.0,462000.0,0,1.503114938735962,0.0,14.352499008178711,-0.340293824672699,22.395401000976562,-6.365491872632146,190198.734375,5.067259788513184,0.0,74.74701690673828,64.00133514404297,547.4609375,64.50732421875,87.49676513671875,1.3907445912458325,120.6583023071289,1422.3200804841326,11.788000106811523,94.50732421875,POINT (126000 462000),1891.4279397679861
139000.0,461000.0,0,6.904986381530762,0.0,14.944778442382812,-1.3719706535339355,7.8534321784973145,5.063918213173038,873732.125,7.161393642425537,0.0,57.6938591003418,231.7275848388672,966.6015625,47.85662078857422,76.57169342041016,9.467572811844352,139.88250732421875,9719.30281595327,69.48190307617188,77.85662078857422,POINT (139000 461000),1898.7753465286303
130000.0,463000.0,0,5.519012928009033,0.0,15.086840629577637,-1.1288981437683105,9.044593811035156,1.8014768401519778,698356.0,6.5861287117004395,0.0,63.90361022949219,189.9696044921875,875.9765625,52.937530517578125,81.09561157226562,6.31259916768707,137.11000061035156,6478.447528839111,47.25,82.93753051757812,POINT (130000 463000),1898.911899939903
131000.0,462000.0,0,5.378216743469238,0.0,15.230448722839355,-1.1067818403244019,9.2545804977417,1.3696774051491558,680540.1875,6.475717067718506,0.0,65.18495178222656,186.0979461669922,864.6484375,54.31310272216797,82.36093139648438,5.940104392282001,139.59689331054688,6088.043728308869,43.61159896850586,84.31310272216797,POINT (131000 462000),1900.786793117009
141000.0,459000.0,0,8.6337890625,0.04104668274521828,14.77379035949707,-1.6564451456069946,6.86415958404541,9.249847899117135,1092488.5,7.965588569641113,5.748228073120117,49.253726959228516,282.7028503417969,1079.8828125,39.868865966796875,69.05819702148438,16.019166810962012,135.37100219726562,16414.762684007175,121.25759887695312,69.86886596679688,POINT (141000 459000),1943.4419888966179
125000.0,456000.0,0,0.27291053533554077,0.0,16.50813102722168,-0.09684097766876221,121.5349349975586,-10.399451071736376,34533.11328125,2.150744915008545,0.0,88.38167572021484,27.676660537719727,377.5390625,78.61791229248047,88.36354064941406,0.41862187777214965,105.61219787597656,427.9512061902642,4.05210018157959,108.61791229248047,POINT (125000 456000),1971.469472500558
129000.0,450000.0,0,0.9336045980453491,0.0,14.83803939819336,-0.2280230075120926,34.77827453613281,-7.903387334946692,118134.9609375,4.26391077041626,0.0,78.923583984375,47.148651123046875,479.4921875,70.95706939697266,90.4205551147461,0.8841640653203686,116.73040008544922,907.9524154000537,7.778200149536133,100.95706939697266,POINT (129000 450000),1989.2349756717904
143000.0,457000.0,0,7.660580158233643,0.0,14.634838104248047,-1.4890447854995728,7.289978504180908,7.09273304530911,969342.1875,7.6541748046875,0.0,52.63142395019531,253.54928588867188,1045.8984375,43.9326171875,72.91295623779297,12.295611919726719,128.91299438476562,12587.644974621944,97.64450073242188,73.9326171875,POINT (143000 457000),1994.5006876279563
142000.0,458000.0,0,8.090767860412598,0.0,14.707184791564941,-1.5630184412002563,7.09163236618042,8.039300761109823,1023776.625,7.802497386932373,0.0,51.253780364990234,266.51715087890625,1057.2265625,42.26921081542969,71.34500122070312,13.759822224403456,132.35409545898438,14090.960143896984,106.46410369873047,72.26921081542969,POINT (142000 458000),2024.658414207936
126000.0,455000.0,0,0.4520138204097748,0.0,16.269474029541016,-0.13498780131340027,73.96644592285156,-9.878321477660805,57196.19921875,2.8747718334198,0.0,86.8025131225586,33.502471923828125,411.5234375,77.16429138183594,90.4952392578125,0.5303867886127446,110.96489715576172,543.2064512260986,4.895299911499023,107.16429138183594,POINT (126000 455000),2078.7502104518435
127000.0,463000.0,0,5.059397220611572,0.0,14.897794723510742,-1.0393463373184204,9.461763381958008,0.9303604356177091,640197.875,6.507397174835205,0.0,64.5689926147461,175.46376037597656,875.9765625,53.86480712890625,81.83232879638672,5.660005419958348,126.57640075683594,5798.5915993671515,45.81100082397461,83.86480712890625,POINT (127000 463000),2087.03903081282
141000.0,451000.0,0,1.3359055519104004,0.0,13.368512153625488,-0.29709625244140625,23.190717697143555,-6.020373011504218,169040.671875,5.290626525878906,0.0,70.61512756347656,56.80537033081055,524.8046875,60.64520263671875,83.57080841064453,1.3388204765303966,112.5719985961914,1356.0422418406379,12.045999526977539,90.64520263671875,POINT (141000 451000),2140.189462806521
134000.0,447000.0,0,0.23337021470069885,0.0,14.570539474487305,-0.07773132622241974,124.81986999511719,-9.154648559993953,29529.82421875,2.3831400871276855,0.0,80.06049346923828,23.271831512451172,343.5546875,72.3377685546875,82.175537109375,0.3954162097061225,110.13469696044922,400.09733837741805,3.6328001022338867,102.3377685546875,POINT (134000 447000),2166.9404260784663
128000.0,451000.0,0,0.7977718114852905,0.0,14.947186470031738,-0.2002091109752655,40.3026008605957,-8.259196375606523,100947.1640625,4.023682594299316,0.0,79.8751220703125,42.829647064208984,456.8359375,71.41606903076172,89.73176574707031,0.7833962854564055,114.8010025024414,807.2921527325925,7.032100200653076,101.41606903076172,POINT (128000 451000),2167.824512220621
134000.0,463000.0,0,6.520806789398193,0.0,15.028031349182129,-1.3073667287826538,8.15367603302002,4.113281729741514,825119.375,6.974220275878906,0.0,59.728702545166016,220.21682739257812,932.6171875,48.969635009765625,77.55243682861328,8.463947268088674,142.78860473632812,8695.240698872949,60.89590072631836,78.96963500976562,POINT (134000 463000),2176.0181877789846
144000.0,454000.0,0,6.175482273101807,0.0,14.521829605102539,-1.230715036392212,8.22009563446045,3.75531836582458,781423.25,7.098088264465332,0.0,58.05292892456055,208.8255157470703,989.2578125,50.0279541015625,78.55448150634766,8.125923087671021,119.67780303955078,8284.995219488803,69.22750091552734,80.0279541015625,POINT (144000 454000),2195.0360379288686
135000.0,463000.0,0,5.265909194946289,0.0,13.82961368560791,-1.0513415336608887,8.748486518859863,2.2515838947901905,666329.1875,7.060499668121338,0.0,58.21855926513672,179.02684020996094,841.9921875,47.50550842285156,75.85374450683594,6.855721243811621,142.88400268554688,7047.410699230619,49.322601318359375,77.50550842285156,POINT (135000 463000),2195.1636140395494
130000.0,448000.0,0,0.9540582299232483,0.0,15.169791221618652,-0.2353764921426773,34.838134765625,-8.096047950161934,120723.0859375,4.172310829162598,0.0,80.3482894897461,48.647830963134766,490.8203125,73.39244079589844,92.70540618896484,0.8806446650723748,115.5802001953125,902.1150163999409,7.805099964141846,103.39244079589844,POINT (130000 448000),2218.5533605555433
140000.0,450000.0,0,0.8850403428077698,0.0,14.252601623535156,-0.2123505026102066,35.09702682495117,-7.5886511161615395,111989.8203125,4.433506488800049,0.0,76.39708709716797,43.929283142089844,468.1640625,65.74925231933594,85.48007202148438,0.891646711381678,109.58370208740234,901.9286842760266,8.230500221252441,95.74925231933594,POINT (140000 450000),2228.401851068636
135000.0,449000.0,0,0.7153875827789307,0.0,13.210227012634277,-0.17030423879623413,39.54621505737305,-7.22141756775763,90522.5625,4.511615753173828,0.0,72.076904296875,36.79964828491211,422.8515625,62.80510711669922,81.76714324951172,0.7901344861385688,114.30130004882812,798.6803558924294,6.987500190734863,92.80510711669922,POINT (135000 449000),2236.422009274633
144000.0,455000.0,0,6.789834976196289,0.0,14.5222749710083,-1.3377203941345215,7.773423194885254,5.165068604244321,859161.1875,7.344902992248535,0.0,55.59187316894531,227.27488708496094,1011.9140625,47.376808166503906,76.12213134765625,9.706918290489705,122.54509735107422,9915.136429732607,80.91010284423828,77.3768081665039,POINT (144000 455000),2241.0338105264905
131000.0,447000.0,0,0.7396515011787415,0.0,15.148564338684082,-0.19010582566261292,43.729034423828125,-8.523348448459195,93592.828125,3.8291513919830322,0.0,80.97732543945312,41.659915924072266,445.5078125,74.30982971191406,91.7967758178711,0.7261591400809756,114.70210266113281,740.2988559245787,6.454100131988525,104.30982971191406,POINT (131000 447000),2321.927659254701
140000.0,461000.0,0,8.093854904174805,0.0,14.816994667053223,-1.5682016611099243,7.126754283905029,7.945246756933407,1024167.1875,7.731276988983154,0.0,51.99523162841797,266.7866516113281,1034.5703125,41.99150085449219,71.06046295166016,13.607259105650348,138.77029418945312,13996.358193113701,100.85990142822266,71.99150085449219,POINT (140000 461000),2345.6211345189745
136000.0,449000.0,0,0.7949408888816833,0.0,12.196646690368652,-0.17923226952552795,33.37941360473633,-6.349618995777385,100588.953125,5.117298126220703,0.0,66.79376220703125,37.38215255737305,434.1796875,56.506019592285156,77.14044189453125,0.927554683800347,112.16510009765625,937.3973691388965,8.3572998046875,86.50601959228516,POINT (136000 449000),2346.6828401898397
142000.0,452000.0,0,1.4094932079315186,0.0,12.7960205078125,-0.3067668676376343,21.33807373046875,-5.459859680036545,178352.1875,5.5829081535339355,0.0,67.53022003173828,58.2111701965332,524.8046875,58.54432678222656,82.08856201171875,1.4598276076937078,115.34410095214844,1481.3065856777685,12.842499732971191,88.54432678222656,POINT (142000 452000),2364.3013975589333
135000.0,448000.0,0,0.435199499130249,0.0,13.84894847869873,-0.11636943370103836,65.45793914794922,-8.245772022566959,55068.57421875,3.53652024269104,0.0,76.07581329345703,28.761510848999023,377.5390625,67.2562484741211,82.05853271484375,0.5481304730743065,110.86990356445312,554.2830112749652,4.9994001388549805,97.2562484741211,POINT (135000 448000),2373.689034468101
129000.0,464000.0,0,6.1437225341796875,0.0,14.8178071975708,-1.233892560005188,8.36380386352539,3.434362846320534,777404.5,6.939297199249268,0.0,59.99961853027344,208.14134216308594,932.6171875,49.021400451660156,77.51842498779297,7.898237436485463,134.52490234375,8116.573202215135,60.33509826660156,79.02140045166016,POINT (129000 464000),2408.3156730073347
136000.0,463000.0,0,5.20759391784668,0.0,12.843815803527832,-1.0160990953445435,8.359513282775879,2.9186973807464542,658950.1875,7.564765453338623,0.0,52.918209075927734,174.70870971679688,830.6640625,42.234947204589844,70.81121063232422,7.827343400151861,142.6302947998047,8051.99387254467,56.4536018371582,72.23494720458984,POINT (136000 463000),2413.035617540824
138000.0,462000.0,0,7.2557783126831055,0.2531599700450897,13.830591201782227,-1.4119118452072144,7.285919189453125,6.728000517205238,918120.0625,7.572363376617432,5.619572162628174,49.58428192138672,238.65065002441406,977.9296875,39.04167175292969,68.0974349975586,12.861918386682973,141.29400634765625,13221.544171265792,93.57469940185547,69.04167175292969,POINT (138000 462000),2417.782790479058
126000.0,453000.0,0,0.5974951982498169,0.0,14.830343246459961,-0.1566103994846344,52.065486907958984,-8.586962649261743,75604.890625,3.6797144412994385,0.0,80.00007629394531,35.77519989013672,434.1796875,70.42316436767578,86.82936096191406,0.6543361363623162,107.34750366210938,676.1067597107613,6.298299789428711,100.42316436767578,POINT (126000 453000),2420.4842471388083
144000.0,456000.0,0,7.710690021514893,0.0,14.51496410369873,-1.4923832416534424,7.221243858337402,7.3201993782125285,975682.9375,7.756869316101074,0.0,51.617305755615234,254.6407928466797,1068.5546875,42.982322692871094,71.99891662597656,12.815806228745378,125.13610076904297,13120.19441766676,104.84739685058594,72.9823226928711,POINT (144000 456000),2421.7626750593517
125000.0,462000.0,0,0.9703253507614136,0.0,15.65031623840332,-0.24173855781555176,35.31789016723633,-8.393133433087286,122781.4765625,4.086331844329834,0.0,82.4470443725586,49.49979019165039,490.8203125,72.53792572021484,91.85821533203125,0.8874375398273346,115.45240020751953,906.8439781276538,7.854700088500977,102.53792572021484,POINT (125000 462000),2446.1856641867225
124000.0,459000.0,0,0.19844233989715576,0.0,17.078372955322266,-0.08360262215137482,171.34144592285156,-10.93854343421841,25110.177734375,1.6573004722595215,0.0,90.99181365966797,26.068647384643555,377.5390625,81.43092346191406,88.9688720703125,0.37626592364266903,103.8447036743164,383.4361816286837,3.6923999786376953,111.43092346191406,POINT (124000 459000),2474.2895919843104
128000.0,464000.0,0,6.428278923034668,0.0,14.657827377319336,-1.2790311574935913,8.078634262084961,4.21972336777854,813411.25,7.1319475173950195,0.0,57.92635726928711,216.24562072753906,966.6015625,46.95172119140625,75.5921630859375,8.827879211586879,131.34500122070312,9065.392462105956,69.01969909667969,76.95172119140625,POINT (128000 464000),2492.6554009968354
126000.0,454000.0,0,0.48757365345954895,0.0,15.819055557250977,-0.13971194624900818,67.00050354003906,-9.495069422791957,61695.8125,3.099200487136841,0.0,84.74932098388672,33.88332748413086,411.5234375,75.09953308105469,89.29231262207031,0.5574734325234242,109.20099639892578,573.1195976485433,5.248300075531006,105.09953308105469,POINT (126000 454000),2493.2745843358575
124000.0,460000.0,0,0.3411332964897156,0.0,16.928186416625977,-0.1148025169968605,100.55941009521484,-10.554481797888752,43165.77734375,2.342994213104248,0.0,89.93170166015625,30.873197555541992,400.1953125,80.34918212890625,91.29256439208984,0.45884244009003283,105.80560302734375,467.87236932181986,4.421999931335449,110.34918212890625,POINT (124000 460000),2498.2531848620633
141000.0,460000.0,0,9.071915626525879,0.8121587634086609,14.912985801696777,-1.79060697555542,6.840459823608398,9.79269225075388,1147927.5,7.194906711578369,5.3975701332092285,47.38407516479492,295.5134582519531,1102.5390625,37.521575927734375,66.79985046386719,18.337817113370583,136.64210510253906,18846.677597218193,137.92730712890625,67.52157592773438,POINT (141000 460000),2517.612391209989
144000.0,453000.0,0,5.769891262054443,0.0,14.489100456237793,-1.157924771308899,8.549429893493652,2.859470229526877,730101.25,6.954777717590332,0.0,59.49378967285156,196.46646118164062,966.6015625,51.42341613769531,79.7933349609375,7.247633344542929,116.5604019165039,7379.730446338654,63.3125,81.42341613769531,POINT (144000 453000),2556.399424895848
129000.0,449000.0,0,1.0144156217575073,0.0,15.102611541748047,-0.24732473492622375,32.861488342285156,-7.923182118537193,128360.4921875,4.280233860015869,0.0,79.85664367675781,50.38575744628906,490.8203125,72.45645904541016,92.27220153808594,0.9252842404137911,114.88829803466797,952.7226632927996,8.29259967803955,102.45645904541016,POINT (129000 449000),2578.5360291412153
133000.0,463000.0,0,6.021070957183838,0.0,15.120375633239746,-1.2210992574691772,8.589550018310547,2.90142041952796,761884.625,6.747481346130371,0.0,62.187965393066406,205.3753662109375,898.6328125,51.4208984375,79.79009246826172,7.237567206375222,142.2404022216797,7433.056694557483,52.25699996948242,81.4208984375,POINT (133000 463000),2579.024430804543
127000.0,451000.0,0,0.6922722458839417,0.0,15.326265335083008,-0.18068526685237885,46.95280456542969,-8.739841155429376,87597.6328125,3.7112481594085693,0.0,81.903564453125,40.06510543823242,456.8359375,73.49880981445312,90.51751708984375,0.7037159952017852,109.70539855957031,730.3746533314334,6.657599925994873,103.49880981445312,POINT (127000 451000),2585.748830943904
143000.0,458000.0,0,8.773934364318848,0.42618629336357117,14.721572875976562,-1.7039072513580322,6.845151901245117,9.456971832680011,1110222.125,7.599040508270264,5.561807155609131,47.86397171020508,286.464599609375,1102.5390625,38.65782165527344,67.89299774169922,17.12032463607633,130.91329956054688,17577.335768367164,134.26699829101562,68.65782165527344,POINT (143000 458000),2605.872797861532
124000.0,457000.0,0,0.15305647253990173,0.0,16.50452995300293,-0.06976065784692764,213.32672119140625,-10.63225411830014,19367.212890625,1.4809459447860718,0.0,88.72726440429688,23.29692840576172,366.2109375,78.83158874511719,85.31906127929688,0.3495272792767969,100.1604995727539,356.55133732374634,3.559799909591675,108.83158874511719,POINT (124000 457000),2621.3438585702206
137000.0,449000.0,0,0.6827359199523926,0.0,11.572287559509277,-0.152609720826149,36.39408874511719,-6.1565677488522645,86390.9453125,5.225340843200684,0.0,64.03390502929688,32.55891418457031,411.5234375,52.869903564453125,73.15257263183594,0.8649244467229772,110.09960174560547,874.1908441600572,7.940000057220459,82.86990356445312,POINT (137000 449000),2626.950816200023
143000.0,452000.0,0,1.399330496788025,0.0,12.046320915222168,-0.29787659645080566,20.356107711791992,-4.951035887334046,177066.234375,5.911028861999512,0.0,63.74138641357422,56.511810302734375,524.8046875,55.13916778564453,79.13034057617188,1.5521414557146733,114.27050018310547,1576.7386186144577,13.798299789428711,85.13916778564453,POINT (143000 452000),2630.7882782455436
125000.0,455000.0,0,0.18138153851032257,0.0,16.98936653137207,-0.07912977039813995,186.06149291992188,-10.910299394829028,22951.365234375,1.575864315032959,0.0,90.68065643310547,25.25638771057129,366.2109375,80.97173309326172,88.07933044433594,0.36442886709742056,103.93489837646484,373.92659625918895,3.5977001190185547,110.97173309326172,POINT (125000 455000),2631.394499668814
138000.0,449000.0,0,9.999999974752427e-07,0.0,18.547521591186523,-0.042118530720472336,36009108.0,-12.302446311082312,0.12653639912605286,-0.4853532910346985,0.0,97.57190704345703,19.42496109008789,309.5703125,87.9445571899414,85.8188247680664,0.24018024884383085,108.22229766845703,242.75342809752874,2.2430999279022217,117.9445571899414,POINT (138000 449000),2636.0012199884873
126000.0,463000.0,0,3.654367685317993,0.0,15.29401683807373,-0.7812448740005493,11.974592208862305,-2.465295027215749,462410.53125,5.845304489135742,0.0,71.68944549560547,133.3136749267578,774.0234375,61.271636962890625,88.04896545410156,3.4224212197896478,122.11299896240234,3503.3486381472903,28.68939971923828,91.27163696289062,POINT (126000 463000),2646.675327656254
139000.0,449000.0,0,0.270976185798645,0.0,16.1826114654541,-0.09395889192819595,119.92124938964844,-10.176348637480384,34288.34765625,2.2317733764648438,0.0,87.01123046875,26.777761459350586,366.2109375,76.0379867553711,86.02096557617188,0.4175570574154107,106.60030364990234,422.07323572439236,3.959399938583374,106.0379867553711,POINT (139000 449000),2671.282796780486
137000.0,463000.0,0,8.693961143493652,0.6895561814308167,14.778091430664062,-1.7158046960830688,6.946248531341553,9.07048698763454,1100102.5,7.207282543182373,5.4380269050598145,48.517982482910156,283.9281921386719,1057.2265625,37.807838439941406,67.03924560546875,16.823889220612003,142.11929321289062,17324.569759181468,121.90160369873047,67.8078384399414,POINT (137000 463000),2679.5160920995954
126000.0,452000.0,0,0.47927433252334595,0.0,15.049978256225586,-0.13303253054618835,64.85137939453125,-8.981543171896218,60645.6484375,3.289832592010498,0.0,81.36768341064453,32.31198501586914,422.8515625,72.30192565917969,86.88709259033203,0.569001674387284,105.48729705810547,591.4778243807486,5.607100009918213,102.30192565917969,POINT (126000 452000),2680.9182710885575
131000.0,463000.0,0,5.212375640869141,0.0,15.279651641845703,-1.0773308277130127,9.460484504699707,0.9607687489304781,659555.25,6.398256301879883,0.0,66.05731964111328,181.1640167236328,853.3203125,55.173744201660156,83.12097930908203,5.621981100399966,139.44619750976562,5770.869473374914,41.38420104980469,85.17374420166016,POINT (131000 463000),2681.887364612364
130000.0,464000.0,0,5.661162853240967,0.0,15.03635025024414,-1.1534709930419922,8.882345199584961,2.1616856974815133,716343.125,6.658810138702393,0.0,63.09100341796875,194.16024780273438,887.3046875,52.16493225097656,80.40213775634766,6.625934468889904,137.18899536132812,6812.599818257382,49.65850067138672,82.16493225097656,POINT (130000 464000),2717.836973327659
124000.0,458000.0,0,0.16712971031665802,0.0,16.883100509643555,-0.07526210695505142,200.284423828125,-10.865159469551326,21147.990234375,1.5063319206237793,0.0,90.27809143066406,24.546985626220703,366.2109375,80.61286926269531,87.34788513183594,0.356844558478978,101.9719009399414,363.57060390260995,3.5653998851776123,110.61286926269531,POINT (124000 458000),2728.8975761271304
133000.0,446000.0,0,0.3298574388027191,0.0,13.96772289276123,-0.09533274918794632,85.8442611694336,-8.547286166328076,41738.97265625,3.0506153106689453,0.0,76.97755432128906,25.71302032470703,366.2109375,69.94166564941406,82.50289916992188,0.46863898673191884,109.82520294189453,474.37896332100354,4.319399833679199,99.94166564941406,POINT (133000 446000),2737.408944076027
132000.0,463000.0,0,5.242053508758545,0.0,15.327603340148926,-1.0840686559677124,9.448512077331543,0.9876809633323611,663310.5625,6.388448238372803,0.0,66.19752502441406,182.22006225585938,853.3203125,55.38378143310547,83.3320541381836,5.632541878183627,141.1475067138672,5783.4908736062935,40.97480010986328,85.38378143310547,POINT (132000 463000),2761.308111403816
142000.0,459000.0,0,9.12214183807373,0.8846572637557983,14.880409240722656,-1.8029556274414062,6.821524143218994,9.905923747960424,1154283.0,7.160066604614258,5.3686676025390625,46.82630157470703,296.9277648925781,1113.8671875,37.314422607421875,66.60572814941406,18.74648350227444,134.00729370117188,19254.81108602928,143.68479919433594,67.31442260742188,POINT (142000 459000),2764.9406141776863
132000.0,446000.0,0,0.4654558598995209,0.0,14.512073516845703,-0.12756286561489105,64.36106872558594,-8.644615914936965,58897.10546875,3.3709428310394287,0.0,79.02227783203125,31.38120460510254,388.8671875,72.43621826171875,87.00223541259766,0.5519589320352611,111.93389892578125,560.3075303210062,5.00570011138916,102.43621826171875,POINT (132000 446000),2778.5981804113903
128000.0,450000.0,0,0.9713541269302368,0.0,15.36416244506836,-0.24028785526752472,34.69301223754883,-8.194658865312114,122911.6484375,4.148393630981445,0.0,81.15265655517578,49.396087646484375,502.1484375,73.31378936767578,92.68771362304688,0.8931861946887226,112.88040161132812,923.8583143371216,8.184399604797363,103.31378936767578,POINT (128000 450000),2781.807872459293
124000.0,461000.0,0,0.45526811480522156,0.0,17.17087173461914,-0.14187271893024445,77.48190307617188,-10.496240328619908,57607.984375,2.6672909259796143,0.0,90.59400939941406,35.26860427856445,422.8515625,80.99256134033203,93.79414367675781,0.5236282145830582,107.87030029296875,534.2600013996125,4.9527997970581055,110.99256134033203,POINT (124000 461000),2801.0099886718995
141000.0,450000.0,0,1.1529096364974976,0.0,13.74443531036377,-0.26325753331184387,26.937686920166016,-6.671578461258065,145885.03125,4.9650797843933105,0.0,73.06095886230469,51.6070671081543,513.4765625,62.605308532714844,84.42591094970703,1.1501283086038807,108.46759796142578,1164.2152918740248,10.73330020904541,92.60530853271484,POINT (141000 450000),2843.1443646989487
124000.0,456000.0,0,9.999999974752427e-07,0.0,18.359243392944336,-0.03903347626328468,35593496.0,-12.160453187115651,0.12653639912605286,-0.7817766070365906,0.0,96.81424713134766,18.14301872253418,320.8984375,87.04922485351562,83.70449829101562,0.23006983106406206,98.38420104980469,235.41372539190706,2.3928000926971436,117.04922485351562,POINT (124000 456000),2855.6894138012403
135000.0,447000.0,0,0.24075911939144135,0.0,14.327230453491211,-0.07775508612394333,119.07222747802734,-8.971729062462398,30464.791015625,2.5092613697052,0.0,78.93380737304688,22.961824417114258,343.5546875,70.46319580078125,80.73617553710938,0.4023465254830981,107.30870056152344,406.90385302195136,3.7918999195098877,100.46319580078125,POINT (135000 447000),2860.637100765981
144000.0,457000.0,0,8.572606086730957,0.3170332610607147,14.60123062133789,-1.6579378843307495,6.878211975097656,9.14314236474123,1084746.625,7.713123321533203,5.610064506530762,48.025596618652344,280.17694091796875,1113.8671875,38.979034423828125,68.19044494628906,16.542697695476388,127.43009948730469,16982.545736955944,133.26950073242188,68.97903442382812,POINT (144000 457000),2864.6447435479054
139000.0,462000.0,0,7.848430156707764,0.0,14.836978912353516,-1.5282385349273682,7.258497714996338,7.351071269242813,993112.0625,7.612721920013428,0.0,53.154850006103516,259.4776306152344,1023.2421875,42.79309844970703,71.80437469482422,12.712047709062185,140.36459350585938,13090.359454333084,93.25969696044922,72.79309844970703,POINT (139000 462000),2865.0145055329963
130000.0,447000.0,0,0.6117030382156372,0.0,16.682235717773438,-0.17431841790676117,57.14975357055664,-9.853699620704502,77402.703125,3.131000518798828,0.0,88.05707550048828,40.420997619628906,445.5078125,81.92613983154297,96.93092346191406,0.6124515997910304,114.02890014648438,628.4132865416905,5.511000156402588,111.92613983154297,POINT (130000 447000),2892.376252204265
127000.0,464000.0,0,5.5096330642700195,0.0,14.686626434326172,-1.1163257360458374,8.87907600402832,2.1099787239503143,697169.125,6.765634536743164,0.0,61.72138214111328,188.5844268798828,909.9609375,50.93037414550781,79.18624877929688,6.6822544599114435,127.70149993896484,6857.110781571799,53.6963996887207,80.93037414550781,POINT (127000 464000),2925.3446956925277
142000.0,451000.0,0,1.373637318611145,0.0,13.035635948181152,-0.3017062544822693,22.15683937072754,-5.7052143851687465,173815.109375,5.456173419952393,0.0,68.82911682128906,57.45326232910156,536.1328125,59.422584533691406,82.69538879394531,1.4104997446024399,111.53250122070312,1430.092017240444,12.822199821472168,89.4225845336914,POINT (142000 451000),3008.7597049004094
140000.0,449000.0,0,0.5399715900421143,0.0,15.317059516906738,-0.14703698456287384,58.98938751220703,-9.037579239718706,68326.0546875,3.41300892829895,0.0,82.3707275390625,34.4074592590332,422.8515625,71.14823150634766,86.5851058959961,0.6072404911788409,105.2603988647461,613.994415994337,5.833099842071533,101.14823150634766,POINT (140000 449000),3039.3611064055276
134000.0,446000.0,0,0.2854830026626587,0.0,13.599373817443848,-0.0836886614561081,95.96923065185547,-8.384988997662402,36123.98828125,2.972486972808838,0.0,75.41671752929688,23.41899871826172,354.8828125,67.73343658447266,79.6457290649414,0.44128352716340125,106.92459869384766,446.2818891310344,4.173799991607666,97.73343658447266,POINT (134000 446000),3040.472956646353
141000.0,461000.0,0,8.736207008361816,0.40085360407829285,14.828804016113281,-1.7010504007339478,6.891855716705322,9.27690912953344,1105448.125,7.54232931137085,5.572958946228027,48.82492446899414,285.54296875,1079.8828125,38.7325439453125,67.95099639892578,16.668541635179874,137.56900024414062,17185.83506409917,124.92520141601562,68.7325439453125,POINT (141000 461000),3043.735362153973
129000.0,448000.0,0,0.7140616178512573,0.0,16.34927749633789,-0.1938619762659073,48.58792495727539,-9.41382949969629,90354.78125,3.4328556060791016,0.0,86.31723022460938,43.11761474609375,456.8359375,79.77674865722656,96.17274475097656,0.6807241213616406,113.33450317382812,702.7192393848236,6.200399875640869,109.77674865722656,POINT (129000 448000),3049.396721364345
131000.0,446000.0,0,0.7117589712142944,0.0,15.435660362243652,-0.1864737868309021,46.11238479614258,-8.781492594634162,90063.4140625,3.6831445693969727,0.0,82.33018493652344,41.363372802734375,456.8359375,76.10440063476562,93.07653045654297,0.70317107219399,112.94670104980469,717.3019132495028,6.350800037384033,106.10440063476562,POINT (131000 446000),3154.0145797480945
134000.0,464000.0,0,3.869513750076294,0.0,13.012953758239746,-0.7798286080360413,10.182652473449707,-0.24146887931272387,489634.3125,6.87041711807251,0.0,59.36103057861328,134.5386199951172,728.7109375,48.67626190185547,76.42334747314453,4.726363087110786,142.4302978515625,4868.524075069465,34.181800842285156,78.67626190185547,POINT (134000 464000),3160.622461576571
135000.0,464000.0,0,4.4927849769592285,0.0,13.200241088867188,-0.8974204659461975,9.342391967773438,1.0093968916937825,568500.8125,7.05048942565918,0.0,57.869239807128906,154.0019073486328,785.3515625,47.337005615234375,75.44337463378906,5.780082502715706,142.56739807128906,5958.233778494119,41.79240036010742,77.33700561523438,POINT (135000 464000),3173.834035276669
145000.0,454000.0,0,6.969664096832275,0.0,14.354132652282715,-1.3623058795928955,7.593520641326904,5.730245373505738,881916.1875,7.524038791656494,0.0,53.77333450317383,232.10899353027344,1045.8984375,45.542022705078125,74.3814697265625,10.596502955923523,118.34600067138672,10829.333533954632,91.50569915771484,75.54202270507812,POINT (145000 454000),3185.798027851341
140000.0,462000.0,0,8.63140869140625,0.2855225205421448,14.834589958190918,-1.676088809967041,6.922311305999756,9.075814386571723,1092187.375,7.6236252784729,5.626485347747803,49.466373443603516,282.52032470703125,1068.5546875,39.08708190917969,68.2834701538086,16.12065845581569,139.32330322265625,16636.386746402364,119.40850067138672,69.08708190917969,POINT (140000 462000),3194.904183661353
144000.0,452000.0,0,5.454967975616455,0.0,14.427267074584961,-1.099645733833313,8.820161819458008,2.198841292247772,690252.0,6.865043640136719,0.0,60.37760543823242,186.6920623779297,955.2734375,52.08110046386719,80.32928466796875,6.683949870835882,113.22380065917969,6799.54222153523,60.05400085449219,82.08110046386719,POINT (144000 452000),3201.901439989866
124000.0,462000.0,0,0.5847588777542114,0.0,16.709964752197266,-0.16710397601127625,59.64060974121094,-9.917293314607859,73993.28125,3.114881992340088,0.0,88.25381469726562,38.79093551635742,445.5078125,78.53459167480469,93.45925903320312,0.6083829008303338,110.04060363769531,621.1792054359321,5.644999980926514,108.53459167480469,POINT (124000 462000),3223.168798736894
138000.0,463000.0,0,7.626744270324707,0.0,14.86368179321289,-1.4923924207687378,7.387561798095703,6.807135799388766,965060.6875,7.4985737800598145,0.0,54.290435791015625,252.9419403076172,1000.5859375,43.79508972167969,72.74602508544922,11.857354073874276,141.41810607910156,12227.858443598263,86.46600341796875,73.79508972167969,POINT (138000 463000),3227.3881052699803
145000.0,455000.0,0,7.545721530914307,0.0,14.392237663269043,-1.460349678993225,7.268242359161377,7.04242369964599,954808.375,7.758603096008301,0.0,51.56450653076172,249.35691833496094,1068.5546875,43.041351318359375,72.03836059570312,12.493159567385595,121.11869812011719,12795.124273270485,105.64119720458984,73.04135131835938,POINT (145000 455000),3227.9671466501995
125000.0,463000.0,0,2.2048399448394775,0.0,15.457559585571289,-0.49550604820251465,17.54582977294922,-5.6841207649097445,278992.5,5.157466888427734,0.0,77.46524047851562,88.46389770507812,649.4140625,67.31523132324219,91.79312133789062,1.8854056808979327,117.3240966796875,1928.4092159774154,16.436599731445312,97.31523132324219,POINT (125000 463000),3239.8836354424375
126000.0,451000.0,0,0.39524534344673157,0.0,15.546433448791504,-0.11832406371831894,80.32237243652344,-9.49597376057775,50012.921875,2.862220048904419,0.0,83.83601379394531,30.486820220947266,411.5234375,75.48059844970703,88.25672149658203,0.5047253180471601,103.72470092773438,528.0105774109252,5.0904998779296875,105.48059844970703,POINT (126000 451000),3242.823085193794
131000.0,464000.0,0,4.65950345993042,0.0,15.523386001586914,-0.9792428612709045,10.285654067993164,-0.454735965509355,589596.8125,6.115142345428467,0.0,69.29737854003906,164.88531494140625,819.3359375,58.5413818359375,86.08069610595703,4.626044037013152,139.30380249023438,4758.325600801385,34.157901763916016,88.5413818359375,POINT (131000 464000),3312.595847114605
136000.0,448000.0,0,0.4818401038646698,0.0,12.735065460205078,-0.11925655603408813,54.84553909301758,-7.382465165396775,60970.30859375,4.143801212310791,0.0,70.61136627197266,28.200244903564453,377.5390625,60.73479461669922,77.3609848022461,0.6143122065185934,108.36479949951172,621.0820132569897,5.731400012969971,90.73479461669922,POINT (136000 448000),3334.968282376877
142000.0,460000.0,0,8.9473876953125,0.6838775873184204,14.844863891601562,-1.7572468519210815,6.850950241088867,9.62620215977962,1132170.125,7.313709259033203,5.449136257171631,47.6280517578125,291.7500915527344,1102.5390625,37.885704040527344,67.14691162109375,17.83751156096022,135.3112030029297,18379.71324181999,135.83290100097656,67.88570404052734,POINT (142000 460000),3356.8458967660313
144000.0,458000.0,0,8.784380912780762,0.5878835320472717,14.685885429382324,-1.7162950038909912,6.855871200561523,9.436060194912743,1111543.875,7.43803071975708,5.487119197845459,47.376426696777344,286.49688720703125,1113.8671875,38.1495361328125,67.39787292480469,17.4718726871817,129.41310119628906,17991.837275162805,139.02639770507812,68.1495361328125,POINT (144000 458000),3368.085246089694
124000.0,455000.0,0,0.09216746687889099,0.0,16.442781448364258,-0.05543823540210724,350.0574645996094,-10.708020353846669,11662.5390625,1.0216505527496338,0.0,88.66419219970703,20.85498809814453,343.5546875,78.57730102539062,82.9373779296875,0.30931962423453474,96.625,318.09915792942047,3.292099952697754,108.57730102539062,POINT (124000 455000),3368.5720181084503
145000.0,456000.0,0,7.933187007904053,0.0,14.44009780883789,-1.5256658792495728,7.0798516273498535,7.914652065731138,1003836.875,7.914562702178955,0.0,50.142452239990234,260.91656494140625,1091.2109375,41.37049865722656,70.45816040039062,13.958871260338674,123.64070129394531,14331.490337125724,115.91239929199219,71.37049865722656,POINT (145000 456000),3393.4207803189997
128000.0,449000.0,0,0.7577192783355713,0.0,15.742317199707031,-0.19827307760715485,44.377227783203125,-8.899352202246668,95879.0625,3.6921873092651367,0.0,83.53083801269531,43.271095275878906,468.1640625,76.3890151977539,93.6767807006836,0.7294548959395063,111.23079681396484,757.4817199384233,6.809999942779541,106.3890151977539,POINT (128000 449000),3402.8038949129373
129000.0,465000.0,0,5.744161605834961,0.0,14.926018714904785,-1.1653196811676025,8.756402015686035,2.4405397165107248,726845.5,6.741231918334961,0.0,62.13344955444336,196.3764190673828,909.9609375,51.294471740722656,79.59632873535156,6.917451492643908,134.9676971435547,7124.782674589718,52.78879928588867,81.29447174072266,POINT (129000 465000),3403.050953292685
143000.0,459000.0,0,8.990437507629395,0.786486804485321,14.805733680725098,-1.770498514175415,6.837656021118164,9.713352198768138,1137617.5,7.244540214538574,5.405577659606934,47.031776428222656,292.8243408203125,1113.8671875,37.578575134277344,66.85430145263672,18.263017296230622,132.5760040283203,18810.39995094831,141.88389587402344,67.57857513427734,POINT (143000 459000),3406.3342590416732
136000.0,464000.0,0,7.074172496795654,0.0,14.942407608032227,-1.401187539100647,7.742798805236816,5.455381813710361,895140.3125,7.228456974029541,0.0,57.03116989135742,236.69293212890625,966.6015625,46.66593933105469,75.4425048828125,9.979127622049797,142.38150024414062,10297.314660780365,72.3219985961914,76.66593933105469,POINT (136000 464000),3411.097320317919
125000.0,453000.0,0,0.37810349464416504,0.0,14.836665153503418,-0.10978832095861435,79.97437286376953,-9.039177472877686,47843.8515625,3.0245912075042725,0.0,80.75038146972656,28.382070541381836,400.1953125,71.1646499633789,84.24663543701172,0.5029465880831675,100.42970275878906,522.3248488936079,5.200900077819824,101.1646499633789,POINT (125000 453000),3418.851932416079
125000.0,454000.0,0,0.3097175061702728,0.0,15.825970649719238,-0.10083272308111191,103.15267181396484,-9.85689826098428,39190.53515625,2.4755427837371826,0.0,85.33678436279297,27.74776840209961,388.8671875,75.61015319824219,86.613037109375,0.44730306719236745,102.19770050048828,461.4226041148395,4.514999866485596,105.61015319824219,POINT (125000 454000),3429.3238818311947
145000.0,453000.0,0,6.451904296875,0.0,14.31283187866211,-1.2722086906433105,7.927601337432861,4.568150770813509,816400.6875,7.326367378234863,0.0,55.679832458496094,216.48435974121094,1023.2421875,47.56366729736328,76.24295806884766,9.159103663714026,115.34960174560547,9345.070796254557,81.01519775390625,77.56366729736328,POINT (145000 453000),3444.7501921130433
133000.0,464000.0,0,5.774261951446533,0.0,14.61078929901123,-1.1626465320587158,8.598381996154785,2.765065008742261,730654.25,6.888321876525879,0.0,60.4124870300293,196.48924255371094,887.3046875,49.665000915527344,78.05010223388672,7.2174886925643325,141.88650512695312,7429.986128618242,52.365699768066406,79.66500091552734,POINT (133000 464000),3450.4849232773217
123000.0,459000.0,0,0.08631814271211624,0.0,17.330514907836914,-0.0591730922460556,394.1210021972656,-11.327898958539354,10922.38671875,0.8666503429412842,0.0,92.3758316040039,22.28000831604004,354.8828125,82.57061004638672,86.40667724609375,0.31090183587007664,97.29209899902344,316.47173843637574,3.2527999877929688,112.57061004638672,POINT (123000 459000),3462.898071366403
128000.0,465000.0,0,6.114980697631836,0.0,14.697649955749512,-1.2253248691558838,8.33940601348877,3.469267435586607,773767.625,6.985458850860596,0.0,59.45490646362305,206.9500274658203,932.6171875,48.55903625488281,77.0714340209961,7.959904898119709,132.1529998779297,8192.574032681354,61.993099212646484,78.55903625488281,POINT (128000 465000),3463.250259217802
127000.0,450000.0,0,0.578549325466156,0.0,15.773529052734375,-0.15981310606002808,56.97011184692383,-9.284129994845706,73207.546875,3.3203272819519043,0.0,84.2377700805664,37.26186752319336,445.5078125,76.58348083496094,91.90922546386719,0.6172127608762348,107.96869659423828,643.9360908369126,5.964099884033203,106.58348083496094,POINT (127000 450000),3464.919981542032
126000.0,464000.0,0,4.11530065536499,0.0,14.840749740600586,-0.8612085580825806,10.790406227111816,-1.1112995042374223,520735.28125,6.185308456420898,0.0,67.79483032226562,146.4229278564453,808.0078125,57.2528076171875,84.6012191772461,4.202558692333598,123.66069793701172,4308.549125738937,34.84170150756836,87.2528076171875,POINT (126000 464000),3472.6311748255657
123000.0,460000.0,0,0.1424971967935562,0.0,17.383230209350586,-0.07251918315887451,241.20733642578125,-11.25607981316421,18031.08203125,1.2723661661148071,0.0,92.42332458496094,24.508684158325195,366.2109375,82.6654052734375,88.42677307128906,0.3434663435083571,99.59220123291016,349.7976898340239,3.5123000144958496,112.6654052734375,POINT (123000 460000),3480.0607815589533
142000.0,450000.0,0,1.470737099647522,0.0,13.594097137451172,-0.32624173164367676,21.729324340820312,-5.893689517420363,186101.765625,5.324149131774902,0.0,71.20262145996094,61.491695404052734,558.7890625,61.254486083984375,84.58736419677734,1.45032311549101,107.52970123291016,1469.4256659647945,13.665300369262695,91.25448608398438,POINT (142000 450000),3543.4014595644853
137000.0,448000.0,0,0.5619016289710999,0.0,12.16252613067627,-0.13197489082813263,45.52288055419922,-6.819424041077882,71101.0078125,4.650928020477295,0.0,67.47830963134766,29.679935455322266,400.1953125,56.580284118652344,74.94729614257812,0.71577625785086,105.98509979248047,723.5178901676481,6.826600074768066,86.58028411865234,POINT (137000 448000),3546.5015735208344
143000.0,451000.0,0,1.3762140274047852,0.0,12.282803535461426,-0.2953624725341797,20.989866256713867,-5.167227645837932,174141.15625,5.786414623260498,0.0,65.02285766601562,56.14851379394531,536.1328125,55.97576141357422,79.74864959716797,1.508390616904269,110.58910369873047,1531.2056246659631,13.84589958190918,85.97576141357422,POINT (143000 451000),3555.002359599148
135000.0,446000.0,0,0.28752490878105164,0.0,13.23069953918457,-0.08192243427038193,92.73741149902344,-8.127492917690903,36382.36328125,3.132009267807007,0.0,73.68186950683594,22.697580337524414,343.5546875,65.10707092285156,77.46174621582031,0.44455401476411605,103.62030029296875,449.45306240275386,4.337500095367432,95.10707092285156,POINT (135000 446000),3568.205376965217
137000.0,464000.0,0,7.289517879486084,0.0,14.90430736541748,-1.4368423223495483,7.596307277679443,5.986278883903635,922389.25,7.334505081176758,0.0,55.93913650512695,243.0292205810547,977.9296875,45.57750701904297,74.42546844482422,10.666662276675913,141.94760131835938,11019.279271151172,77.62920379638672,75.57750701904297,POINT (137000 464000),3604.531942566212
125000.0,452000.0,0,0.23566661775112152,0.0,15.047956466674805,-0.08029218763113022,127.65469360351562,-9.47297843284083,29820.404296875,2.296257972717285,0.0,82.16931915283203,23.88125991821289,366.2109375,73.05309295654297,82.74835968017578,0.4014690335207331,98.693603515625,419.99061394832097,4.255499839782715,103.05309295654297,POINT (125000 452000),3607.925625812496
129000.0,447000.0,0,0.7048094272613525,0.0,16.58720588684082,-0.19387587904930115,49.867069244384766,-9.59986690415623,89184.0390625,3.347071647644043,0.0,87.35169982910156,43.356117248535156,468.1640625,81.27423858642578,97.38764190673828,0.6723310619382022,112.05249786376953,695.7788000688015,6.209400177001953,111.27423858642578,POINT (129000 447000),3617.523424665696
123000.0,457000.0,0,9.999999974752427e-07,0.0,19.451984405517578,-0.03381631523370743,37569932.0,-12.835699142382019,0.12653639912605286,-2.7184815406799316,0.0,101.12671661376953,15.047757148742676,298.2421875,91.29679870605469,80.17071533203125,0.1754962604179195,93.07060241699219,179.11437328639295,1.9244999885559082,121.29679870605469,POINT (123000 457000),3619.604713422299
130000.0,465000.0,0,4.802567005157471,0.0,15.377391815185547,-1.003026008605957,10.014853477478027,-0.024371417258977887,607699.5,6.218794345855713,0.0,68.0466537475586,168.9164581298828,830.6640625,57.376853942871094,85.05077362060547,4.907266557295891,137.32350158691406,5057.473422940529,36.82889938354492,87.3768539428711,POINT (130000 465000),3628.6924950235625
138000.0,448000.0,0,0.7453393936157227,0.0,12.4633207321167,-0.17062564194202423,36.06250762939453,-6.636658525444776,94312.5546875,4.935389041900635,0.0,68.28528594970703,35.98220443725586,445.5078125,56.51634216308594,76.63128662109375,0.8828428024774486,103.88520050048828,892.3011688275001,8.589300155639648,86.51634216308594,POINT (138000 448000),3629.8112847230122
141000.0,449000.0,0,0.7989389300346375,0.0,14.62910270690918,-0.19706325232982635,39.41360855102539,-8.02862385403516,101094.8515625,4.17429256439209,0.0,78.40886688232422,41.72084045410156,468.1640625,67.29601287841797,86.0788803100586,0.8158592014969009,104.19650268554688,825.4342533198069,7.921899795532227,97.29601287841797,POINT (141000 449000),3641.9545474304923
139000.0,448000.0,0,0.1951756328344345,0.0,17.3311767578125,-0.08349546790122986,176.65817260742188,-11.113002744736791,24696.8203125,1.6209100484848022,0.0,92.04864501953125,25.965564727783203,377.5390625,80.50664520263672,87.95077514648438,0.3752681994818425,102.14739990234375,379.21200326705,3.712399959564209,110.50664520263672,POINT (139000 448000),3654.919094438407
136000.0,447000.0,0,0.3661513924598694,0.0,13.402095794677734,-0.09906627982854843,74.59425354003906,-8.080417288698756,46331.4765625,3.455864667892456,0.0,74.21308898925781,25.5089111328125,366.2109375,64.67350006103516,78.68140411376953,0.5070584322957521,104.40640258789062,512.6980999044463,4.910600185394287,94.67350006103516,POINT (136000 447000),3697.412397121055
130000.0,446000.0,0,0.6315117478370667,0.0,16.652921676635742,-0.1785467565059662,55.395164489746094,-9.794228749389053,79909.21875,3.1774938106536865,0.0,87.8742446899414,41.09133529663086,445.5078125,82.04999542236328,97.28849029541016,0.6223655181951611,112.66680145263672,639.3728377525404,5.674900054931641,112.04999542236328,POINT (130000 446000),3697.864596407938
123000.0,458000.0,0,0.08264917880296707,0.0,16.98003387451172,-0.05625665560364723,402.9004821777344,-11.094310502844822,10458.12890625,0.8743147253990173,0.0,90.93562316894531,21.47228240966797,354.8828125,80.99183654785156,84.79725646972656,0.3079412600210752,95.12030029296875,313.64967796832207,3.2973999977111816,110.99183654785156,POINT (123000 458000),3699.713043168306
145000.0,457000.0,0,8.60379409790039,0.5003072619438171,14.565348625183105,-1.6754168272018433,6.883641719818115,9.160446153611272,1088693.125,7.523792266845703,5.522684097290039,47.489559173583984,280.83294677734375,1113.8671875,38.393287658691406,67.62249755859375,16.92628364133362,125.88990020751953,17430.011447573546,138.45440673828125,68.3932876586914,POINT (145000 457000),3723.070883658432
133000.0,445000.0,0,0.23415423929691315,0.0,14.335310935974121,-0.07703935354948044,122.43887329101562,-8.99492879716596,29629.033203125,2.4322948455810547,0.0,78.99137115478516,23.123077392578125,343.5546875,72.53788757324219,82.46745300292969,0.39589596960425394,107.05740356445312,400.501739996158,3.740999937057495,102.53788757324219,POINT (133000 445000),3730.0681984976973
123000.0,461000.0,0,0.2733984887599945,0.0,17.35559844970703,-0.10223446041345596,127.57511901855469,-10.982235712803627,34594.859375,1.9812383651733398,0.0,91.90503692626953,29.21927833557129,400.1953125,82.17678833007812,91.45587921142578,0.4206427291504784,102.01679992675781,428.7460191398932,4.202700138092041,112.17678833007812,POINT (123000 461000),3748.968819976515
141000.0,462000.0,0,5.7086710929870605,0.0,15.112109184265137,-1.164460301399231,8.869895935058594,2.2041071154177185,722354.6875,6.637691020965576,0.0,63.280517578125,196.1343536376953,898.6328125,53.781005859375,81.98982238769531,6.552717755090191,138.18260192871094,6776.3368183979765,49.03900146484375,83.781005859375,POINT (141000 462000),3751.1126469810556
132000.0,464000.0,0,5.6274895668029785,0.0,15.17563533782959,-1.1512092351913452,8.97491455078125,1.9708519134292604,712082.25,6.584161281585693,0.0,63.976253509521484,193.5697479248047,875.9765625,53.19612121582031,81.37801361083984,6.417325192278762,140.86180114746094,6603.544967011199,46.879600524902344,83.19612121582031,POINT (132000 464000),3758.1313099889376
132000.0,445000.0,0,0.49625781178474426,0.0,14.919205665588379,-0.1369146853685379,62.2790412902832,-8.863682709540372,62794.67578125,3.328073024749756,0.0,80.74212646484375,33.25251770019531,411.5234375,74.69126892089844,89.37710571289062,0.5693902368944135,109.71600341796875,577.8851459496364,5.267099857330322,104.69126892089844,POINT (132000 445000),3760.400096601679
123000.0,456000.0,0,9.999999974752427e-07,0.0,17.30574607849121,-0.031863320618867874,33458152.0,-11.43091658734601,0.12653639912605286,-1.1558719873428345,0.0,92.55561828613281,15.49171257019043,309.5703125,82.23188781738281,77.6104507446289,0.21056557130307443,91.1270980834961,215.7434107960671,2.367500066757202,112.23188781738281,POINT (123000 456000),3795.3892140557314
127000.0,465000.0,0,5.383053779602051,0.0,14.437765121459961,-1.087073564529419,8.897687911987305,2.027274183155358,681152.1875,6.83011531829834,0.0,60.89591598510742,184.08511352539062,898.6328125,50.10478973388672,78.36273193359375,6.641091440807704,128.9178009033203,6829.588003932906,52.97629928588867,80.10478973388672,POINT (127000 465000),3795.714547386051
139000.0,463000.0,0,8.089249610900879,0.0,14.815673828125,-1.5672742128372192,7.128340721130371,7.936342003256751,1023584.5,7.731820583343506,0.0,52.00618362426758,266.54815673828125,1034.5703125,41.55320739746094,70.62740325927734,13.688162620441709,140.56939697265625,14142.12514649611,100.60600280761719,71.55320739746094,POINT (139000 463000),3814.436175135959
124000.0,463000.0,0,1.055579423904419,0.0,15.135764122009277,-0.2552875876426697,31.78178596496582,-7.855315562664538,133569.21875,4.356536865234375,0.0,79.86229705810547,51.258392333984375,502.1484375,69.92495727539062,90.1739730834961,0.9739173055606184,112.31659698486328,995.214878912826,8.860799789428711,99.92495727539062,POINT (124000 463000),3860.2899855692317
142000.0,461000.0,0,5.502508163452148,0.0,15.165575981140137,-1.1284737586975098,9.097436904907227,1.6967485968012928,696267.5625,6.538008689880371,0.0,64.33728790283203,190.18927001953125,887.3046875,55.62848663330078,83.70726776123047,6.072100705330715,136.283203125,6276.0732660368085,46.051700592041016,85.62848663330078,POINT (142000 461000),3865.0848439899637
128000.0,448000.0,0,0.6676141023635864,0.0,16.377731323242188,-0.1839955747127533,51.7707405090332,-9.527455112446887,84477.484375,3.3348381519317627,0.0,86.56389617919922,41.624393463134766,468.1640625,80.09349060058594,95.97437286376953,0.6582426846195208,109.87149810791016,685.8838101486508,6.242599964141846,110.09349060058594,POINT (128000 448000),3911.6988269179665
140000.0,448000.0,0,0.29280972480773926,0.0,16.087160110473633,-0.09770414233207703,110.60132598876953,-10.06394861151815,37051.0859375,2.376105308532715,0.0,86.5148696899414,27.111616134643555,388.8671875,74.35184478759766,84.997802734375,0.4388476352272676,100.79519653320312,443.5492442727118,4.4004998207092285,104.35184478759766,POINT (140000 448000),3933.1272315222677
145000.0,452000.0,0,5.89870548248291,0.0,14.276861190795898,-1.1743168830871582,8.346780776977539,3.331703820483863,746400.9375,7.1202073097229,0.0,57.710052490234375,199.68508911132812,1000.5859375,49.463958740234375,77.94661712646484,7.845639856993298,112.16130065917969,7995.149175550207,71.28260040283203,79.46395874023438,POINT (145000 452000),3947.568707174608
134000.0,445000.0,0,0.1549164056777954,0.0,13.9480562210083,-0.05767258256673813,177.9629364013672,-8.889760687926579,19602.5625,1.9948855638504028,0.0,77.48953247070312,19.48752784729004,320.8984375,70.4293441772461,78.2052001953125,0.3410269130461403,103.61319732666016,344.5760395829948,3.3255999088287354,100.4293441772461,POINT (134000 445000),3960.581856793999
126000.0,450000.0,0,0.34871840476989746,0.0,16.00975227355957,-0.11131041496992111,93.18282318115234,-9.910321685294921,44125.5703125,2.5595645904541016,0.0,85.99165344238281,29.842437744140625,411.5234375,78.26161193847656,89.8008041381836,0.47147117317077036,102.15370178222656,496.18097518261493,4.8572001457214355,108.26161193847656,POINT (126000 450000),3980.512573460249
144000.0,451000.0,0,4.920980930328369,0.0,14.163063049316406,-0.9962285161018372,9.279312133789062,1.2116525878569602,622683.1875,6.781726360321045,0.0,61.05641555786133,169.65985107421875,921.2890625,52.3018798828125,80.35595703125,5.8990133075747115,109.70359802246094,5996.7606415716,54.663299560546875,82.3018798828125,POINT (144000 451000),3996.14409690273
144000.0,459000.0,0,5.956606864929199,0.0,14.903282165527344,-1.2036070823669434,8.557974815368652,2.934613900842905,753727.5,6.8185811042785645,0.0,61.15507507324219,203.35682678222656,932.6171875,53.04499053955078,81.38834381103516,7.1446711679847565,131.0782012939453,7380.096151461708,56.303001403808594,83.04499053955078,POINT (144000 459000),4019.519656701951
125000.0,451000.0,0,0.17362020909786224,0.0,15.468127250671387,-0.06911851465702057,176.6566162109375,-9.885577762461018,21969.275390625,1.8015642166137695,0.0,84.21002197265625,22.492891311645508,366.2109375,75.67111206054688,83.26649475097656,0.3619974877597091,97.07450103759766,381.5319111688532,3.930299997329712,105.67111206054688,POINT (125000 451000),4042.982328307141
138000.0,464000.0,0,8.053977966308594,0.0,14.829188346862793,-1.5619302988052368,7.150241851806641,7.841473494491529,1019121.375,7.708849906921387,0.0,52.229209899902344,265.536376953125,1034.5703125,41.75537872314453,70.8191909790039,13.530897219766473,141.32249450683594,13998.445280107087,99.0531997680664,71.75537872314453,POINT (138000 464000),4043.478220700615
124000.0,454000.0,0,0.05328275263309479,0.0,16.31028175354004,-0.04582175984978676,597.4002685546875,-10.693011170585041,6742.20751953125,0.6590628027915955,0.0,88.22624969482422,19.140974044799805,332.2265625,78.27183532714844,81.0155029296875,0.2837674021804569,94.8759994506836,293.75506848582154,3.0961999893188477,108.27183532714844,POINT (124000 454000),4045.1572110279567
131000.0,445000.0,0,0.6676363945007324,0.0,15.428865432739258,-0.17718861997127533,48.878456115722656,-8.86805230977679,84480.3046875,3.5893161296844482,0.0,82.4490737915039,39.98468017578125,445.5078125,76.70934295654297,93.1811294555664,0.6706758611352476,111.247802734375,684.3631102878135,6.151700019836426,106.70934295654297,POINT (131000 445000),4045.714894502574
125000.0,464000.0,0,3.3417153358459473,0.0,14.70053768157959,-0.7100422382354736,12.356241226196289,-2.690099880388767,422848.59375,5.939733028411865,0.0,69.89712524414062,122.22528076171875,751.3671875,59.49998474121094,86.15779876708984,3.2412582086114385,119.30110168457031,3320.2809464333113,27.831100463867188,89.49998474121094,POINT (125000 464000),4050.9811991396546
131000.0,465000.0,0,4.98638391494751,0.0,15.356419563293457,-1.037100911140442,9.766451835632324,0.3978701932626665,630959.0625,6.289315700531006,0.0,67.27139282226562,174.51600646972656,841.9921875,56.66565704345703,84.45633697509766,5.196296563335889,139.19729614257812,5358.664202111191,38.49689865112305,86.66565704345703,POINT (131000 465000),4093.172688291371
123000.0,462000.0,0,0.4004007577896118,0.0,17.168703079223633,-0.1295718103647232,87.51014709472656,-10.603094916205286,50665.265625,2.5007989406585693,0.0,90.7428207397461,33.34621047973633,422.8515625,81.0650634765625,92.97045135498047,0.49490723431363526,104.55470275878906,504.85283040234935,4.82859992980957,111.0650634765625,POINT (123000 462000),4098.025122742591
140000.0,463000.0,0,6.4222187995910645,0.0,14.956642150878906,-1.2879093885421753,8.200648307800293,3.948029184544623,812644.375,6.9693522453308105,0.0,59.71044158935547,217.18637084960938,932.6171875,49.65370178222656,78.20408630371094,8.247912460247143,139.59820556640625,8536.444329042919,61.15010070800781,79.65370178222656,POINT (140000 463000),4110.281183824001
143000.0,460000.0,0,5.186248779296875,0.0,15.235123634338379,-1.0720288753509521,9.472578048706055,0.9345247019195079,656249.25,6.396642684936523,0.0,65.85501861572266,180.8767547607422,875.9765625,57.83045196533203,85.7081298828125,5.456520088271041,133.90570068359375,5637.483429474989,42.100399017333984,87.83045196533203,POINT (143000 460000),4139.6067700154545
134000.0,465000.0,0,5.339719772338867,0.0,13.79101848602295,-1.0635324716567993,8.656855583190918,2.4503063680833934,675668.875,7.110354423522949,0.0,57.68765640258789,181.2213897705078,853.3203125,47.321250915527344,75.70706939697266,7.041744106735943,142.0135040283203,7275.280778615386,51.22949981689453,77.32125091552734,POINT (134000 465000),4152.591183309495
135000.0,465000.0,0,6.351871013641357,0.0,14.451238632202148,-1.2604849338531494,8.059041976928711,4.212084190637611,803742.875,7.188164710998535,0.0,57.23984146118164,213.60958862304688,921.2890625,47.051361083984375,75.68880462646484,8.695139303002742,142.15609741210938,8991.870976628968,63.253501892089844,77.05136108398438,POINT (135000 465000),4162.655603645105
127000.0,449000.0,0,0.5563517808914185,0.0,16.18376350402832,-0.15815933048725128,60.587120056152344,-9.615429048743247,70398.75,3.145216941833496,0.0,86.08621978759766,37.4035530090332,445.5078125,79.04631042480469,93.75706481933594,0.5942419586309325,106.49030303955078,622.8298403434055,5.848700046539307,109.04631042480469,POINT (127000 449000),4171.5347723873165
146000.0,454000.0,0,7.10640811920166,0.0,14.268406867980957,-1.382334589958191,7.477608680725098,6.124093641877197,899219.25,7.636894226074219,0.0,52.67399215698242,235.87875366210938,1057.2265625,44.23246765136719,73.13369750976562,11.242270647127711,116.94830322265625,11523.442598168738,98.53450012207031,74.23246765136719,POINT (146000 454000),4180.961006839996
123000.0,455000.0,0,9.999999974752427e-07,0.0,16.068758010864258,-0.028749316930770874,31050852.0,-10.608466688582414,0.12653639912605286,-0.6352266073226929,0.0,87.37327575683594,14.806753158569336,309.5703125,76.83959197998047,74.39205169677734,0.22102167224722324,89.26909637451172,227.71653637528289,2.5508999824523926,106.83959197998047,POINT (123000 455000),4199.307086942371
146000.0,455000.0,0,7.70785665512085,0.0,14.311294555664062,-1.4836262464523315,7.152320384979248,7.4990106199449595,975324.375,7.892702579498291,0.0,50.30332946777344,253.8530731201172,1091.2109375,41.60259246826172,70.65972137451172,13.406246481327623,119.62680053710938,13772.597622750327,115.12969970703125,71.60259246826172,POINT (146000 455000),4214.669634611372
145000.0,458000.0,0,8.257975578308105,0.0,14.533719062805176,-1.5825307369232178,6.952682018280029,8.597468767237832,1044934.5,8.004005432128906,0.0,49.35118865966797,270.85003662109375,1091.2109375,40.341529846191406,69.48833465576172,15.06904009910412,127.8501968383789,15565.581987867597,121.74859619140625,70.3415298461914,POINT (145000 458000),4230.534648388955
142000.0,449000.0,0,1.1390241384506226,0.0,13.802240371704102,-0.2607784867286682,27.321420669555664,-6.740554639306639,144128.0,4.934089660644531,0.0,73.36486053466797,51.19852828979492,524.8046875,62.60381317138672,84.3370132446289,1.1432724049178502,103.38169860839844,1157.6269460391632,11.197600364685059,92.60381317138672,POINT (142000 449000),4249.559135422762
136000.0,446000.0,0,0.25137537717819214,0.0,13.448179244995117,-0.0751342624425888,107.20748138427734,-8.34836889124723,31808.1328125,2.8703668117523193,0.0,74.8288345336914,21.65154457092285,343.5546875,65.43343353271484,76.7619857788086,0.4178604339240952,100.30870056152344,422.3798934670631,4.2108001708984375,95.43343353271484,POINT (136000 446000),4268.45445381688
129000.0,446000.0,0,0.7740180492401123,0.0,16.34910011291504,-0.20707619190216064,45.1455078125,-9.293945686125182,97941.453125,3.5328564643859863,0.0,86.11048126220703,45.249290466308594,479.4921875,80.30968475341797,97.25041961669922,0.7195617016708942,111.00080108642578,745.8143672560545,6.718999862670898,110.30968475341797,POINT (129000 446000),4303.563162305766
126000.0,465000.0,0,4.162572383880615,0.0,14.217857360839844,-0.8575729131698608,10.367288589477539,-0.522334226776421,526716.9375,6.455667495727539,0.0,64.45205688476562,146.3408966064453,808.0078125,53.859657287597656,81.44390106201172,4.582987355592649,125.31330108642578,4708.710006161127,37.57550048828125,83.85965728759766,POINT (126000 465000),4309.278378707238
143000.0,450000.0,0,1.3800567388534546,0.0,12.298158645629883,-0.2960752844810486,20.962278366088867,-5.168648441683585,174627.40625,5.792078018188477,0.0,65.08802032470703,56.171539306640625,536.1328125,55.360374450683594,79.1853256225586,1.51960343955593,106.73899841308594,1541.4925914278137,14.441699981689453,85.3603744506836,POINT (143000 450000),4362.100174086796
146000.0,456000.0,0,8.137274742126465,0.03728212043642998,14.371832847595215,-1.55854070186615,6.962485313415527,8.444551181682407,1029661.375,8.009085655212402,5.749011039733887,48.780574798583984,266.68548583984375,1102.5390625,39.87378692626953,69.02359008789062,15.08439412747516,122.07949829101562,15539.707149792928,127.29170227050781,69.87378692626953,POINT (146000 456000),4376.875743762542
133000.0,465000.0,0,5.3983612060546875,0.0,14.10582160949707,-1.0821179151535034,8.738410949707031,2.3267999532803536,683089.125,6.97812557220459,0.0,59.19325637817383,183.80130004882812,853.3203125,48.670989990234375,77.00695037841797,6.859392500994153,141.51010131835938,7081.75993936148,50.0442008972168,78.67098999023438,POINT (133000 465000),4377.2508948929935
146000.0,453000.0,0,6.998030185699463,0.0,14.178448677062988,-1.3605924844741821,7.510461807250977,5.952149357776165,885505.5,7.648379802703857,0.0,52.533447265625,232.33706665039062,1068.5546875,44.07317352294922,72.96318054199219,11.121874600247336,114.07250213623047,11377.876579135132,99.74250030517578,74.07317352294922,POINT (146000 453000),4381.487162199369
135000.0,445000.0,0,0.12925584614276886,0.0,13.674117088317871,-0.050474826246500015,208.2198028564453,-8.753393869311024,16355.5693359375,1.8544520139694214,0.0,76.30313873291016,17.901390075683594,320.8984375,68.33380889892578,75.38408660888672,0.3247139759679994,99.81749725341797,328.0601977439801,3.286600112915039,98.33380889892578,POINT (135000 445000),4391.006103631396
129000.0,466000.0,0,5.466636657714844,0.0,15.019514083862305,-1.117442011833191,9.068376541137695,1.7399623439618108,691728.5,6.5984296798706055,0.0,63.705711364746094,188.22666931152344,887.3046875,52.96258544921875,81.10845184326172,6.279790393334873,135.481201171875,6485.376940056682,47.86920166015625,82.96258544921875,POINT (129000 466000),4400.17354209578
136000.0,465000.0,0,7.0411272048950195,0.0,14.937265396118164,-1.3953593969345093,7.762153625488281,5.3833381606594575,890958.8125,7.217386245727539,0.0,57.129703521728516,235.745849609375,966.6015625,47.03892517089844,75.80181884765625,9.861923334476941,142.00509643554688,10209.030150259845,71.89199829101562,77.03892517089844,POINT (136000 465000),4405.835881352848
124000.0,453000.0,0,0.08250224590301514,0.0,15.095726013183594,-0.04635246470570564,357.9914855957031,-9.80874907458177,10439.537109375,1.1158480644226074,0.0,82.8814697265625,18.193878173828125,332.2265625,73.1392822265625,77.58838653564453,0.29757602931613897,93.15440368652344,310.4277426272638,3.33240008354187,103.1392822265625,POINT (124000 453000),4417.958021634337
141000.0,448000.0,0,0.5012208819389343,0.0,15.45867919921875,-0.13930249214172363,63.79569625854492,-9.212042040780174,63422.68359375,3.2818336486816406,0.0,83.10240936279297,33.18272399902344,434.1796875,71.09175109863281,85.95275115966797,0.5865738560916238,99.80950164794922,593.1579053908172,5.94290018081665,101.09175109863281,POINT (141000 448000),4419.955964119682
128000.0,447000.0,0,0.7941564917564392,0.0,16.185678482055664,-0.2099524438381195,43.67823791503906,-9.137652840209235,100489.6953125,3.6170461177825928,0.0,85.32892608642578,45.527347564697266,490.8203125,79.23204803466797,96.4929428100586,0.7411847808925972,108.7948989868164,774.3259382110409,7.117300033569336,109.23204803466797,POINT (128000 447000),4436.313048719654
128000.0,466000.0,0,5.3278117179870605,0.0,14.726049423217773,-1.0846656560897827,9.084162712097168,1.6670414383028447,674162.0625,6.674181938171387,0.0,62.7043571472168,183.2192840576172,875.9765625,51.985206604003906,80.13722229003906,6.243420700740781,133.04339599609375,6443.158738379367,48.42900085449219,81.9852066040039,POINT (128000 466000),4446.894845600203
142000.0,462000.0,0,5.980169773101807,0.0,15.015238761901855,-1.2108941078186035,8.582761764526367,2.895580183720851,756709.125,6.7779154777526855,0.0,61.704551696777344,204.1852264404297,921.2890625,52.606590270996094,80.95137786865234,7.152680270605275,136.94869995117188,7410.56798488833,54.11199951171875,82.6065902709961,POINT (142000 462000),4452.63327471898
122000.0,459000.0,0,9.999999974752427e-07,0.0,17.74896240234375,-0.039350125938653946,34440748.0,-11.7666188183623,0.12653639912605286,-0.22557692229747772,0.0,94.33992767333984,18.769908905029297,343.5546875,84.21383666992188,83.24917602539062,0.2531504117206875,90.8958969116211,257.58079970698054,2.8338000774383545,114.21383666992188,POINT (122000 459000),4456.592545919408
122000.0,460000.0,0,0.032607223838567734,0.0,17.746986389160156,-0.04880690202116966,1061.58056640625,-11.714819212240004,4126.00048828125,0.35161077976226807,0.0,94.23107147216797,20.88377571105957,354.8828125,84.21405792236328,85.76144409179688,0.2835008246307164,93.51349639892578,288.43302254956325,3.084399938583374,114.21405792236328,POINT (122000 460000),4469.9415109166675
137000.0,447000.0,0,0.5023316144943237,0.0,12.55634593963623,-0.1221640557050705,52.04179763793945,-7.215243675968416,63563.23046875,4.303875923156738,0.0,69.65265655517578,28.405988693237305,388.8671875,58.889747619628906,76.07805633544922,0.6443386481477091,101.70960235595703,651.3076316069164,6.403600215911865,88.8897476196289,POINT (137000 447000),4500.49733154432
130000.0,445000.0,0,0.5958161950111389,0.0,16.525171279907227,-0.16991698741912842,58.033878326416016,-9.777755144724074,75392.4296875,3.1266915798187256,0.0,87.43460083007812,39.71628189086914,445.5078125,81.94862365722656,96.81739044189453,0.604814098745038,111.42120361328125,621.8528780409542,5.581099987030029,111.94862365722656,POINT (130000 445000),4538.172443691186
137000.0,465000.0,0,8.030266761779785,0.0,14.842462539672852,-1.558841347694397,7.1672444343566895,7.771741006943527,1016121.0625,7.685647964477539,0.0,52.453453063964844,264.9177551269531,1023.2421875,42.097869873046875,71.15132904052734,13.33615912647682,141.6215057373047,13816.990292463102,97.56279754638672,72.09786987304688,POINT (137000 465000),4561.304041843693
141000.0,463000.0,0,6.024087905883789,0.0,15.02703857421875,-1.2191872596740723,8.549850463867188,2.984580621312904,762266.375,6.787454128265381,0.0,61.64384078979492,205.44964599609375,909.9609375,52.030418395996094,80.4002914428711,7.248378821950399,138.51829528808594,7512.83045244345,54.237098693847656,82.0304183959961,POINT (141000 463000),4561.554194408169
124000.0,452000.0,0,0.010545549914240837,0.0,15.217333793640137,-0.03070337325334549,2794.64892578125,-10.032724900349002,1334.3958740234375,0.17267219722270966,0.0,83.65538024902344,15.632976531982422,309.5703125,74.33942413330078,75.00106048583984,0.24668445139366404,91.50990295410156,259.531245053724,2.8361001014709473,104.33942413330078,POINT (124000 452000),4565.84404754833
130000.0,466000.0,0,4.891592502593994,0.0,15.333291053771973,-1.0187510251998901,9.876046180725098,0.2071521162633598,618964.4375,6.2663960456848145,0.0,67.48469543457031,171.56785583496094,841.9921875,56.990684509277344,84.72843933105469,5.065518172188288,137.51669311523438,5235.136662975652,38.06909942626953,86.99068450927734,POINT (130000 466000),4576.918246297809
145000.0,451000.0,0,5.393113613128662,0.0,14.24679183959961,-1.0834940671920776,8.801350593566895,2.208568871743977,682425.125,6.932750701904297,0.0,59.58997344970703,184.23373413085938,966.6015625,50.99748229980469,79.27182006835938,6.779170862604782,108.81829833984375,6903.432697240496,63.439998626708984,80.99748229980469,POINT (145000 451000),4615.224101781577
123000.0,463000.0,0,0.5177797079086304,0.0,16.02308464050293,-0.14760352671146393,64.12721252441406,-9.575024121360702,65517.97265625,3.1290035247802734,0.0,85.53254699707031,35.251102447509766,422.8515625,75.78882598876953,90.2884292602539,0.5753727103227445,107.2042007446289,587.4147144907147,5.479400157928467,105.78882598876953,POINT (123000 463000),4615.93236239056
122000.0,457000.0,0,9.999999974752427e-07,0.0,18.403745651245117,-0.02744431607425213,35459612.0,-12.114711949112053,0.12653639912605286,-3.431868076324463,0.0,97.01569366455078,12.729792594909668,286.9140625,86.69918823242188,73.69820404052734,0.15768022948153412,86.15149688720703,161.1119161691604,1.8701000213623047,116.69918823242188,POINT (122000 457000),4618.6180766538855
139000.0,464000.0,0,7.584785461425781,0.0,14.832636833190918,-1.483947992324829,7.399679183959961,6.7382859923159835,959751.375,7.5021891593933105,0.0,54.23112487792969,251.63133239746094,1011.9140625,43.99761199951172,72.9402084350586,11.786330919932066,140.5438995361328,12210.01826615131,86.87689971923828,73.99761199951172,POINT (139000 464000),4623.847660917882
138000.0,447000.0,0,0.5669190883636475,0.0,11.959260940551758,-0.13151895999908447,44.42407989501953,-6.667494207714469,71735.8984375,4.784580707550049,0.0,66.42166900634766,29.314041137695312,411.5234375,54.475006103515625,73.21221160888672,0.7405304186219204,99.40129852294922,748.3128704045521,7.528200149536133,84.47500610351562,POINT (138000 447000),4625.034166715577
124000.0,464000.0,0,2.2279655933380127,0.0,14.079383850097656,-0.48256176710128784,16.079755783081055,-4.627791793833607,281918.71875,5.651956558227539,0.0,70.84797668457031,86.21825408935547,649.4140625,60.59178924560547,85.80276489257812,2.138596804528066,114.71150207519531,2188.718424299732,19.0802001953125,90.59178924560547,POINT (124000 464000),4627.619305887334
146000.0,457000.0,0,8.704446792602539,0.8632729053497314,14.554252624511719,-1.720243215560913,6.898664474487305,9.222935533733011,1101429.375,7.159996509552002,5.360607624053955,46.48401641845703,283.5276794433594,1136.5234375,37.256256103515625,66.5201644897461,17.87358751294682,124.28269958496094,18466.35800830275,148.58349609375,67.25625610351562,POINT (146000 457000),4638.549986587308
139000.0,447000.0,0,0.059387728571891785,0.0,17.7383975982666,-0.05420973151922226,584.3074951171875,-11.652534972047782,7514.708984375,0.6144835948944092,0.0,94.13048553466797,21.496017456054688,343.5546875,82.20337677001953,84.93989562988281,0.2948823601066191,97.57350158691406,297.9211630155478,3.053299903869629,112.20337677001953,POINT (139000 447000),4645.536002052238
125000.0,450000.0,0,0.15285420417785645,0.0,15.90134048461914,-0.06705223023891449,205.7826690673828,-10.224235312478122,19341.619140625,1.5635114908218384,0.0,86.15301513671875,22.59480094909668,366.2109375,78.11233520507812,84.78143310546875,0.3488210404317821,95.6521987915039,370.2983554665934,3.871299982070923,108.11233520507812,POINT (125000 450000),4655.56493807284
122000.0,458000.0,0,9.999999974752427e-07,0.0,18.59233283996582,-0.033603914082050323,35933744.0,-12.276698330286223,0.12653639912605286,-1.959675908088684,0.0,97.74968719482422,15.469841003417969,309.5703125,87.6190185546875,79.61625671386719,0.1926154657044059,88.43599700927734,196.26601096274862,2.2193000316619873,117.6190185546875,POINT (122000 458000),4662.837883700534
122000.0,461000.0,0,0.14482149481773376,0.0,17.498682022094727,-0.07366243004798889,238.9984588623047,-11.330388386438539,18325.189453125,1.273289680480957,0.0,92.88099670410156,24.766517639160156,377.5390625,83.00968933105469,88.80657196044922,0.347409356501566,96.26399993896484,353.7413226688568,3.6747000217437744,113.00968933105469,POINT (122000 461000),4700.7053719198775
127000.0,466000.0,0,5.302618503570557,0.0,14.018847465515137,-1.0620139837265015,8.793604850769043,2.1855422172389747,670974.25,6.9956183433532715,0.0,58.966522216796875,180.5396728515625,887.3046875,48.154762268066406,76.48139190673828,6.8531705240215794,130.2310028076172,7065.852602449944,54.25630187988281,78.1547622680664,POINT (127000 466000),4710.437382567735
133000.0,444000.0,0,0.2025424838066101,0.0,14.84636402130127,-0.07316552847623825,145.978759765625,-9.409497577738666,25628.99609375,2.090876579284668,0.0,81.38412475585938,23.022199630737305,354.8828125,75.6508560180664,84.29715728759766,0.3765178340245212,104.19419860839844,380.5901437718203,3.6526999473571777,105.6508560180664,POINT (133000 444000),4725.823716959858
132000.0,465000.0,0,6.004979133605957,0.0,15.052836418151855,-1.216152548789978,8.575691223144531,2.922098756250143,759848.4375,6.774172782897949,0.0,61.85129165649414,204.71681213378906,909.9609375,51.249244689941406,79.62535095214844,7.281540688525128,140.58590698242188,7512.939099587034,53.44020080566406,81.2492446899414,POINT (132000 465000),4726.596670851924
132000.0,444000.0,0,0.38829219341278076,0.0,15.297860145568848,-0.11640559136867523,80.45213317871094,-9.346134413764142,49133.09375,2.855069875717163,0.0,82.77468872070312,30.423175811767578,400.1953125,77.48959350585938,90.07022857666016,0.4941034147037987,107.4312973022461,501.2207351857978,4.665500164031982,107.48959350585938,POINT (132000 444000),4749.801040555103
143000.0,461000.0,0,5.854564189910889,0.0,15.021313667297363,-1.1886882781982422,8.697397232055664,2.605468246443164,740815.4375,6.725561141967773,0.0,62.234764099121094,200.52723693847656,909.9609375,53.69995880126953,81.97720336914062,6.833652121407535,134.9154052734375,7077.837536672596,52.461299896240234,83.69995880126953,POINT (143000 461000),4751.693393991942
122000.0,456000.0,0,9.999999974752427e-07,0.0,16.38261604309082,-0.02410513162612915,31559252.0,-10.782160672934765,0.12653639912605286,-2.2419660091400146,0.0,88.7239990234375,12.225847244262695,286.9140625,78.07901000976562,69.9465560913086,0.1748155214613229,84.04329681396484,179.29796634515515,2.1333999633789062,108.07901000976562,POINT (122000 456000),4759.275849047434
145000.0,459000.0,0,4.674391746520996,0.0,15.308754920959473,-0.9780092835426331,10.160740852355957,-0.2567027966242611,591480.6875,6.188725471496582,0.0,68.08289337158203,165.47940063476562,853.3203125,60.51924133300781,88.04963684082031,4.62780508828466,129.51210021972656,4792.672972729197,37.00559997558594,90.51924133300781,POINT (145000 459000),4765.497188846695
123000.0,454000.0,0,9.999999974752427e-07,0.0,15.850990295410156,-0.02419327013194561,30551534.0,-10.437875553887592,0.12653639912605286,-1.6242932081222534,0.0,86.45777130126953,12.592184066772461,286.9140625,76.02074432373047,70.12279510498047,0.18718091961559255,87.48259735107422,194.21136862228195,2.2200000286102295,106.02074432373047,POINT (123000 454000),4775.593599371864
146000.0,452000.0,0,6.727526664733887,0.0,14.083206176757812,-1.3115854263305664,7.6483001708984375,5.405259136779499,851276.9375,7.58397102355957,0.0,53.11968994140625,223.92884826660156,1057.2265625,44.48963165283203,73.32103729248047,10.459475100346811,111.03230285644531,10684.92689374683,96.23259735107422,74.48963165283203,POINT (146000 452000),4786.9013531009
144000.0,460000.0,0,5.197771072387695,0.0,15.171297073364258,-1.0726134777069092,9.430384635925293,1.011528321468383,657707.1875,6.426251411437988,0.0,65.48704528808594,181.06231689453125,875.9765625,57.49561309814453,85.39657592773438,5.511514358577324,132.42660522460938,5707.864830355975,43.10210037231445,87.49561309814453,POINT (144000 460000),4792.606630665578
127000.0,448000.0,0,0.6401281356811523,0.0,16.13123893737793,-0.17609579861164093,53.030025482177734,-9.41060939008247,80999.5078125,3.346628427505493,0.0,85.58224487304688,40.19780731201172,468.1640625,78.98353576660156,94.73355865478516,0.6487043589995526,105.2926025390625,682.5593039926607,6.482500076293945,108.98353576660156,POINT (127000 448000),4810.170873629001
126000.0,449000.0,0,0.381289005279541,0.0,16.130399703979492,-0.11941380053758621,86.22417449951172,-9.929473250354157,48246.93359375,2.6443684101104736,0.0,86.40238189697266,31.28034019470215,422.8515625,79.14288330078125,91.189453125,0.49081445668988366,100.8301010131836,519.3254171904955,5.1504998207092285,109.14288330078125,POINT (126000 449000),4813.840372621891
125000.0,465000.0,0,3.125788927078247,0.0,13.985267639160156,-0.6564821004867554,12.452446937561035,-2.619018037899989,395526.0625,6.125998020172119,0.0,67.1283187866211,113.89457702636719,728.7109375,56.662879943847656,83.34563446044922,3.2086253256682453,121.40149688720703,3293.938349657241,27.132600784301758,86.66287994384766,POINT (125000 465000),4861.007984712744
144000.0,450000.0,0,1.3187439441680908,0.0,11.89612102508545,-0.28051820397377014,21.13575553894043,-5.017176744301924,166869.109375,5.922305107116699,0.0,63.22801208496094,53.544639587402344,536.1328125,53.86064910888672,77.7026138305664,1.512995538161383,106.0427017211914,1536.9723461912072,14.493900299072266,83.86064910888672,POINT (144000 450000),4866.843171400933
140000.0,447000.0,0,0.29898974299430847,0.0,16.847957611083984,-0.10338712483644485,113.50466918945312,-10.57293172816733,37833.08203125,2.2417173385620117,0.0,89.71713256835938,28.511856079101562,400.1953125,76.83596801757812,87.20171356201172,0.4408562186275417,96.24220275878906,445.3993020425696,4.627900123596191,106.83596801757812,POINT (140000 447000),4868.113894854293
134000.0,444000.0,0,0.07421442866325378,0.0,14.382408142089844,-0.04225426912307739,378.6801452636719,-9.34797012442047,9390.826171875,1.096673607826233,0.0,79.7376937866211,17.326465606689453,309.5703125,73.33155059814453,77.5267333984375,0.2856915040921711,100.19989776611328,288.31517795822947,2.8773999214172363,103.33155059814453,POINT (134000 444000),4909.807499556599
138000.0,465000.0,0,9.196495056152344,1.1209708452224731,15.00715446472168,-1.8419402837753296,6.8724188804626465,9.826755768229846,1163691.375,6.877306938171387,5.274270057678223,47.160255432128906,299.20733642578125,1091.2109375,36.622039794921875,65.92322540283203,18.965678372653482,141.05169677734375,19665.780280030333,139.42250061035156,66.62203979492188,POINT (138000 465000),4915.542712502829
124000.0,451000.0,0,0.0049990504048764706,0.0,15.283557891845703,-0.029891004785895348,5917.431640625,-10.08940158118987,632.561767578125,0.08208397775888443,0.0,83.95304870605469,15.604902267456055,320.8984375,75.07350158691406,75.3878173828125,0.2462964789406172,90.01290130615234,261.43348047703876,2.904400110244751,105.07350158691406,POINT (124000 451000),4916.859836536106
143000.0,449000.0,0,1.3935133218765259,0.0,13.599431991577148,-0.31064045429229736,22.729793548583984,-6.0605455107205515,176330.15625,5.260145664215088,0.0,71.48725128173828,58.99324035644531,558.7890625,61.26470184326172,84.31082916259766,1.3865929150686196,102.7708969116211,1405.710567254202,13.678099632263184,91.26470184326172,POINT (143000 449000),4952.875616304066
131000.0,466000.0,0,5.28974723815918,0.0,15.231715202331543,-1.0905845165252686,9.352115631103516,1.170878023801732,669345.5625,6.4427080154418945,0.0,65.50527954101562,183.5216827392578,864.6484375,55.17552185058594,83.16407012939453,5.757628924501459,139.13400268554688,5954.114662952605,42.79410171508789,85.17552185058594,POINT (131000 466000),4953.2649904914115
136000.0,445000.0,0,0.1388065367937088,0.0,13.598895072937012,-0.051843032240867615,193.04991149902344,-8.680777955126596,17564.078125,1.9849095344543457,0.0,75.92193603515625,17.921024322509766,320.8984375,66.8660888671875,74.42402648925781,0.33144234124646044,96.11029815673828,334.8578997436107,3.484100103378296,96.8660888671875,POINT (136000 445000),4976.801022166132
131000.0,444000.0,0,0.5095386505126953,0.0,15.669360160827637,-0.1451813131570816,63.75674057006836,-9.358134437673215,64475.18359375,3.1319260597229004,0.0,84.01651763916016,35.276939392089844,422.8515625,78.93187713623047,93.19710540771484,0.5642192761762734,109.52649688720703,575.6164868426786,5.255499839782715,108.93187713623047,POINT (131000 444000),4978.735787922111
122000.0,462000.0,0,0.25430139899253845,0.0,17.11381721496582,-0.09637793153524399,134.91641235351562,-10.852941309205036,32178.380859375,1.9407715797424316,0.0,90.95714569091797,28.097078323364258,400.1953125,81.25836944580078,90.22459411621094,0.41159860484724453,99.1260986328125,419.4421750405454,4.231400012969971,111.25836944580078,POINT (122000 462000),5019.840904661006
128000.0,446000.0,0,0.8338978290557861,0.0,16.17865562438965,-0.2185460776090622,41.774845123291016,-9.0526457546276,105518.4296875,3.680668354034424,0.0,85.17938232421875,46.87901306152344,490.8203125,79.35131072998047,96.95489501953125,0.7626157085665812,107.9645004272461,797.9656004177741,7.390999794006348,109.35131072998047,POINT (128000 446000),5024.009207709641
142000.0,448000.0,0,0.79314786195755,0.0,14.646332740783691,-0.195764422416687,39.71177291870117,-8.051224615494444,100362.0703125,4.168370246887207,0.0,78.4906234741211,41.4495735168457,479.4921875,66.87979888916016,85.64598846435547,0.8186380594004997,99.14759826660156,828.4971822694497,8.356200218200684,96.87979888916016,POINT (142000 448000),5055.869043721996
140000.0,464000.0,0,6.178430080413818,0.0,15.008567810058594,-1.2461791038513184,8.412914276123047,3.3500997018599517,781796.25,6.854040622711182,0.0,60.937744140625,210.0204315185547,921.2890625,51.10858917236328,79.54983520507812,7.622658703066851,139.63540649414062,7905.681960429763,56.616600036621094,81.10858917236328,POINT (140000 464000),5057.806844613429
137000.0,446000.0,0,0.3640986382961273,0.0,12.773341178894043,-0.09493784606456757,71.52238464355469,-7.652995352350064,46071.73046875,3.718597650527954,0.0,71.20632934570312,24.178955078125,366.2109375,60.60478973388672,75.25377655029297,0.5206241263621032,97.30699920654297,526.1486949346472,5.407100200653076,90.60478973388672,POINT (137000 446000),5070.2383806301295
146000.0,458000.0,0,4.677647113800049,0.0,15.190226554870605,-0.9758833050727844,10.09699535369873,-0.1550092531865716,591892.625,6.236982345581055,0.0,67.44319152832031,165.29234313964844,864.6484375,60.056251525878906,87.62098693847656,4.698258137273794,126.21820068359375,4865.635947032366,38.549400329589844,90.0562515258789,POINT (146000 458000),5084.904150659222
129000.0,445000.0,0,0.7048066854476929,0.0,16.37713623046875,-0.19242963194847107,49.262691497802734,-9.45429900055695,89183.703125,3.3956329822540283,0.0,86.45097351074219,43.05525207519531,468.1640625,80.89136505126953,97.10655212402344,0.675266467581045,110.10919952392578,700.3385746617205,6.360400199890137,110.89136505126953,POINT (129000 445000),5085.99512930787
122000.0,455000.0,0,9.999999974752427e-07,0.0,15.733919143676758,-0.019656114280223846,30243758.0,-10.33272441358856,0.12653639912605286,-3.1599552631378174,0.0,85.96989440917969,10.288716316223145,264.2578125,75.07003021240234,64.440185546875,0.15127041233106978,82.08699798583984,155.9488740920997,1.8997999429702759,105.07003021240234,POINT (122000 455000),5089.382809192528
134000.0,466000.0,0,7.303872585296631,0.0,14.896951675415039,-1.4388984441757202,7.5847697257995605,6.026858208873332,924205.75,7.3463921546936035,0.0,55.79669952392578,243.5056610107422,989.2578125,45.807884216308594,74.65596771240234,10.703862667290801,141.5653076171875,11095.53524338454,78.37750244140625,75.8078842163086,POINT (134000 466000),5147.668669094502
126000.0,466000.0,0,4.314984321594238,0.0,13.42560863494873,-0.8694390058517456,9.70431900024414,0.43589497558300494,546002.5625,6.874199390411377,0.0,59.70134353637695,149.04690551757812,808.0078125,48.9951171875,76.93579864501953,5.334774616838487,127.08260345458984,5495.801459126611,43.24589920043945,78.9951171875,POINT (126000 466000),5151.370725015701
135000.0,466000.0,0,7.458699703216553,0.0,14.88905143737793,-1.464877963066101,7.4909491539001465,6.39369316236823,943796.9375,7.415200710296631,0.0,55.09944152832031,248.12095642089844,1000.5859375,45.16657257080078,74.05904388427734,11.200583746858428,141.6822052001953,11617.657617662335,81.99800109863281,75.16657257080078,POINT (135000 466000),5155.791002904927
142000.0,463000.0,0,6.272632122039795,0.0,14.944526672363281,-1.2611171007156372,8.312060356140137,3.617311835747123,793716.25,6.91801643371582,0.0,60.203948974609375,212.78500366210938,932.6171875,50.86785888671875,79.35169219970703,7.861828870804811,137.3365936279297,8158.809708365181,59.40739822387695,80.86785888671875,POINT (142000 463000),5161.371297821962
147000.0,454000.0,0,7.346125602722168,0.0,14.176029205322266,-1.4188207387924194,7.30331563949585,6.768114340085399,929552.25,7.808436870574951,0.0,51.0438117980957,242.6803436279297,1079.8828125,42.41584014892578,71.40576934814453,12.349504375225543,115.45929718017578,12701.331341818324,110.00700378417969,72.41584014892578,POINT (147000 454000),5177.988104193707
147000.0,455000.0,0,6.931084632873535,0.0,14.294017791748047,-1.3536670207977295,7.595833778381348,5.69304914425435,877034.5,7.542768478393555,0.0,53.57920837402344,230.73834228515625,1045.8984375,45.18803405761719,74.03096771240234,10.613979403579949,118.05069732666016,10944.503458114981,92.71019744873047,75.18803405761719,POINT (147000 455000),5205.244086051122
143000.0,462000.0,0,6.5361528396606445,0.0,14.86703872680664,-1.3052512407302856,8.081666946411133,4.283763119687318,827061.25,7.055659294128418,0.0,58.71092987060547,220.58181762695312,955.2734375,49.745574951171875,78.33811950683594,8.546232141100967,135.62469482421875,8868.145867378917,65.38739776611328,79.74557495117188,POINT (143000 462000),5246.318552002548
141000.0,447000.0,0,0.5212805271148682,0.0,16.322555541992188,-0.14903701841831207,64.83912658691406,-9.766550857181524,65960.953125,3.1120548248291016,0.0,86.77418518066406,35.207481384277344,456.8359375,73.83515167236328,88.44884490966797,0.5922415665652566,95.37100219726562,598.5865667041071,6.276400089263916,103.83515167236328,POINT (141000 447000),5272.304372387795
123000.0,464000.0,0,0.7193284034729004,0.0,14.53798770904541,-0.18017013370990753,43.09261703491211,-8.13275260023811,91021.2265625,4.0402936935424805,0.0,78.27286529541016,39.20598220825195,445.5078125,68.37787628173828,86.37628173828125,0.7496559013365409,109.98670196533203,766.5193381055142,6.969200134277344,98.37787628173828,POINT (123000 464000),5274.452885532258
135000.0,444000.0,0,0.024440784007310867,0.0,14.267874717712402,-0.030229704454541206,1131.69384765625,-9.366313497727953,3092.648681640625,0.43431514501571655,0.0,79.38396453857422,14.979487419128418,298.2421875,72.08970642089844,73.68531799316406,0.24904031297364856,95.93250274658203,251.35275249565893,2.6201000213623047,102.08970642089844,POINT (135000 444000),5275.39378549629
127000.0,447000.0,0,0.778952419757843,0.0,16.110193252563477,-0.2059697061777115,44.25043487548828,-9.114991410758595,98565.8359375,3.615760087966919,0.0,85.03172302246094,44.83127212524414,502.1484375,78.78599548339844,95.97239685058594,0.7394277067523424,104.37090301513672,780.1516373240738,7.474800109863281,108.78599548339844,POINT (127000 447000),5277.602983756016
133000.0,466000.0,0,6.877930641174316,0.0,14.921077728271484,-1.3663955926895142,7.862509250640869,5.022746193164277,870308.5,7.164488315582275,0.0,57.665950775146484,230.7759246826172,966.6015625,47.52458953857422,76.24102020263672,9.47432865795491,141.13169860839844,9811.8563827771,69.52269744873047,77.52458953857422,POINT (133000 466000),5330.553872527593
147000.0,453000.0,0,6.872138023376465,0.0,14.113733291625977,-1.3369978666305542,7.5654706954956055,5.7159194113452845,869575.5625,7.632770538330078,0.0,52.66343307495117,228.347900390625,1068.5546875,44.09325408935547,72.96160125732422,10.872418198603516,112.6947021484375,11159.209584821947,99.02159881591797,74.09325408935547,POINT (147000 453000),5341.212935183627
146000.0,451000.0,0,5.870253086090088,0.0,14.068074226379395,-1.162994384765625,8.283361434936523,3.4428248270590425,742800.6875,7.22348690032959,0.0,56.60942840576172,198.08775329589844,1011.9140625,47.76025390625,76.2957534790039,8.122114796541307,107.86640167236328,8287.872080063971,76.83460235595703,77.76025390625,POINT (146000 451000),5350.833521622644
136000.0,466000.0,0,8.111071586608887,0.0,14.841131210327148,-1.5719496011734009,7.125983715057373,7.964283363590713,1026345.8125,7.724956035614014,0.0,52.0675163269043,267.339111328125,1034.5703125,41.877174377441406,70.94795227050781,13.653561571822014,141.5363006591797,14167.854749210994,100.10050201416016,71.8771743774414,POINT (136000 466000),5354.051643801509
147000.0,456000.0,0,5.630431175231934,0.0,14.611907958984375,-1.1365959644317627,8.731222152709961,2.440655300259411,712454.4375,6.837613105773926,0.0,60.760040283203125,192.6539306640625,943.9453125,52.884971618652344,81.1553726196289,6.791547736614088,120.43920135498047,7020.413102663588,58.29010009765625,82.88497161865234,POINT (147000 456000),5363.380747277025
125000.0,449000.0,0,0.1850053369998932,0.0,15.96973705291748,-0.07476679980754852,171.50845336914062,-10.208424781980746,23409.908203125,1.7616841793060303,0.0,86.32974243164062,23.961002349853516,388.8671875,78.65499877929688,86.27182006835938,0.37267247865422853,94.47250366210938,398.15436199896794,4.2144999504089355,108.65499877929688,POINT (125000 449000),5385.430686418915
130000.0,444000.0,0,0.5156784653663635,0.0,16.45882797241211,-0.15211649239063263,66.15777587890625,-9.893913040104032,65252.08984375,2.939077377319336,0.0,87.4002456665039,36.98982620239258,434.1796875,82.42935180664062,96.24444580078125,0.5580383016029044,110.20269775390625,573.759316505515,5.206399917602539,112.42935180664062,POINT (130000 444000),5386.558285864404
145000.0,450000.0,0,4.483383655548096,0.0,13.805624961853027,-0.9078660011291504,9.662257194519043,0.5173342345268548,567311.1875,6.776880741119385,0.0,60.834922790527344,155.30349731445312,898.6328125,51.61940002441406,79.52912139892578,5.401588684804063,105.36540222167969,5496.68132519885,52.16780090332031,81.61940002441406,POINT (145000 450000),5386.769748324771
129000.0,467000.0,0,5.009985446929932,0.0,15.129859924316406,-1.03606116771698,9.630672454833984,0.6321605452669143,633945.5,6.388707160949707,0.0,66.0055160522461,174.6493377685547,853.3203125,55.49229431152344,83.35845947265625,5.380929252421859,136.05560302734375,5573.204835180659,40.96269989013672,85.49229431152344,POINT (129000 467000),5398.360733631387
123000.0,453000.0,0,9.999999974752427e-07,0.0,15.471611976623535,-0.01993812620639801,29751042.0,-10.16438884082272,0.12653639912605286,-2.793362855911255,0.0,84.83338928222656,10.57614803314209,264.2578125,74.77252197265625,65.35397338867188,0.1575839470926948,85.78130340576172,164.94028546012942,1.9227999448776245,104.77252197265625,POINT (123000 453000),5417.3939884469555
141000.0,464000.0,0,6.011719226837158,0.0,15.020829200744629,-1.216605305671692,8.55738639831543,2.962974762625873,760701.3125,6.7887115478515625,0.0,61.61835861206055,205.0550994873047,921.2890625,52.05487823486328,80.4207763671875,7.2527773209909565,138.6103973388672,7529.095192087872,54.31840133666992,82.05487823486328,POINT (141000 464000),5430.909254981488
124000.0,450000.0,0,9.999999974752427e-07,0.0,15.724508285522461,-0.030490189790725708,30430044.0,-10.396368704637068,0.12653639912605286,-0.10497897118330002,0.0,85.8858871459961,15.975314140319824,320.8984375,77.40679168701172,76.99864196777344,0.24214276958403483,88.72810363769531,259.2812613022943,2.9221999645233154,107.40679168701172,POINT (124000 450000),5431.766695813729
139000.0,465000.0,0,7.7591071128845215,0.0,14.819906234741211,-1.5126723051071167,7.300076007843018,7.157189311287483,981809.4375,7.584405422210693,0.0,53.41399002075195,256.8188171386719,1023.2421875,43.325538635253906,72.31365203857422,12.39752201459023,140.32760620117188,12865.838806022657,91.6843032836914,73.3255386352539,POINT (139000 465000),5433.178639521961
145000.0,460000.0,0,5.5847601890563965,0.0,14.973102569580078,-1.1384029388427734,8.931517601013184,2.038689539959252,706675.375,6.650565147399902,0.0,62.962974548339844,192.2860565185547,909.9609375,54.925079345703125,83.08092498779297,6.349441691665106,130.872802734375,6588.608192293905,50.34360122680664,84.92507934570312,POINT (145000 460000),5433.46146600784
128000.0,467000.0,0,5.173792362213135,0.0,14.48476505279541,-1.0506128072738647,9.142021179199219,1.5165780350852969,654673.0,6.72290563583374,0.0,62.026268005371094,177.91131591796875,864.6484375,51.365318298339844,79.49983978271484,6.137408472795818,134.00819396972656,6351.452349120344,47.395999908447266,81.36531829833984,POINT (128000 467000),5436.510386054562
122000.0,463000.0,0,0.3292383551597595,0.0,16.2360897064209,-0.1077030599117279,99.79495239257812,-10.100469258116412,41660.6328125,2.4557294845581055,0.0,87.03440856933594,29.187620162963867,400.1953125,77.42929077148438,88.56895446777344,0.4580685008417308,102.09989929199219,467.17848940477415,4.575699806213379,107.42929077148438,POINT (122000 463000),5450.855380180517
121000.0,459000.0,0,9.999999974752427e-07,0.0,17.85482406616211,-0.034827232360839844,34556516.0,-11.80617075616817,0.12653639912605286,-1.025645136833191,0.0,94.77822875976562,16.535669326782227,332.2265625,84.2806625366211,80.04605865478516,0.2207952906391624,84.82669830322266,224.77379043836663,2.6498000621795654,114.2806625366211,POINT (121000 459000),5452.593070092036
124000.0,465000.0,0,2.39538836479187,0.0,13.701009750366211,-0.5106161236763,14.876660346984863,-3.9909627272844492,303103.8125,5.889595985412598,0.0,68.3874282836914,90.63123321533203,660.7421875,58.06243133544922,83.78633880615234,2.400489067078835,117.25370025634766,2462.292593324775,20.99970054626465,88.06243133544922,POINT (124000 465000),5459.779956049734
121000.0,460000.0,0,0.005423560738563538,0.0,17.524137496948242,-0.04088921472430229,6276.85107421875,-11.612162615969396,686.27783203125,0.06479905545711517,0.0,93.39923095703125,19.293798446655273,354.8828125,83.05390930175781,83.33208465576172,0.26702023185570567,87.72579956054688,271.5552118703781,3.0954999923706055,113.05390930175781,POINT (121000 460000),5463.509053592504
132000.0,466000.0,0,6.147049427032471,0.0,15.017463684082031,-1.2406641244888306,8.441703796386719,3.2726225510912417,777825.4375,6.841098785400391,0.0,61.10149383544922,208.99351501464844,921.2890625,50.83252716064453,79.26814270019531,7.594413456026398,140.33309936523438,7859.270797971985,56.004398345947266,80.83252716064453,POINT (132000 466000),5488.304610602619
137000.0,466000.0,0,9.278055191040039,1.2541207075119019,15.03438949584961,-1.8678995370864868,6.870302200317383,9.920614318823649,1174011.625,6.772230625152588,5.225231647491455,46.76930236816406,301.63958740234375,1102.5390625,36.252479553222656,65.56794738769531,19.472814689105803,141.1761932373047,20214.694173477357,143.1876983642578,66.25247955322266,POINT (137000 466000),5533.384009744767
144000.0,461000.0,0,5.984192848205566,0.0,14.81180191040039,-1.2059088945388794,8.496747970581055,3.073382398095238,757218.1875,6.87196159362793,0.0,60.561614990234375,203.86911010742188,932.6171875,52.12646484375,80.5090103149414,7.319105330905362,133.4665985107422,7594.79646954895,56.90409851074219,82.12646484375,POINT (144000 461000),5534.238142760598
123000.0,452000.0,0,9.999999974752427e-07,0.0,15.457477569580078,-0.01853785663843155,29697820.0,-10.146205636190146,0.12653639912605286,-3.5188093185424805,0.0,84.7718734741211,9.840506553649902,264.2578125,75.15464782714844,63.67039108276367,0.1461000897639715,84.2136001586914,154.45616472567963,1.8341000080108643,105.15464782714844,POINT (123000 452000),5538.6583584538375
130000.0,467000.0,0,5.157880783081055,0.0,15.233683586120605,-1.066264033317566,9.50308609008789,0.8756522444714069,652659.625,6.3950066566467285,0.0,66.01458740234375,179.52003479003906,853.3203125,55.774925231933594,83.68907165527344,5.522885220149832,137.75869750976562,5724.383518924122,41.5536994934082,85.7749252319336,POINT (130000 467000),5543.3700979771575
126000.0,448000.0,0,0.4788731634616852,0.0,16.03923225402832,-0.14028970897197723,69.11351776123047,-9.671337039716272,60594.8828125,2.9759819507598877,0.0,85.69280242919922,34.524898529052734,445.5078125,78.81220245361328,92.52066802978516,0.552616237184284,99.77359771728516,587.3272620733587,5.886600017547607,108.81220245361328,POINT (126000 448000),5571.387836201482
122000.0,454000.0,0,9.999999974752427e-07,0.0,14.89642333984375,-0.01573881506919861,28579824.0,-9.764244228381353,0.12653639912605286,-4.086988925933838,0.0,82.32208251953125,8.603293418884277,241.6015625,71.51180267333984,58.90068054199219,0.13138284919661133,80.25340270996094,136.43078843371404,1.7000000476837158,101.51180267333984,POINT (122000 454000),5577.02009913201
147000.0,457000.0,0,5.7345757484436035,0.0,14.654354095458984,-1.1565520763397217,8.652283668518066,2.6404565088681036,725632.5625,6.855788230895996,0.0,60.60177230834961,195.9373779296875,943.9453125,52.71263122558594,81.01898193359375,6.9529996746433325,122.59929656982422,7202.941577719466,58.75189971923828,82.71263122558594,POINT (147000 457000),5582.952895780231
146000.0,459000.0,0,5.168845176696777,0.0,15.020800590515137,-1.0634551048278809,9.394489288330078,1.0692876539760587,654047.0,6.479777812957764,0.0,64.77996063232422,179.80459594726562,887.3046875,57.03380584716797,84.95577239990234,5.566835194891852,127.87329864501953,5776.523000181449,45.17380142211914,87.03380584716797,POINT (146000 459000),5591.367332164659
121000.0,457000.0,0,9.999999974752427e-07,0.0,16.30811309814453,-0.023923235014081,31414366.0,-10.732660620580566,0.12653639912605286,-2.193573474884033,0.0,88.4002456665039,12.178028106689453,298.2421875,77.6250228881836,69.68222045898438,0.17728394684968057,79.58429718017578,181.36464752738357,2.278899908065796,107.6250228881836,POINT (121000 457000),5617.98251995849
138000.0,446000.0,0,0.4619961977005005,0.0,12.298015594482422,-0.11217238754034042,55.116214752197266,-7.121152201118075,58459.33203125,4.319160461425781,0.0,68.51322937011719,26.439807891845703,388.8671875,56.635108947753906,73.59151458740234,0.6250334752841902,94.81780242919922,631.4107280939243,6.659200191497803,86.6351089477539,POINT (138000 446000),5621.952696694484
121000.0,458000.0,0,9.999999974752427e-07,0.0,16.63614845275879,-0.031242599710822105,32175118.0,-10.992570231092012,0.12653639912605286,-0.6247082352638245,0.0,89.76570129394531,15.66202449798584,320.8984375,79.0861587524414,76.60649108886719,0.22623470677586108,82.0988998413086,230.80464034965007,2.811300039291382,109.0861587524414,POINT (121000 458000),5622.420403824685
139000.0,446000.0,0,0.5666337013244629,0.0,11.891084671020508,-0.13080568611621857,44.19428634643555,-6.619652419091812,71699.7890625,4.839669704437256,0.0,66.0610580444336,29.018449783325195,422.8515625,53.144081115722656,72.04987335205078,0.7540952543434879,92.9375991821289,761.5585408994375,8.194299697875977,83.14408111572266,POINT (139000 446000),5639.387131076675
127000.0,467000.0,0,4.355020523071289,0.0,13.86379337310791,-0.8861512541770935,9.87845230102539,0.18084901252262592,551068.5625,6.684173107147217,0.0,61.9012336730957,151.36851501464844,808.0078125,51.24058532714844,79.06970977783203,5.096824805804155,131.63670349121094,5270.759840322076,40.040199279785156,81.24058532714844,POINT (127000 467000),5654.112816786118
121000.0,461000.0,0,0.08460146188735962,0.0,17.286251068115234,-0.0583597868680954,400.9437561035156,-11.299814999596194,10705.1630859375,0.8599785566329956,0.0,92.18836212158203,22.058759689331055,366.2109375,82.14054870605469,85.93683624267578,0.3121729384404467,90.75260162353516,317.50705259401,3.4986000061035156,112.14054870605469,POINT (121000 461000),5654.121608999829
143000.0,448000.0,0,1.4346330165863037,0.0,14.262985229492188,-0.3249136507511139,23.143959045410156,-6.442378792658865,181533.296875,5.062654495239258,0.0,74.46941375732422,61.387840270996094,592.7734375,63.297149658203125,86.15681457519531,1.382395213128695,98.74919891357422,1400.4611548136381,14.182000160217285,93.29714965820312,POINT (143000 448000),5659.861819195828
147000.0,452000.0,0,6.4549241065979,0.0,14.037281036376953,-1.2634929418563843,7.8173980712890625,4.813321703131198,816782.8125,7.491306304931641,0.0,53.99492263793945,215.58409118652344,1045.8984375,45.18199157714844,73.93852996826172,9.745382846178613,109.79080200195312,9985.02329576877,90.9458999633789,75.18199157714844,POINT (147000 452000),5678.516569560597
137000.0,445000.0,0,0.17489546537399292,0.0,13.536224365234375,-0.05895693600177765,153.30101013183594,-8.562626522353293,22130.640625,2.33654522895813,0.0,75.49015045166016,18.91533851623535,343.5546875,65.28587341308594,74.30453491210938,0.3640003738490907,92.83370208740234,367.71429078100846,3.9609999656677246,95.28587341308594,POINT (137000 445000),5679.450873661954
125000.0,466000.0,0,3.035987615585327,0.0,13.051532745361328,-0.6244967579841614,12.038310050964355,-2.114216577128452,384162.9375,6.48373556137085,0.0,62.696537017822266,109.02147674560547,706.0546875,52.141746520996094,79.09473419189453,3.42467416681402,123.64620208740234,3525.140750482242,28.509899139404297,82.1417465209961,POINT (125000 466000),5690.1937938564415
128000.0,445000.0,0,0.7665179967880249,0.0,16.227527618408203,-0.20449142158031464,45.22256088256836,-9.224068008527846,96992.421875,3.552581787109375,0.0,85.59300994873047,44.77773666381836,490.8203125,79.91883850097656,96.8639907836914,0.7223370180609943,107.30970001220703,756.1363321551253,7.046299934387207,109.91883850097656,POINT (128000 445000),5716.246268277392
133000.0,443000.0,0,0.11981594562530518,0.0,15.235637664794922,-0.05736776813864708,250.4534149169922,-9.842938490236781,15161.0771484375,1.382757544517517,0.0,83.38482666015625,20.893991470336914,332.2265625,78.711669921875,84.35565185546875,0.32031711395706775,101.23069763183594,323.4219594938986,3.1949000358581543,108.711669921875,POINT (133000 443000),5723.059570030415
121000.0,456000.0,0,9.999999974752427e-07,0.0,16.5318660736084,-0.01741619035601616,31716582.0,-10.835912196455919,0.12653639912605286,-5.612971782684326,0.0,89.37657165527344,8.768775939941406,252.9296875,78.50582122802734,60.74196243286133,0.1193342002210555,77.3134994506836,122.45684983341562,1.583899974822998,108.50582122802734,POINT (121000 456000),5735.066132945647
132000.0,443000.0,0,0.21679924428462982,0.0,15.732378005981445,-0.08195348083972931,144.90243530273438,-9.99209983648308,27432.994140625,1.9484561681747437,0.0,85.2314682006836,25.451066970825195,366.2109375,81.14686584472656,89.55662536621094,0.3827408725227311,105.04149627685547,387.93926575016667,3.69320011138916,111.14686584472656,POINT (132000 443000),5742.874799540276
144000.0,449000.0,0,1.2785444259643555,0.0,11.896973609924316,-0.27242305874824524,21.6822566986084,-5.102955717653829,161782.40625,5.896360874176025,0.0,63.376991271972656,52.114139556884766,536.1328125,53.05058288574219,76.79434967041016,1.4855030655426278,102.29499816894531,1508.124917734749,14.742899894714355,83.05058288574219,POINT (144000 449000),5744.841241993004
136000.0,444000.0,0,9.999999974752427e-07,0.0,14.472439765930176,-0.02510225400328636,27951262.0,-9.549497103691184,0.12653639912605286,-0.017312174662947655,0.0,80.3850326538086,14.052323341369629,298.2421875,71.99720001220703,71.93424987792969,0.23185385186677304,91.87439727783203,234.07759527240705,2.547800064086914,101.99720001220703,POINT (136000 444000),5772.122088466125
142000.0,447000.0,0,0.8040362000465393,0.0,15.778973579406738,-0.20627982914447784,42.095062255859375,-8.816435871455669,101739.84375,3.84342098236084,0.0,83.50708770751953,43.71274948120117,502.1484375,71.04473876953125,89.16532135009766,0.7947014462674501,94.8989028930664,803.7842300671473,8.469900131225586,101.04473876953125,POINT (142000 447000),5816.706012896016
127000.0,446000.0,0,0.8395900726318359,0.0,16.0810546875,-0.21880823373794556,41.276790618896484,-8.971575317812068,106238.703125,3.7224740982055664,0.0,84.70738220214844,46.80876541137695,513.4765625,78.64515686035156,96.3860092163086,0.7788867925196737,103.68810272216797,823.0865138212321,7.9380998611450195,108.64515686035156,POINT (127000 446000),5823.882019476979
140000.0,446000.0,0,0.010318172164261341,0.0,18.20387840270996,-0.04461651295423508,3431.200439453125,-12.060366258597153,1305.624267578125,0.11449276655912399,0.0,96.1467514038086,20.13035011291504,343.5546875,83.2052993774414,83.71334838867188,0.2700324118581417,91.6686019897461,272.7049247237028,2.974900007247925,113.2052993774414,POINT (140000 446000),5824.618552850946
138000.0,466000.0,0,7.185359477996826,0.0,14.866599082946777,-1.4174975156784058,7.645727157592773,5.779423134269821,909209.4375,7.316054821014404,0.0,56.08717346191406,239.87582397460938,989.2578125,46.168968200683594,74.9879150390625,10.411040217463492,140.639404296875,10811.049036987126,76.87069702148438,76.1689682006836,POINT (138000 466000),5828.842440450689
123000.0,451000.0,0,9.999999974752427e-07,0.0,15.222025871276855,-0.019707994535565376,29272826.0,-10.001007168082666,0.12653639912605286,-2.6543495655059814,0.0,83.7346420288086,10.591248512268066,275.5859375,74.45711517333984,65.57359313964844,0.16182600749033604,82.83670043945312,172.9464653262694,2.0878000259399414,104.45711517333984,POINT (123000 451000),5831.407651440593
131000.0,467000.0,0,5.722548007965088,0.0,15.092378616333008,-1.1663182973861694,8.8479585647583,2.2523546979866627,724110.625,6.653327941894531,0.0,63.126739501953125,196.3967742919922,898.6328125,53.16094207763672,81.39102172851562,6.633490134314756,139.10650634765625,6880.5000643136445,49.462100982666016,83.16094207763672,POINT (131000 467000),5857.952327894224
143000.0,463000.0,0,6.5982890129089355,0.0,14.844874382019043,-1.315218448638916,8.02764892578125,4.446259106214523,834923.6875,7.094238758087158,0.0,58.311424255371094,222.32057189941406,966.6015625,49.08802032470703,77.71249389648438,8.780433085330714,136.0572967529297,9121.580252901767,67.04219818115234,79.08802032470703,POINT (143000 463000),5863.936614717719
134000.0,443000.0,0,0.04182784631848335,0.0,15.058807373046875,-0.03860512748360634,700.9450073242188,-9.87388778623909,5292.74462890625,0.6066073775291443,0.0,82.86209106445312,17.429309844970703,309.5703125,77.41841888427734,79.7756576538086,0.26786955230757753,96.70989990234375,269.97535549751774,2.791599988937378,107.41841888427734,POINT (134000 443000),5875.900843363394
129000.0,444000.0,0,0.6786568760871887,0.0,15.892792701721191,-0.18311911821365356,49.54732131958008,-9.169519100227099,85874.796875,3.474255084991455,0.0,84.42955017089844,41.293296813964844,468.1640625,79.05066680908203,95.2983169555664,0.6721182063509001,109.28170013427734,696.8566089920896,6.376699924468994,109.05066680908203,POINT (129000 444000),5927.353930767603
131000.0,443000.0,0,0.5948285460472107,0.0,14.599553108215332,-0.1561589390039444,51.54792785644531,-8.443458999816478,75267.4609375,3.6680147647857666,0.0,78.96102142333984,36.225250244140625,434.1796875,74.3471908569336,90.49430084228516,0.6403800432261678,107.71379852294922,652.9825968841214,6.06220006942749,104.3471908569336,POINT (131000 443000),5933.617032154403
142000.0,464000.0,0,6.045172214508057,0.0,14.986444473266602,-1.2217155694961548,8.515161514282227,3.066670546864378,764934.3125,6.815174579620361,0.0,61.31163787841797,206.00953674316406,921.2890625,51.910560607910156,80.29527282714844,7.335218561984154,137.4763946533203,7619.422967459192,55.423500061035156,81.91056060791016,POINT (142000 464000),5948.8842584252
147000.0,458000.0,0,5.552756309509277,0.0,14.762164115905762,-1.1267032623291016,8.871164321899414,2.1415023403708937,702625.75,6.737583160400391,0.0,61.888954162597656,190.73843383789062,932.6171875,54.053810119628906,82.24702453613281,6.492479229330783,124.51069641113281,6738.431837156531,54.119300842285156,84.0538101196289,POINT (147000 458000),5959.137313353328
121000.0,462000.0,0,0.1793018877506256,0.0,16.821420669555664,-0.07757565379142761,186.27781677246094,-10.798458243626136,22688.21484375,1.594752311706543,0.0,89.97427368164062,24.83930778503418,377.5390625,80.22686004638672,87.3659439086914,0.36598866754336895,93.87809753417969,372.58339986812643,3.9688000679016113,110.22686004638672,POINT (121000 462000),5963.224608490581
121000.0,455000.0,0,9.999999974752427e-07,0.0,16.355487823486328,-0.012253735214471817,31284420.0,-10.688264793494312,0.12653639912605286,-10.176488876342773,0.0,88.65290832519531,6.219899654388428,218.9453125,77.68119812011719,50.65350341796875,0.08102875205488856,75.2865982055664,83.50036487793204,1.1090999841690063,107.68119812011719,POINT (121000 455000),6012.980500915689
122000.0,464000.0,0,0.314933717250824,0.0,15.218271255493164,-0.09841897338628769,97.63607025146484,-9.42933884884809,39850.57421875,2.654275894165039,0.0,82.67047882080078,26.886825561523438,377.5390625,73.0640640258789,84.58226013183594,0.45247563781004,105.22059631347656,462.1814612792514,4.392499923706055,103.0640640258789,POINT (122000 464000),6018.7080044788645
140000.0,465000.0,0,6.473823547363281,0.0,14.265543937683105,-1.2758256196975708,7.897418975830078,4.650426985364842,819174.3125,7.338569641113281,0.0,55.64159393310547,216.79873657226562,943.9453125,45.808319091796875,74.5241470336914,9.278709269401228,139.4696044921875,9634.211519183591,69.07749938964844,75.80831909179688,POINT (140000 465000),6020.265762630715
123000.0,465000.0,0,0.46635133028030396,0.0,13.567073822021484,-0.12087509036064148,60.119869232177734,-7.9855049662107325,59010.41796875,3.763922929763794,0.0,74.65320587158203,29.102449417114258,377.5390625,64.63738250732422,80.28739166259766,0.5797990879713797,112.94660186767578,594.1782139520219,5.260700225830078,94.63738250732422,POINT (123000 465000),6027.6757468558835
146000.0,450000.0,0,5.34721040725708,0.0,14.021781921386719,-1.0689749717712402,8.745845794677734,2.2911704928522347,676616.6875,7.033382415771484,0.0,58.49009323120117,182.02523803710938,977.9296875,49.027374267578125,77.36009216308594,7.008279086466671,104.62100219726562,7146.200644409284,68.30560302734375,79.02737426757812,POINT (146000 450000),6028.964603306436
126000.0,467000.0,0,4.034310817718506,0.0,12.80799388885498,-0.8054537177085876,9.789932250976562,0.28953959711079597,510487.15625,7.060462474822998,0.0,57.450130462646484,138.991455078125,785.3515625,46.653076171875,74.60142517089844,5.264097311832712,128.9698944091797,5439.2407487863675,42.17449951171875,76.653076171875,POINT (126000 467000),6031.718148626681
124000.0,449000.0,0,0.013086962513625622,0.0,15.819911003112793,-0.034661684185266495,2345.065673828125,-10.440400953401364,1655.97705078125,0.1907108575105667,0.0,86.2386703491211,17.02373504638672,343.5546875,78.05379486083984,78.81008911132812,0.260165822540685,87.68329620361328,280.744387250661,3.2018001079559326,108.05379486083984,POINT (124000 449000),6068.99235650866
144000.0,462000.0,0,4.259773254394531,0.0,12.86245346069336,-0.8481490015983582,9.484909057617188,0.749634621907997,539016.375,7.11744499206543,0.0,56.889102935791016,146.3724822998047,785.3515625,47.975372314453125,76.00206756591797,5.499465614942526,134.21240234375,5713.730650564656,42.57229995727539,77.97537231445312,POINT (144000 462000),6097.774014978623
134000.0,467000.0,0,7.646730899810791,0.0,14.868345260620117,-1.4958726167678833,7.377986431121826,6.849990324740089,967589.75,7.505180358886719,0.0,54.19063949584961,253.71405029296875,1011.9140625,44.48057556152344,73.4243392944336,11.821813186572792,141.09359741210938,12283.679292507004,87.06050109863281,74.48057556152344,POINT (134000 467000),6144.344710207473
126000.0,447000.0,0,0.6568389534950256,0.0,16.01903533935547,-0.17879162728786469,51.43387985229492,-9.29808931910144,83114.03125,3.4155571460723877,0.0,85.0166015625,40.51528549194336,490.8203125,78.40616607666016,94.43277740478516,0.668525333083292,98.97699737548828,712.7135569623933,7.200799942016602,108.40616607666016,POINT (126000 447000),6147.065932619588
135000.0,467000.0,0,8.433435440063477,0.0,14.840414047241211,-1.6244326829910278,6.970703125,8.728217814550781,1067136.5,7.875114917755127,0.0,50.6371955871582,276.9361572265625,1057.2265625,40.71070861816406,69.85086059570312,14.962701675768912,141.1595001220703,15550.511217804742,110.1626968383789,70.71070861816406,POINT (135000 467000),6151.151116393809
147000.0,451000.0,0,6.781251907348633,0.0,13.84005069732666,-1.3119378089904785,7.520604133605957,5.744271796945542,858075.1875,7.767146110534668,0.0,51.364479064941406,224.5625762939453,1079.8828125,41.71397399902344,70.63211822509766,11.336290216239995,106.7874984741211,11598.414323540346,108.61209869384766,71.71397399902344,POINT (147000 451000),6161.375272013191
141000.0,446000.0,0,0.27366751432418823,0.0,16.916194915771484,-0.09782303124666214,124.09745788574219,-10.66788705897621,34628.8984375,2.1259119510650635,0.0,90.06501007080078,27.591176986694336,411.5234375,76.59174346923828,86.39506530761719,0.4299984530465031,90.95369720458984,434.38575220936036,4.775899887084961,106.59174346923828,POINT (141000 446000),6166.710418335708
146000.0,460000.0,0,6.2815937995910645,0.0,14.740081787109375,-1.2563868761062622,8.22421646118164,3.8110013723942746,794850.25,7.023276329040527,0.0,58.93620300292969,212.68516540527344,966.6015625,50.79273223876953,79.3074951171875,8.065615751085598,129.24200439453125,8381.602129796986,64.85199737548828,80.79273223876953,POINT (146000 460000),6170.569559520777
148000.0,454000.0,0,5.147343158721924,0.0,14.513644218444824,-1.0463414192199707,9.184011459350586,1.4349818418052198,651326.25,6.702854633331299,0.0,62.05479431152344,177.71768188476562,932.6171875,54.35565185546875,82.4104995727539,5.965090462448669,113.86090087890625,6159.7381795225665,54.09880065917969,84.35565185546875,POINT (148000 454000),6175.9765765121365
122000.0,453000.0,0,9.999999974752427e-07,0.0,14.573856353759766,-0.013245134614408016,27920390.0,-9.538949738063872,0.12653639912605286,-5.520306587219238,0.0,80.89089965820312,7.368260383605957,230.2734375,70.51014709472656,54.74237060546875,0.11302725137834409,78.56009674072266,118.5393336132247,1.5089000463485718,100.51014709472656,POINT (122000 453000),6185.719235133738
135000.0,443000.0,0,9.999999974752427e-07,0.0,15.248290061950684,-0.027669180184602737,29472710.0,-10.069297192410529,0.12653639912605286,-0.41504988074302673,0.0,83.83238983154297,14.852354049682617,298.2421875,77.437744140625,75.888916015625,0.2246901505815097,92.01629638671875,226.43369593548414,2.4607999324798584,107.437744140625,POINT (135000 443000),6188.619442166451
125000.0,448000.0,0,0.27210533618927,0.0,15.892468452453613,-0.09378955513238907,117.38735961914062,-9.983191974287296,34431.2265625,2.253368854522705,0.0,85.71332550048828,27.00205421447754,411.5234375,78.36995697021484,88.31446075439453,0.4281403110291332,93.54669952392578,459.77265721767617,4.914899826049805,108.36995697021484,POINT (125000 448000),6191.239170297966
145000.0,461000.0,0,4.176182746887207,0.0,13.033334732055664,-0.8365917801856995,9.700300216674805,0.42760734641025067,528439.125,6.991189479827881,0.0,58.15289306640625,144.31744384765625,785.3515625,49.64702606201172,77.55441284179688,5.188870504880401,131.9364013671875,5391.594349054154,40.8651008605957,79.64702606201172,POINT (145000 461000),6191.529984444745
148000.0,455000.0,0,5.33411169052124,0.0,14.535672187805176,-1.0808308124542236,8.992121696472168,1.8367473163691284,674959.25,6.764419078826904,0.0,61.4471549987793,183.44125366210938,943.9453125,53.66374206542969,81.81121826171875,6.304045975703083,116.37770080566406,6523.226198035525,56.05220031738281,83.66374206542969,POINT (148000 455000),6198.846010494632
145000.0,449000.0,0,3.8198189735412598,0.0,13.439037322998047,-0.7775779962539673,10.515810012817383,-0.6731498815150022,483346.125,6.676177501678467,0.0,61.469093322753906,133.94027709960938,853.3203125,51.3367919921875,78.91386413574219,4.5444602144570805,101.85859680175781,4621.171724132728,45.368499755859375,81.3367919921875,POINT (145000 449000),6223.68726184633
124000.0,466000.0,0,1.9799611568450928,0.0,12.952117919921875,-0.42021408677101135,16.419511795043945,-4.342480549214682,250537.140625,5.957786560058594,0.0,66.2033920288086,76.12921142578125,592.7734375,55.77320098876953,81.02539825439453,2.0747368884689763,119.97750091552734,2134.06391559192,17.787200927734375,85.77320098876953,POINT (124000 466000),6249.395515988499
139000.0,466000.0,0,5.943882465362549,0.0,14.047628402709961,-1.1773545742034912,8.219746589660645,3.6151913097474573,752117.5,7.2276411056518555,0.0,56.64013671875,200.2832489013672,898.6328125,46.90106964111328,75.4693603515625,8.13079983740129,139.9517059326172,8444.951826277247,60.34189987182617,76.90106964111328,POINT (139000 466000),6271.560395300296
123000.0,450000.0,0,9.999999974752427e-07,0.0,14.883563995361328,-0.021481938660144806,28663628.0,-9.792875720640724,0.12653639912605286,-1.5122240781784058,0.0,82.2322769165039,11.75550651550293,286.9140625,73.18961334228516,67.95625305175781,0.1864834187289277,81.68930053710938,201.4294810973297,2.4658000469207764,103.18961334228516,POINT (123000 450000),6271.673937864533
130000.0,443000.0,0,1.2497421503067017,0.0,12.571711540222168,-0.2739112079143524,23.2294864654541,-5.648623209749105,158137.859375,5.485243797302246,0.0,66.95647430419922,53.34158706665039,524.8046875,61.484413146972656,84.28071594238281,1.2973598087579061,108.91699981689453,1332.6756969335038,12.235699653625488,91.48441314697266,POINT (130000 443000),6279.73018571267
133000.0,467000.0,0,7.068840980529785,0.0,14.904031753540039,-1.3989309072494507,7.732315540313721,5.476587653347403,894465.625,7.246993541717529,0.0,56.793670654296875,236.55227661132812,977.9296875,47.095008850097656,75.8672866821289,9.967247686853655,140.7530059814453,10352.355025253608,73.54979705810547,77.09500885009766,POINT (133000 467000),6298.355640879318
148000.0,453000.0,0,5.010474681854248,0.0,14.44811725616455,-1.019549012184143,9.309294700622559,1.182363085143578,634007.375,6.683666706085205,0.0,62.20817184448242,173.3107452392578,932.6171875,54.2825927734375,82.2873306274414,5.797530879415047,111.19129943847656,5973.141176456411,53.71950149536133,84.2825927734375,POINT (148000 453000),6313.452422045162
132000.0,467000.0,0,6.414755344390869,0.0,14.971866607666016,-1.2871042490005493,8.21233081817627,3.9178379021930696,811700.0,6.958459854125977,0.0,59.82101821899414,217.05322265625,932.6171875,49.972412109375,78.51251220703125,8.191526574554178,140.09979248046875,8503.609116722364,60.696800231933594,79.972412109375,POINT (132000 467000),6316.82348246454
136000.0,467000.0,0,9.235870361328125,1.1321582794189453,15.01192569732666,-1.848955750465393,6.858414173126221,9.91302000094646,1168673.75,6.885930061340332,5.271642208099365,46.94862365722656,300.39532470703125,1102.5390625,36.60240936279297,65.90855407714844,19.191713579079057,140.99310302734375,19945.659799103625,141.4654998779297,66.60240936279297,POINT (136000 467000),6318.255154357969
121000.0,463000.0,0,0.2247294932603836,0.0,16.053518295288086,-0.08340365439653397,142.62391662597656,-10.182658026184665,28436.4609375,2.0044896602630615,0.0,86.58346557617188,25.165752410888672,377.5390625,77.03006744384766,85.8377456665039,0.39345783355651914,97.10859680175781,400.8739905299226,4.1280999183654785,107.03006744384766,POINT (121000 463000),6333.783796209125
141000.0,465000.0,0,5.684723854064941,0.0,14.820937156677246,-1.152325987815857,8.76978874206543,2.3892867570238705,719324.4375,6.756847858428955,0.0,61.83049011230469,194.6157989501953,898.6328125,52.37450408935547,80.64286041259766,6.7544585856703865,138.48989868164062,7016.161338004866,50.66189956665039,82.37450408935547,POINT (141000 465000),6338.909527920744
148000.0,456000.0,0,6.106276035308838,0.0,14.412309646606445,-1.2152440547943115,8.231462478637695,3.689520689020622,772666.1875,7.1270647048950195,0.0,57.71085739135742,206.40013122558594,989.2578125,49.58955383300781,78.116943359375,8.110829227702045,118.71099853515625,8408.48953345744,70.83159637451172,79.58955383300781,POINT (148000 456000),6350.11465013085
144000.0,448000.0,0,1.174083948135376,0.0,13.1466703414917,-0.262203574180603,25.468286514282227,-6.204696754314547,148564.34375,5.236776351928711,0.0,70.05641174316406,51.02614212036133,536.1328125,59.093780517578125,81.4990234375,1.2400731060867445,98.52790069580078,1258.063398528262,12.768600463867188,89.09378051757812,POINT (144000 448000),6364.452830960022
137000.0,444000.0,0,9.999999974752427e-07,0.0,15.013171195983887,-0.025841593742370605,28991860.0,-9.905015618107171,0.12653639912605286,-0.31240326166152954,0.0,82.79731750488281,14.044739723205566,298.2421875,73.19041442871094,72.03572845458984,0.22388113330108295,88.37519836425781,226.0284092243237,2.5576000213623047,103.19041442871094,POINT (137000 444000),6387.879712100425
129000.0,468000.0,0,4.950379371643066,0.0,15.04211139678955,-1.0230878591537476,9.663594245910645,0.5689592189682662,626403.1875,6.399837017059326,0.0,65.7999267578125,172.66827392578125,841.9921875,55.555137634277344,83.40271759033203,5.30792860796302,136.66650390625,5511.295316308737,40.32659912109375,85.55513763427734,POINT (129000 468000),6397.114194718325
128000.0,468000.0,0,4.361377716064453,0.0,14.519692420959473,-0.9013018012046814,10.215047836303711,-0.3204335916133046,551873.0625,6.400971412658691,0.0,65.30132293701172,153.24559020996094,808.0078125,54.83606719970703,82.46157836914062,4.70127765387539,135.0222930908203,4877.855976493622,36.12630081176758,84.83606719970703,POINT (128000 468000),6429.3402917820895
121000.0,454000.0,0,9.999999974752427e-07,0.0,12.789509773254395,-0.010406563058495522,24479032.0,-8.363215704620059,0.12653639912605286,-4.512031555175781,0.0,72.62287902832031,6.448232650756836,230.2734375,62.01311492919922,50.03781509399414,0.11697138580385966,73.42410278320312,121.37738531923969,1.6531000137329102,92.01311492919922,POINT (121000 454000),6432.858473484956
127000.0,445000.0,0,1.4702259302139282,0.0,13.30286979675293,-0.3241782486438751,21.334339141845703,-5.693240286519777,186037.09375,5.403648853302002,0.0,69.71678161621094,61.521690368652344,592.7734375,63.212249755859375,86.52391052246094,1.4600641675192876,103.16680145263672,1543.571341624418,14.961899757385254,93.21224975585938,POINT (127000 445000),6433.883843394865
143000.0,447000.0,0,1.2137360572814941,0.0,14.981401443481445,-0.28593215346336365,27.874732971191406,-7.4121299885259395,153581.78125,4.619225978851318,0.0,78.55962371826172,55.559486389160156,570.1171875,66.52823638916016,87.96879577636719,1.1449885731070428,94.75,1159.2473320960999,12.234800338745117,96.52823638916016,POINT (143000 447000),6444.927831574379
120000.0,459000.0,0,0.06519065797328949,0.0,15.783041954040527,-0.045399293303489685,472.79962158203125,-10.307601029309517,8248.9912109375,0.8499467372894287,0.0,85.90362548828125,18.466163635253906,366.2109375,75.17095947265625,78.64230346679688,0.2956640787893565,79.23380279541016,301.4212273653229,3.8041999340057373,105.17095947265625,POINT (120000 459000),6449.831412966309
120000.0,460000.0,0,0.0195175614207983,0.0,16.994644165039062,-0.04126999154686928,1693.0767822265625,-11.222993447283311,2469.681884765625,0.24207714200019836,0.0,91.17744445800781,18.869056701660156,354.8828125,80.72837829589844,81.74998474121094,0.2716047708759966,82.36609649658203,276.33000752181033,3.3548998832702637,110.72837829589844,POINT (120000 460000),6459.0622575075495
138000.0,445000.0,0,0.4209643602371216,0.0,11.557329177856445,-0.09995138645172119,56.6007080078125,-6.702195085668183,53267.3125,4.538249492645264,0.0,64.91842651367188,23.86008644104004,388.8671875,52.99629211425781,70.05754852294922,0.6171213582150602,90.20149993896484,623.1660692652222,6.908599853515625,82.99629211425781,POINT (138000 445000),6460.942349103975
147000.0,459000.0,0,5.892216205596924,0.0,14.725464820861816,-1.1868841648101807,8.540718078613281,2.9376300815968035,745579.8125,6.880153656005859,0.0,60.39877700805664,200.9117431640625,943.9453125,52.44651794433594,80.80419158935547,7.1991389728769954,126.15809631347656,7481.957054423867,59.30619812011719,82.44651794433594,POINT (147000 459000),6466.592134153083
128000.0,444000.0,0,1.311877727508545,0.0,13.003148078918457,-0.2899090051651001,22.983449935913086,-5.819191572844246,166000.265625,5.373866558074951,0.0,68.85928344726562,56.001258850097656,547.4609375,62.642189025878906,85.47303771972656,1.3264097848906282,106.72720336914062,1387.6030612321338,13.001399993896484,92.6421890258789,POINT (128000 444000),6485.017673396389
137000.0,467000.0,0,8.173951148986816,0.0,14.815130233764648,-1.5810576677322388,7.086123466491699,8.137338939757223,1034302.3125,7.772058486938477,0.0,51.60618591308594,269.13592529296875,1045.8984375,41.54113006591797,70.6298828125,13.981324167640707,140.63279724121094,14529.070071941707,103.31210327148438,71.54113006591797,POINT (137000 467000),6513.922216027648
122000.0,452000.0,0,9.999999974752427e-07,0.0,14.837398529052734,-0.012774957343935966,28411906.0,-9.70687533289654,0.12653639912605286,-6.603443622589111,0.0,82.0673599243164,7.004821300506592,230.2734375,72.12156677246094,53.7565803527832,0.1043871445251384,77.0718994140625,110.79085540771484,1.4375,102.12156677246094,POINT (122000 452000),6519.704054388403
130000.0,468000.0,0,5.500591278076172,0.0,15.12252140045166,-1.1266331672668457,9.079440116882324,1.7299782701468467,696025.0,6.561527252197266,0.0,64.12043762207031,189.75015258789062,887.3046875,54.25995635986328,82.37483215332031,6.190126078240204,138.02659606933594,6430.631752388261,46.58980178833008,84.25995635986328,POINT (130000 468000),6519.948117354981
125000.0,467000.0,0,2.9024319648742676,0.0,12.15344524383545,-0.5854650139808655,11.751352310180664,-1.7366599693666398,367263.28125,6.852378845214844,0.0,58.4363899230957,102.92211151123047,683.3984375,47.68970489501953,74.86599731445312,3.6203290029595463,126.04440307617188,3738.4644746541744,29.659900665283203,77.68970489501953,POINT (125000 467000),6530.37031377581
148000.0,457000.0,0,6.173373222351074,0.0,14.472716331481934,-1.228895664215088,8.202244758605957,3.791685815633673,781156.4375,7.121955394744873,0.0,57.789100646972656,208.61782836914062,989.2578125,49.73005676269531,78.26732635498047,8.184266899054917,120.83390045166016,8498.719525552879,70.33390045166016,79.73005676269531,POINT (148000 457000),6543.826909342612
143000.0,464000.0,0,6.471397399902344,0.0,14.864940643310547,-1.2936444282531738,8.12812328338623,4.138610371915073,818867.3125,7.034492492675781,0.0,58.9443244934082,218.5430450439453,955.2734375,49.64045715332031,78.21671295166016,8.44148265132712,136.23809814453125,8772.194355959073,64.38870239257812,79.64045715332031,POINT (143000 464000),6572.847119902479
120000.0,458000.0,0,0.010786477476358414,0.0,15.262482643127441,-0.030275316908955574,2739.4267578125,-10.05843241109351,1364.8819580078125,0.17943134903907776,0.0,83.83324432373047,15.349905014038086,332.2265625,72.9576187133789,73.64651489257812,0.249980322851233,76.26969909667969,255.47298994224911,3.349600076675415,102.9576187133789,POINT (120000 458000),6594.02496696937
148000.0,452000.0,0,4.849897861480713,0.0,14.365160942077637,-0.987849771976471,9.46187973022461,0.8916432879885436,613688.5625,6.665001392364502,0.0,62.35565185546875,168.06361389160156,932.6171875,53.8868408203125,81.8381118774414,5.626824438654437,108.40370178222656,5785.342932099011,53.368499755859375,83.8868408203125,POINT (148000 452000),6601.2632349596
127000.0,468000.0,0,4.156500816345215,0.0,13.460925102233887,-0.8412230610847473,9.962550163269043,0.053181063364827634,525948.625,6.787267208099365,0.0,60.54893493652344,144.3255615234375,785.3515625,49.864654541015625,77.68260955810547,5.001843880865851,133.10960388183594,5186.482699082058,38.9640007019043,79.86465454101562,POINT (127000 468000),6614.360373822894
120000.0,457000.0,0,9.999999974752427e-07,0.0,16.11268424987793,-0.01991829089820385,30967844.0,-10.580107148352045,0.12653639912605286,-3.5503416061401367,0.0,87.58625793457031,10.23354434967041,275.5859375,76.72760009765625,64.74906158447266,0.1477491110933914,73.53970336914062,151.36677279125433,2.058300018310547,106.72760009765625,POINT (120000 457000),6617.538987503153
120000.0,461000.0,0,0.06571028381586075,0.0,16.7244930267334,-0.050768736749887466,497.80328369140625,-10.951088063696908,8314.7421875,0.7488905191421509,0.0,89.90706634521484,20.290908813476562,366.2109375,79.77494812011719,82.9723892211914,0.2997322550372639,85.60639953613281,304.69885323177004,3.559299945831299,109.77494812011719,POINT (120000 461000),6621.075836828188
136000.0,443000.0,0,9.999999974752427e-07,0.0,15.928245544433594,-0.024450749158859253,30703066.0,-10.48964620069499,0.12653639912605286,-1.9618746042251587,0.0,86.78947448730469,12.677560806274414,286.9140625,79.3126449584961,72.26362609863281,0.18203161388404912,87.68789672851562,183.59214342634368,2.0936999320983887,109.3126449584961,POINT (136000 443000),6623.159245713728
139000.0,445000.0,0,0.42082393169403076,0.0,11.67747688293457,-0.10030395537614822,57.17746353149414,-6.782881602987721,53249.54296875,4.499239921569824,0.0,65.53327178955078,23.893333435058594,388.8671875,52.647010803222656,69.68292999267578,0.6159394738708374,88.31410217285156,621.7842521264101,7.040599822998047,82.64701080322266,POINT (139000 445000),6634.891593814432
144000.0,463000.0,0,5.4585185050964355,0.0,13.438780784606934,-1.0754519701004028,8.387075424194336,3.007932355794668,690701.25,7.344388008117676,0.0,55.177589416503906,184.10421752929688,875.9765625,46.07061767578125,74.5757064819336,7.621698578528595,134.6826934814453,7922.763493039529,58.825401306152344,76.07061767578125,POINT (144000 463000),6640.592331713581
142000.0,446000.0,0,0.5601077079772949,0.0,16.218849182128906,-0.15661290287971497,60.24775314331055,-9.61540105186682,70874.0078125,3.244438648223877,0.0,86.19930267333984,36.24195861816406,468.1640625,72.91539764404297,88.16168212890625,0.6219443368802154,90.7134017944336,628.6711098414926,6.930300235748291,102.91539764404297,POINT (142000 446000),6641.253393725327
126000.0,446000.0,0,1.315642237663269,0.0,13.358412742614746,-0.2935778498649597,23.48293113708496,-6.0604007511851545,166476.625,5.247193813323975,0.0,70.53422546386719,56.63823699951172,581.4453125,63.53797912597656,86.2072525024414,1.3204986618030947,98.39790344238281,1410.337168056867,14.333000183105469,93.53797912597656,POINT (126000 446000),6654.7113394906355
122000.0,465000.0,0,0.19928336143493652,0.0,14.442643165588379,-0.06897664070129395,144.12362670898438,-9.131782133477317,25216.59765625,2.238213300704956,0.0,79.59912109375,21.457168579101562,332.2265625,69.919677734375,79.01712036132812,0.3730381940466962,108.55549621582031,381.8982234711184,3.5179998874664307,99.919677734375,POINT (122000 465000),6688.637208782745
120000.0,456000.0,0,9.999999974752427e-07,0.0,16.462709426879883,-0.013098216615617275,31503910.0,-10.763253173953593,0.12653639912605286,-9.390809059143066,0.0,89.09915161132812,6.615259170532227,230.2734375,78.33242797851562,52.57617950439453,0.08692401301479201,71.11029815673828,89.27186420987891,1.2553999423980713,108.33242797851562,POINT (120000 456000),6717.939426826344
133000.0,442000.0,0,0.5174515247344971,0.0,10.904099464416504,-0.11712092906236649,44.27498245239258,-6.0593508381536445,65476.4453125,5.069965839385986,0.0,61.16469955444336,26.90597915649414,388.8671875,55.420860290527344,74.0002670288086,0.7075578684250788,98.1897964477539,713.4078051474498,7.265600204467773,85.42086029052734,POINT (133000 442000),6721.116862579697
132000.0,442000.0,0,0.5769806504249573,0.0,11.614420890808105,-0.13313525915145874,42.56742477416992,-6.419835620194718,73009.0546875,4.844663143157959,0.0,64.62733459472656,30.162778854370117,411.5234375,59.56000518798828,78.1087646484375,0.7303817519271321,102.52960205078125,739.4024603925936,7.211599826812744,89.56000518798828,POINT (132000 442000),6737.99762552134
129000.0,443000.0,0,1.021721601486206,0.0,12.564190864562988,-0.2283884882926941,27.560129165649414,-6.129703655743785,129284.9609375,5.224982738494873,0.0,67.76666259765625,46.04515838623047,490.8203125,61.98413848876953,83.58208465576172,1.0852977263828545,108.4031982421875,1123.729282083339,10.36620044708252,91.98413848876953,POINT (129000 443000),6757.381987606513
147000.0,450000.0,0,5.989912033081055,0.0,13.788680076599121,-1.1752300262451172,8.067817687988281,3.9541007618458273,757941.8125,7.437836647033691,0.0,54.46005630493164,200.6246337890625,1034.5703125,44.36528778076172,73.0399169921875,9.005983411238548,103.7311019897461,9204.807323157205,88.73719787597656,74.36528778076172,POINT (147000 450000),6758.664073200928
138000.0,467000.0,0,5.868688583374023,0.0,15.036612510681152,-1.191646933555603,8.690914154052734,2.6247528018953563,742602.6875,6.724102973937988,0.0,62.30118179321289,200.86233520507812,898.6328125,53.06531524658203,81.35760498046875,6.8852558058080255,140.10809326171875,7153.512702712789,51.057098388671875,83.06531524658203,POINT (138000 467000),6766.701429260685
122000.0,451000.0,0,9.999999974752427e-07,0.0,13.940045356750488,-0.013666787184774876,26724942.0,-9.13052698785528,0.12653639912605286,-4.087011814117432,0.0,78.0006332397461,7.884546756744385,252.9296875,68.31578826904297,56.40387725830078,0.13119198043471963,75.83820343017578,141.06664454379825,1.8601000308990479,98.31578826904297,POINT (122000 451000),6770.1639376323765
146000.0,449000.0,0,4.603400707244873,0.0,13.564435958862305,-0.923707902431488,9.375718116760254,0.98183553935287,582497.75,6.957423686981201,0.0,58.96253967285156,158.0671844482422,932.6171875,48.552345275878906,76.64244079589844,5.952814640340446,101.35220336914062,6065.635379732354,59.84709930419922,78.5523452758789,POINT (146000 449000),6787.150285629698
142000.0,465000.0,0,5.94877815246582,0.0,15.011837005615234,-1.2052316665649414,8.609030723571777,2.8269916738969623,752736.9375,6.7667694091796875,0.0,61.83948516845703,203.17515563964844,909.9609375,52.4765625,80.81358337402344,7.094041046093,137.39559936523438,7369.666631526896,53.638301849365234,82.4765625,POINT (142000 465000),6789.3401197457715
131000.0,468000.0,0,6.023144245147705,0.0,15.034611701965332,-1.2192493677139282,8.553771018981934,2.976045269777995,762146.9375,6.783423900604248,0.0,61.68763732910156,205.45623779296875,909.9609375,52.12902069091797,80.49539184570312,7.234544949591794,139.09429931640625,7519.535112345591,54.060699462890625,82.12902069091797,POINT (131000 468000),6789.431263790425
140000.0,445000.0,0,0.4811897873878479,0.0,11.62973690032959,-0.11202744394540787,50.275203704833984,-6.621149377251049,60888.0234375,4.745579719543457,0.0,65.04515075683594,25.682201385498047,411.5234375,51.421852111816406,69.53620147705078,0.6865883012609696,87.152099609375,693.0335083947284,7.952000141143799,81.4218521118164,POINT (140000 445000),6793.477321361733
124000.0,448000.0,0,0.33491674065589905,0.0,13.627318382263184,-0.09397558867931366,82.5413589477539,-8.300452280672335,42379.15625,3.223051071166992,0.0,75.32301330566406,24.996511459350586,411.5234375,67.013916015625,80.10723114013672,0.4931336363542564,86.87860107421875,535.4328277000459,6.163000106811523,97.013916015625,POINT (124000 448000),6794.206871222709
121000.0,464000.0,0,0.1805395632982254,0.0,15.211833000183105,-0.0689590647816658,167.17408752441406,-9.694659712189427,22844.826171875,1.9177424907684326,0.0,83.07429504394531,22.130569458007812,354.8828125,73.65025329589844,81.6666488647461,0.36444946145360574,100.49980163574219,371.8492708444501,3.700000047683716,103.65025329589844,POINT (121000 464000),6828.604458061423
140000.0,466000.0,0,6.768073558807373,0.0,14.897164344787598,-1.3465806245803833,7.928254127502441,4.790499198126804,856407.625,7.132876396179199,0.0,57.95334243774414,227.52415466308594,966.6015625,48.393150329589844,77.06903839111328,9.160033813475065,139.12969970703125,9514.941024772357,68.38899993896484,78.39315032958984,POINT (140000 466000),6829.9855392216095
123000.0,449000.0,0,0.06583729386329651,0.0,13.227653503417969,-0.03424357995390892,391.26898193359375,-8.57595909209572,8330.814453125,1.2356559038162231,0.0,74.40402221679688,14.512289047241211,332.2265625,65.37870025634766,69.79501342773438,0.2803902727530259,80.76709747314453,305.7357638117355,3.785399913787842,95.37870025634766,POINT (123000 449000),6830.993541828199
123000.0,466000.0,0,1.2342778444290161,0.0,13.087054252624512,-0.27416548132896423,24.317150115966797,-6.03738344013074,156181.078125,5.306238651275635,0.0,69.61591339111328,53.024295806884766,502.1484375,59.44434356689453,82.10974884033203,1.2697675338436882,116.1364974975586,1305.0026175862658,11.236800193786621,89.44434356689453,POINT (123000 466000),6844.406225288626
146000.0,461000.0,0,7.275073051452637,0.0,14.635364532470703,-1.4245121479034424,7.509263038635254,6.190767114112168,920561.5625,7.4835615158081055,0.0,54.27785873413086,242.10916137695312,1023.2421875,45.776611328125,74.6482925415039,10.96248253779831,130.3238983154297,11401.43802687549,87.48539733886719,75.776611328125,POINT (146000 461000),6847.5155154676895
134000.0,442000.0,0,0.12015647441148758,0.0,13.551395416259766,-0.04875654727220535,221.77951049804688,-8.693813816467284,15204.1669921875,1.7511295080184937,0.0,75.76021575927734,17.85040855407715,320.8984375,70.58428192138672,77.16000366210938,0.3175365283042955,93.18789672851562,319.48538884107256,3.4284000396728516,100.58428192138672,POINT (134000 442000),6851.730566752833
148000.0,458000.0,0,6.558208465576172,0.0,14.468501091003418,-1.2958084344863892,7.911976337432861,4.678426653557397,829852.0,7.281655788421631,0.0,56.19163513183594,220.1598358154297,1011.9140625,48.013092041015625,76.69290161132812,9.185310400539029,122.72450256347656,9549.132384456578,77.80950164794922,78.01309204101562,POINT (148000 458000),6867.778739695133
131000.0,442000.0,0,0.7610071897506714,0.0,12.27157211303711,-0.1743066906929016,34.93278884887695,-6.482445198911243,96295.109375,4.929108619689941,0.0,67.2721176147461,37.35498809814453,445.5078125,62.631263732910156,82.449462890625,0.8590254761342493,105.74430084228516,874.9495404988993,8.274200439453125,92.63126373291016,POINT (131000 442000),6901.290612820856
120000.0,462000.0,0,0.1447696089744568,0.0,16.248043060302734,-0.06640931963920593,221.73785400390625,-10.472615133666228,18318.625,1.4676319360733032,0.0,87.65194702148438,22.524444580078125,377.5390625,77.86490631103516,84.2048110961914,0.3471086662083487,88.91999816894531,352.9679384980773,3.9695000648498535,107.86490631103516,POINT (120000 462000),6911.091566644502
145000.0,462000.0,0,6.297853946685791,0.0,13.848488807678223,-1.232542872428894,7.862845420837402,4.5984102664783535,796907.6875,7.49511194229126,0.0,53.90909957885742,210.5020294189453,955.2734375,45.09022521972656,73.82172393798828,9.340979877919782,132.71209716796875,9711.97762511205,73.18080139160156,75.09022521972656,POINT (145000 462000),6936.803257352393
126000.0,468000.0,0,3.1944146156311035,0.0,12.604734420776367,-0.647096574306488,11.30902099609375,-1.4286213234060285,404209.71875,6.769660472869873,0.0,59.73424530029297,112.87459564208984,706.0546875,48.952911376953125,76.26171112060547,3.868732703348352,130.95050048828125,4009.0495424765395,30.614999771118164,78.95291137695312,POINT (126000 468000),6939.964677292273
120000.0,455000.0,0,9.999999974752427e-07,0.0,13.74099063873291,-0.008841888047754765,26256088.0,-8.970343826290494,0.12653639912605286,-9.043725967407227,0.0,77.11445617675781,5.159586429595947,207.6171875,66.51710510253906,44.971614837646484,0.08132855948295879,69.03710174560547,83.74890512533966,1.2130999565124512,96.51710510253906,POINT (120000 455000),6957.314481586354
121000.0,453000.0,0,9.999999974752427e-07,0.0,12.71078109741211,-0.009274931624531746,24308228.0,-8.304860812205975,0.12653639912605286,-5.770589828491211,0.0,72.25285339355469,5.776459693908691,218.9453125,61.955848693847656,47.47263717651367,0.1030932439004031,71.71479797363281,108.18894397680924,1.5085999965667725,91.95584869384766,POINT (121000 453000),6968.901165758181
147000.0,460000.0,0,6.670342445373535,0.0,14.61357307434082,-1.3201483488082886,7.8890228271484375,4.810728822894573,844041.0625,7.245669841766357,0.0,56.617897033691406,223.97402954101562,1000.5859375,48.38264465332031,77.06778717041016,9.237862831244891,127.5322036743164,9608.761281541258,75.34380340576172,78.38264465332031,POINT (147000 460000),6973.475021477945
125000.0,447000.0,0,0.8983776569366455,0.0,13.523885726928711,-0.21028588712215424,32.99258041381836,-7.057093521978987,113677.46875,4.68721342086792,0.0,72.82769012451172,43.523746490478516,524.8046875,65.27522277832031,85.44612884521484,0.9473220560819685,92.86329650878906,1021.0412334275607,10.995100021362305,95.27522277832031,POINT (125000 447000),6977.035365075281
148000.0,451000.0,0,5.025491714477539,0.0,14.127243041992188,-1.0137499570846558,9.138504028320312,1.4791458693268775,635907.5625,6.851771354675293,0.0,60.35770797729492,172.55772399902344,955.2734375,50.931251525878906,79.07279205322266,6.233371201555519,105.53780364990234,6398.451175994152,60.62710189819336,80.9312515258789,POINT (148000 451000),7020.94517205701
144000.0,447000.0,0,1.3576189279556274,0.0,14.185220718383789,-0.30829760432243347,24.117469787597656,-6.5480798722037665,171788.203125,5.030375003814697,0.0,74.37296295166016,58.667518615722656,581.4453125,62.619140625,85.24524688720703,1.3271731812681207,94.82029724121094,1345.471583772407,14.18970012664795,92.619140625,POINT (144000 447000),7071.726718371289
124000.0,467000.0,0,1.8417701721191406,0.0,11.847228050231934,-0.38103753328323364,16.111650466918945,-3.8456803673374953,233050.96875,6.381289005279541,0.0,61.00057601928711,69.59103393554688,570.1171875,50.354042053222656,75.9151382446289,2.162206651860525,122.9030990600586,2231.3794554104243,18.15559959411621,80.35404205322266,POINT (124000 467000),7076.8070601423715
141000.0,445000.0,0,0.02059873752295971,0.0,16.95539093017578,-0.03993957117199898,1599.376220703125,-11.185271666943938,2606.489990234375,0.2655945122241974,0.0,91.02098846435547,18.160531997680664,343.5546875,77.49159240722656,78.61018371582031,0.2681670264308991,86.6364974975586,270.7390546798706,3.125,107.49159240722656,POINT (141000 445000),7089.330033610405
138000.0,444000.0,0,0.01947103999555111,0.0,14.804545402526855,-0.030111389234662056,1472.761962890625,-9.730654767866884,2463.79541015625,0.3392696678638458,0.0,81.80265045166016,14.897071838378906,309.5703125,70.67185974121094,71.95086669921875,0.24822637404375184,85.63999938964844,250.53125581526183,2.9254000186920166,100.67185974121094,POINT (138000 444000),7091.729057738309
145000.0,448000.0,0,1.14301335811615,0.0,11.374259948730469,-0.2414740025997162,22.87469482421875,-5.027678427614879,144632.796875,6.030589580535889,0.0,61.162418365478516,46.75297164916992,513.4765625,49.93003845214844,73.52953338623047,1.4164534619231808,98.36589813232422,1439.3389744023443,14.632499694824219,79.93003845214844,POINT (145000 448000),7102.90630270945
135000.0,442000.0,0,9.999999974752427e-07,0.0,14.366533279418945,-0.025214573368430138,27752298.0,-9.481521395778751,0.12653639912605286,-0.09833073616027832,0.0,79.90721130371094,14.199604034423828,298.2421875,74.11058044433594,73.75641632080078,0.23017146035460623,88.11630249023438,231.56082119636267,2.6278998851776123,104.11058044433594,POINT (135000 442000),7121.728135663213
127000.0,444000.0,0,1.0558584928512573,0.0,13.650596618652344,-0.24391454458236694,28.899765014648438,-6.817753665562748,133604.515625,4.831696510314941,0.0,72.91417694091797,49.097049713134766,524.8046875,66.68355560302734,87.71863555908203,1.0490563038501646,102.69300079345703,1108.1190761850157,10.790599822998047,96.68355560302734,POINT (127000 444000),7129.536233671531
134000.0,468000.0,0,7.742895126342773,0.0,14.862419128417969,-1.511674404144287,7.323357105255127,7.0806486327109965,979758.0625,7.5510783195495605,0.0,53.72532653808594,256.6085510253906,1023.2421875,44.26495361328125,73.23152160644531,12.143285142833504,140.59230041503906,12625.582663049106,89.80280303955078,74.26495361328125,POINT (134000 468000),7141.950091461853
135000.0,468000.0,0,8.584421157836914,0.0,14.834640502929688,-1.6484829187393188,6.899615287780762,9.092970705400692,1086241.625,7.95159387588501,0.0,49.921356201171875,281.4000244140625,1068.5546875,40.135154724121094,69.30690002441406,15.640114936039893,140.58799743652344,16259.60599258542,115.654296875,70.1351547241211,POINT (135000 468000),7147.8066039723135
139000.0,467000.0,0,5.8001389503479,0.0,15.126106262207031,-1.1816284656524658,8.790376663208008,2.3969986234410166,733928.6875,6.661346435546875,0.0,63.02265930175781,199.0287628173828,898.6328125,53.812774658203125,82.0528564453125,6.680242577065531,139.43899536132812,6939.069816363277,49.764198303222656,83.81277465820312,POINT (139000 467000),7151.59519471416
122000.0,450000.0,0,9.999999974752427e-07,0.0,13.721543312072754,-0.013617221266031265,26309148.0,-8.988471683902091,0.12653639912605286,-3.7455990314483643,0.0,76.99409484863281,7.958651065826416,252.9296875,67.47248840332031,56.5479850769043,0.1349557772751053,74.85320281982422,147.02666246351873,1.9642000198364258,97.47248840332031,POINT (122000 450000),7152.880435742461
137000.0,443000.0,0,9.999999974752427e-07,0.0,16.92159652709961,-0.02304747700691223,32562660.0,-11.124973287905306,0.12653639912605286,-3.5356197357177734,0.0,90.99159240722656,11.398102760314941,275.5859375,82.23818969726562,69.79093170166016,0.15214915047079328,84.05889892578125,153.49995463895175,1.8260999917984009,112.23818969726562,POINT (137000 443000),7166.160213544552
149000.0,454000.0,0,5.494758129119873,0.0,14.283258438110352,-1.102687120437622,8.716960906982422,2.4086166520149708,695286.875,6.955193519592285,0.0,59.3648796081543,187.48716735839844,977.9296875,51.107826232910156,79.41262817382812,6.941325711814998,112.14459991455078,7193.828988567693,64.14779663085938,81.10782623291016,POINT (149000 454000),7174.525248410629
132000.0,468000.0,0,6.726818561553955,0.0,14.931356430053711,-1.3406869173049927,7.970017910003662,4.665316841498691,851187.375,7.096593379974365,0.0,58.341278076171875,226.41876220703125,955.2734375,48.87675476074219,77.52903747558594,8.97006154102768,139.86959838867188,9325.357708866242,66.67179870605469,78.87675476074219,POINT (132000 468000),7189.091063442507
149000.0,455000.0,0,5.950270652770996,0.0,14.268502235412598,-1.183220386505127,8.299975395202637,3.4559794984600245,752925.8125,7.144467830657959,0.0,57.465919494628906,201.2198028564453,1000.5859375,49.18395233154297,77.68921661376953,7.975646851814499,114.60220336914062,8278.64521455951,72.23809814453125,79.18395233154297,POINT (149000 455000),7194.221134235467
130000.0,442000.0,0,0.6965726613998413,0.0,12.468366622924805,-0.16267624497413635,38.385929107666016,-6.755364353293329,88141.796875,4.711822986602783,0.0,68.49418640136719,35.6372184753418,434.1796875,63.84520721435547,82.87916564941406,0.7916336988251998,107.4542007446289,811.848748218039,7.555300235748291,93.84520721435547,POINT (130000 442000),7201.0424414585505
126000.0,445000.0,0,1.0422942638397217,0.0,13.681317329406738,-0.24123355746269226,29.283349990844727,-6.866762786863106,131888.15625,4.810675144195557,0.0,73.0875244140625,48.62995910644531,536.1328125,66.4581298828125,87.42213439941406,1.045249032607049,97.9468002319336,1116.8384045901184,11.40250015258789,96.4581298828125,POINT (126000 445000),7217.397447316366
143000.0,446000.0,0,0.8727084994316101,0.0,15.686203956604004,-0.22002002596855164,38.877506256103516,-8.61009863030407,110429.390625,3.985220193862915,0.0,82.85735321044922,45.712100982666016,524.8046875,70.10104370117188,88.89834594726562,0.8532302118178735,90.8563003540039,863.2438556917623,9.501199722290039,100.10104370117188,POINT (143000 446000),7220.258094844268
120000.0,463000.0,0,0.17057526111602783,0.0,15.662510871887207,-0.06911831349134445,181.9737548828125,-10.022070142733359,21583.978515625,1.754767894744873,0.0,85.06656646728516,22.517044067382812,366.2109375,75.57894134521484,83.03592681884766,0.3599495024857407,92.3240966796875,366.32354175442015,3.9677999019622803,105.57894134521484,POINT (120000 463000),7247.193248327222
141000.0,466000.0,0,6.196066856384277,0.0,14.979981422424316,-1.248464822769165,8.387158393859863,3.4141847705358446,784027.9375,6.874186038970947,0.0,60.679954528808594,210.5717010498047,932.6171875,51.34532165527344,79.79119110107422,7.666040223627462,138.1833953857422,7961.408619311289,57.61479949951172,81.34532165527344,POINT (141000 466000),7271.0915735180515
133000.0,468000.0,0,7.1851348876953125,0.0,14.900192260742188,-1.4187655448913574,7.658168315887451,5.74870235064555,909181.0625,7.2957444190979,0.0,56.2773323059082,240.10716247558594,989.2578125,46.96287536621094,75.76496887207031,10.26806662194056,140.3623046875,10676.995304867625,76.06739807128906,76.96287536621094,POINT (133000 468000),7274.872024309001
144000.0,464000.0,0,6.789580345153809,0.0,14.793336868286133,-1.3469277620315552,7.8750691413879395,4.929092253797007,859129.0,7.194790840148926,0.0,57.2515869140625,227.95443725585938,977.9296875,48.1959228515625,76.8934555053711,9.323345866825377,134.89840698242188,9688.606299364008,71.82150268554688,78.1959228515625,POINT (144000 464000),7276.370122782344
136000.0,468000.0,0,6.325271129608154,1.3767951726913452,11.69960880279541,-1.3217885494232178,7.44960355758667,5.511452364151525,800377.0,6.124320983886719,4.94577693939209,44.38173294067383,206.64427185058594,909.9609375,34.00659942626953,63.111427307128906,22.824802440797487,140.38119506835938,23721.474509820342,168.97900390625,64.00659942626953,POINT (136000 468000),7292.107197967434
149000.0,453000.0,0,5.204617500305176,0.0,14.258122444152832,-1.0498489141464233,9.002429962158203,1.7738277848947765,658573.5625,6.852421760559082,0.0,60.39701843261719,178.566162109375,955.2734375,51.88360595703125,80.05946350097656,6.380462907239583,109.55010223388672,6600.25115552955,60.24869918823242,81.88360595703125,POINT (149000 453000),7293.202818507309
128000.0,443000.0,0,0.6535283327102661,0.0,12.858443260192871,-0.15620157122612,41.860782623291016,-7.113774112339987,82695.1171875,4.47152042388916,0.0,70.56206512451172,34.73691177368164,434.1796875,64.73381805419922,83.079833984375,0.7462895528466934,106.08370208740234,779.3332861101626,7.346399784088135,94.73381805419922,POINT (128000 443000),7302.741923224198
148000.0,459000.0,0,6.708799839019775,0.0,14.503385543823242,-1.3230817317962646,7.820854663848877,4.99470950931919,848907.3125,7.322744846343994,0.0,55.80168914794922,224.7879180908203,1011.9140625,47.59471130371094,76.31717681884766,9.524188264024795,124.36530303955078,9908.64364894334,79.67369842529297,77.59471130371094,POINT (148000 459000),7314.800813149058
120000.0,454000.0,0,9.999999974752427e-07,0.0,11.68423843383789,-0.006535627879202366,22307554.0,-7.621333985986162,0.12653639912605286,-7.475398063659668,0.0,67.22718811035156,4.374670505523682,196.2890625,56.85692596435547,40.54963302612305,0.08313673360845376,67.20169830322266,86.04505704535222,1.280400037765503,86.85692596435547,POINT (120000 454000),7324.455309971387
149000.0,456000.0,0,6.9011640548706055,0.0,14.204866409301758,-1.3452692031860352,7.581308364868164,5.702720466167628,873248.4375,7.586893558502197,0.0,53.13047790527344,229.51930236816406,1057.2265625,44.563209533691406,73.41950988769531,10.753190475632895,116.8917007446289,11175.629424552259,95.60669708251953,74.5632095336914,POINT (149000 456000),7336.958606633525
143000.0,465000.0,0,6.3446044921875,0.0,14.893050193786621,-1.2722373008728027,8.235391616821289,3.82500591588943,802823.375,6.971065044403076,0.0,59.61581039428711,214.82115173339844,943.9453125,50.36927795410156,78.89116668701172,8.091484191587082,136.19149780273438,8404.990249334136,61.714500427246094,80.36927795410156,POINT (143000 465000),7345.61988560382
125000.0,468000.0,0,2.4594757556915283,0.0,11.64387321472168,-0.49553295969963074,12.78538990020752,-2.3404954220567733,311213.21875,6.875566482543945,0.0,57.460628509521484,88.2406005859375,626.7578125,46.628631591796875,73.45946502685547,3.122418811118907,128.57330322265625,3233.991528090555,25.15290069580078,76.62863159179688,POINT (125000 468000),7383.078323572694
129000.0,469000.0,0,4.994081974029541,0.0,14.915432929992676,-1.0283669233322144,9.550787925720215,0.7664543726958633,631933.125,6.464608192443848,0.0,64.994384765625,173.75314331054688,841.9921875,55.07819366455078,82.97734069824219,5.43335168339267,137.26939392089844,5653.8517591118,41.1879997253418,85.07819366455078,POINT (129000 469000),7396.204528683625
128000.0,469000.0,0,4.005528450012207,0.0,14.464468002319336,-0.8333078622817993,10.77650260925293,-1.0626296520165859,506845.09375,6.284962177276611,0.0,66.365966796875,142.24368286132812,774.0234375,56.12281036376953,83.48692321777344,4.173182352535374,136.035400390625,4341.637908347882,31.91550064086914,86.12281036376953,POINT (128000 469000),7424.095096197656
121000.0,465000.0,0,0.13341715931892395,0.0,14.011346817016602,-0.05252337083220482,206.8138427734375,-8.9711179555506,16882.126953125,1.8319834470748901,0.0,77.85934448242188,18.35318374633789,309.5703125,68.37248229980469,75.47704315185547,0.32435106373979816,104.15160369873047,331.68120909791287,3.1846001148223877,98.37248229980469,POINT (121000 465000),7425.823894504328
122000.0,466000.0,0,0.1405927538871765,0.0,13.11014461517334,-0.049839358776807785,183.728271484375,-8.344736787613249,17790.099609375,2.1541292667388916,0.0,73.63513946533203,17.083162307739258,298.2421875,63.803260803222656,71.81495666503906,0.3284530872145813,112.18289947509766,337.2554476107907,3.0062999725341797,93.80326080322266,POINT (122000 466000),7433.094199473601
147000.0,449000.0,0,5.608736991882324,0.0,13.681414604187012,-1.1053564548492432,8.345049858093262,3.171240524072904,709709.3125,7.338221549987793,0.0,55.398006439208984,188.66830444335938,1023.2421875,44.491554260253906,73.0604248046875,8.251156625178838,100.67649841308594,8427.287017063354,83.70659637451172,74.4915542602539,POINT (147000 449000),7442.884848375549
119000.0,459000.0,0,0.13541287183761597,0.0,14.760502815246582,-0.05604435130953789,214.75991821289062,-9.472925193361187,17134.65625,1.7008553743362427,0.0,81.18428802490234,19.380985260009766,377.5390625,70.52678680419922,77.3733901977539,0.3416086487069548,74.2405014038086,348.90067670994904,4.6996002197265625,100.52678680419922,POINT (119000 459000),7447.810371065998
119000.0,460000.0,0,0.09131411463022232,0.0,15.900059700012207,-0.052116621285676956,341.3587646484375,-10.337502380243933,11554.5595703125,1.0932114124298096,0.0,86.31940460205078,19.75912094116211,377.5390625,76.00178527832031,80.55042266845703,0.31460745218756214,77.54920196533203,320.4720904339374,4.132500171661377,106.00178527832031,POINT (119000 460000),7455.805745459695
145000.0,463000.0,0,6.34548807144165,0.0,14.830194473266602,-1.2704894542694092,8.210247039794922,3.8800501974385497,802935.1875,7.001915454864502,0.0,59.22932052612305,214.79043579101562,955.2734375,50.608421325683594,79.1341552734375,8.125548177125705,133.21400451660156,8448.27235679573,63.418800354003906,80.6084213256836,POINT (145000 463000),7467.785845589957
123000.0,448000.0,0,0.09969431161880493,0.0,12.834864616394043,-0.04000909999012947,251.9999542236328,-8.24261264122974,12614.958984375,1.7800778150558472,0.0,72.40958404541016,15.219707489013672,343.5546875,63.657562255859375,70.02654266357422,0.3087106358280947,80.05860137939453,339.05616608815035,4.235099792480469,93.65756225585938,POINT (123000 448000),7482.71685647051
137000.0,468000.0,0,6.247684955596924,0.0,15.03693962097168,-1.2594292163848877,8.368243217468262,3.483002230523729,790559.5,6.86531400680542,0.0,60.79469299316406,212.34251403808594,932.6171875,51.635108947753906,80.08404541015625,7.695829246047975,140.00140380859375,7994.83617701428,57.10540008544922,81.6351089477539,POINT (137000 468000),7499.601767668601
130000.0,469000.0,0,5.823596477508545,0.0,15.044046401977539,-1.183393120765686,8.733924865722656,2.5190106005534645,736896.9375,6.709541320800781,0.0,62.468101501464844,199.4363555908203,909.9609375,52.98371124267578,81.2612533569336,6.841786012829029,138.2816925048828,7120.926383424958,51.49580001831055,82.98371124267578,POINT (130000 469000),7502.699171821715
121000.0,452000.0,0,9.999999974752427e-07,0.0,13.034667015075684,-0.008914937265217304,24916396.0,-8.51264036192195,0.12653639912605286,-7.219703674316406,0.0,73.80001068115234,5.435852527618408,218.9453125,63.807716369628906,46.27216720581055,0.09320817935234539,70.2947006225586,99.22096831982344,1.4114999771118164,93.8077163696289,POINT (121000 452000),7505.754159439717
142000.0,445000.0,0,0.14999699592590332,0.0,16.91751480102539,-0.06968291103839874,222.8957061767578,-10.910099389114354,18980.080078125,1.44189453125,0.0,90.44998168945312,23.051477432250977,388.8671875,76.75630187988281,83.18174743652344,0.3539745397859978,86.67459869384766,357.5500367435707,4.125199794769287,106.75630187988281,POINT (142000 445000),7507.064736590967
125000.0,446000.0,0,0.8063322305679321,0.0,13.389368057250977,-0.19055430591106415,35.980926513671875,-7.157277922600937,102030.375,4.586470603942871,0.0,72.50506591796875,40.36394119262695,513.4765625,65.28475189208984,84.7988510131836,0.8776005703430944,92.37349700927734,947.8351733182135,10.260899543762207,95.28475189208984,POINT (125000 446000),7507.76208086583
136000.0,442000.0,0,9.999999974752427e-07,0.0,16.68114471435547,-0.022253820672631264,32091170.0,-10.96388954148066,0.12653639912605286,-3.936068534851074,0.0,89.9881591796875,11.12831974029541,275.5859375,83.85749816894531,70.38493347167969,0.14754622039466225,83.58619689941406,148.61625784801618,1.777999997138977,113.85749816894531,POINT (136000 442000),7510.997495939399
149000.0,457000.0,0,7.029632568359375,0.0,14.266183853149414,-1.369210958480835,7.523497581481934,5.94772086920895,889504.3125,7.605724334716797,0.0,52.970977783203125,233.56045532226562,1057.2265625,44.42726135253906,73.3079833984375,11.027445186916768,118.9854965209961,11472.581356685492,96.41999816894531,74.42726135253906,POINT (149000 457000),7514.790764770246
149000.0,452000.0,0,4.930546283721924,0.0,14.210948944091797,-0.9986882209777832,9.289151191711426,1.197433787585503,623893.5625,6.771573066711426,0.0,61.199771881103516,169.97618103027344,943.9453125,52.12921142578125,80.18611907958984,5.9444722245852315,106.85379791259766,6137.179823812883,57.435298919677734,82.12921142578125,POINT (149000 452000),7543.7260132963675
148000.0,450000.0,0,6.154012203216553,0.0,13.662915229797363,-1.1993826627731323,7.887838363647461,4.440835787251568,778706.5,7.591602325439453,0.0,52.97629165649414,205.06105041503906,1057.2265625,42.298851013183594,71.07357788085938,9.808570007203834,102.63919830322266,10054.915563159739,97.96369934082031,72.2988510131836,POINT (148000 450000),7550.540770092695
119000.0,458000.0,0,9.999999974752427e-07,0.0,15.374067306518555,-0.025512855499982834,29670884.0,-10.137002998183625,0.12653639912605286,-0.6602367758750916,0.0,84.35420227050781,13.610153198242188,332.2265625,73.66210174560547,71.21623992919922,0.21939731965499834,71.0823974609375,224.67724048451055,3.160799980163574,103.66210174560547,POINT (119000 458000),7573.0257712942375
147000.0,461000.0,0,7.210236072540283,0.0,14.591707229614258,-1.4117103815078735,7.53183650970459,6.07998650730207,912357.25,7.485279560089111,0.0,54.235748291015625,240.04965209960938,1034.5703125,45.899505615234375,74.75983428955078,10.864508079765896,128.62899780273438,11303.06709602708,87.87339782714844,75.89950561523438,POINT (147000 461000),7579.043074218745
124000.0,447000.0,0,0.46661049127578735,0.0,13.316045761108398,-0.11986254155635834,59.024139404296875,-7.815264513417256,59043.20703125,3.8334810733795166,0.0,73.37679290771484,28.962987899780273,445.5078125,65.43134307861328,81.15953826904297,0.6040607900588134,86.30370330810547,658.5922056562522,7.631100177764893,95.43134307861328,POINT (124000 447000),7582.204547133981
127000.0,469000.0,0,3.4747791290283203,0.0,13.46838092803955,-0.7145498991012573,11.234248161315918,-1.4652405241918356,439686.03125,6.488917827606201,0.0,63.26551818847656,123.5100326538086,717.3828125,52.728271484375,79.97602081298828,3.8534603317678946,134.5928955078125,4007.7591011149343,29.776899337768555,82.728271484375,POINT (127000 469000),7584.8885663964775
146000.0,462000.0,0,6.524410247802734,0.0,14.745248794555664,-1.2991548776626587,8.043163299560547,4.361893720503474,825575.375,7.115800380706787,0.0,58.00025177001953,219.97293090820312,977.9296875,49.641204833984375,78.24762725830078,8.661679920812954,131.1240997314453,9009.444735930883,68.70929718017578,79.64120483398438,POINT (146000 462000),7596.118007262463
119000.0,461000.0,0,0.07065138220787048,0.0,16.197669982910156,-0.049098700284957886,448.38568115234375,-10.581720050562662,8939.9716796875,0.8521568775177002,0.0,87.66604614257812,19.55753517150879,366.2109375,77.63215637207031,81.19171905517578,0.30061664967686935,80.9312973022461,305.6289583564467,3.776400089263916,107.63215637207031,POINT (119000 461000),7596.591295094225
146000.0,448000.0,0,4.25139045715332,0.0,13.147398948669434,-0.8503979444503784,9.64083480834961,0.5216803249118328,537955.625,7.021494388580322,0.0,58.08623123168945,146.1090545654297,909.9609375,46.58454895019531,74.61345672607422,5.67495946511427,98.1272964477539,5778.392635987111,58.88669967651367,76.58454895019531,POINT (146000 448000),7601.473792069842
119000.0,457000.0,0,9.999999974752427e-07,0.0,16.22123146057129,-0.017500203102827072,31128376.0,-10.634952629658205,0.12653639912605286,-5.114114761352539,0.0,88.04818725585938,8.94400691986084,275.5859375,77.5504150390625,61.298072814941406,0.12737177689239051,68.1636962890625,130.75842081451265,1.9183000326156616,107.5504150390625,POINT (119000 457000),7617.211885440063
129000.0,442000.0,0,0.5918309092521667,0.0,12.673100471496582,-0.1427229940891266,45.20095443725586,-7.117562612805008,74888.1484375,4.38402795791626,0.0,69.89371490478516,32.57463836669922,411.5234375,65.09590911865234,82.80521392822266,0.6930170720523532,107.32890319824219,715.9267312061347,6.670400142669678,95.09590911865234,POINT (129000 442000),7621.168700715486
139000.0,444000.0,0,0.24975381791591644,0.0,12.812106132507324,-0.07070153951644897,102.73358917236328,-7.912767766589091,31602.947265625,3.170027494430542,0.0,71.77606201171875,19.951580047607422,366.2109375,59.18968963623047,71.35580444335938,0.43501288635507196,83.78720092773438,438.9192619682435,5.238500118255615,89.18968963623047,POINT (139000 444000),7631.3299982541275
123000.0,467000.0,0,1.121927261352539,0.0,11.778945922851562,-0.24091562628746033,23.980093002319336,-5.358632973241523,141964.640625,5.778463840484619,0.0,63.446258544921875,47.002079010009766,468.1640625,52.959259033203125,76.05680084228516,1.2973667130451543,119.59200286865234,1338.0431970126228,11.188400268554688,82.95925903320312,POINT (123000 467000),7646.664441434929
122000.0,449000.0,0,9.999999974752427e-07,0.0,12.622013092041016,-0.01405008789151907,24229670.0,-8.278021606811107,0.12653639912605286,-1.485058069229126,0.0,71.78144073486328,8.807960510253906,275.5859375,62.38495635986328,57.93455123901367,0.17122833702324994,74.04329681396484,188.74376214644144,2.549099922180176,92.38495635986328,POINT (122000 449000),7648.024405925795
140000.0,467000.0,0,5.788973331451416,0.0,15.109614372253418,-1.1791666746139526,8.79390811920166,2.3853997098341524,732515.8125,6.664336204528809,0.0,62.97645950317383,198.6576385498047,898.6328125,53.836395263671875,82.07421112060547,6.667771049121228,138.6383056640625,6923.9574791514315,49.94260025024414,83.83639526367188,POINT (140000 467000),7648.684816709257
142000.0,466000.0,0,6.239941596984863,0.0,14.943737030029297,-1.2552709579467773,8.337711334228516,3.543775566698742,789579.75,6.90643310546875,0.0,60.321510314941406,211.80523681640625,932.6171875,51.04265594482422,79.51304626464844,7.788398167116278,137.1190948486328,8087.6408836685005,58.982601165771484,81.04265594482422,POINT (142000 466000),7666.951019075989
120000.0,464000.0,0,0.12634845077991486,0.0,14.926496505737305,-0.05548438802361488,232.57798767089844,-9.607963871649645,15987.677734375,1.561121940612793,0.0,81.98673248291016,19.658416748046875,343.5546875,72.69609069824219,79.00177001953125,0.32810152228688744,95.90509796142578,334.3539422180511,3.486299991607666,102.69609069824219,POINT (120000 464000),7683.412760364677
119000.0,456000.0,0,9.999999974752427e-07,0.0,15.177303314208984,-0.011979298666119576,29042278.0,-9.922240840969241,0.12653639912605286,-8.103074073791504,0.0,83.56192016601562,6.451054096221924,241.6015625,73.29793548583984,51.56995391845703,0.09466879069656066,65.56929779052734,97.43597270228656,1.4859999418258667,103.29793548583984,POINT (119000 456000),7705.010035314369
133000.0,441000.0,0,0.280538409948349,0.0,11.400199890136719,-0.07246021181344986,82.0226821899414,-6.903047453788608,35498.3203125,3.7907769680023193,0.0,64.66690826416016,20.034042358398438,343.5546875,59.989295959472656,73.5516586303711,0.46198884945361784,95.1001968383789,465.0114263859432,4.889699935913086,89.98929595947266,POINT (133000 441000),7719.6769957550405
138000.0,468000.0,0,5.878531455993652,0.0,15.111613273620605,-1.1953598260879517,8.71248722076416,2.5858279274877014,743848.1875,6.696746826171875,0.0,62.624752044677734,201.39146423339844,909.9609375,53.54467010498047,81.82091522216797,6.848721447061454,139.47120666503906,7112.598991046834,50.99689865112305,83.54467010498047,POINT (138000 468000),7720.174367844165
121000.0,451000.0,0,9.999999974752427e-07,0.0,13.479887008666992,-0.008626654744148254,25756284.0,-8.79958665053274,0.12653639912605286,-8.991876602172852,0.0,75.90225982666016,5.114382743835449,207.6171875,66.10343933105469,44.993892669677734,0.08198640399461678,69.2041015625,88.64353379700333,1.280900001525879,96.10343933105469,POINT (121000 451000),7724.307366201578
132000.0,441000.0,0,0.3439757525920868,0.0,12.069559097290039,-0.08889757096767426,71.49091339111328,-7.2263329961925304,43525.44921875,3.786243438720703,0.0,67.8089370727539,23.460670471191406,366.2109375,64.06320190429688,78.3160629272461,0.5042085183763488,99.87300109863281,509.66189422871685,5.103099822998047,94.06320190429688,POINT (132000 441000),7734.378646010786
131000.0,469000.0,0,6.221095561981201,0.0,15.000353813171387,-1.2535804510116577,8.375128746032715,3.453544422270298,787195.0,6.8730387687683105,0.0,60.6966438293457,211.4179229736328,932.6171875,51.48223876953125,79.93053436279297,7.684488771877827,139.06419372558594,7997.178377016156,57.50709915161133,81.48223876953125,POINT (131000 469000),7738.032585585843
140000.0,444000.0,0,0.2584299147129059,0.0,12.244305610656738,-0.06966124475002289,95.03714752197266,-7.508111372138435,32700.791015625,3.4810616970062256,0.0,68.98461151123047,19.19930076599121,354.8828125,55.46825408935547,68.51428985595703,0.4479307884833383,82.77680206298828,451.86199377601224,5.458799839019775,85.46825408935547,POINT (140000 444000),7770.109065732784
145000.0,447000.0,0,1.0017603635787964,0.0,12.306974411010742,-0.22075827419757843,27.478260040283203,-5.981929268963804,126759.1484375,5.411275386810303,0.0,66.52276611328125,43.84656524658203,502.1484375,54.612937927246094,76.77131652832031,1.1580746823741526,94.96710205078125,1175.9491313762264,12.382699966430664,84.6129379272461,POINT (145000 447000),7776.988029079812
149000.0,458000.0,0,7.362180233001709,0.0,14.3074312210083,-1.426522970199585,7.340991020202637,6.688141803044914,931583.75,7.729842662811279,0.0,51.81249237060547,243.59901428222656,1068.5546875,43.205116271972656,72.17157745361328,12.069234832298198,120.86029815673828,12561.651677487418,103.935302734375,73.20511627197266,POINT (149000 458000),7798.7611567260665
138000.0,443000.0,0,9.999999974752427e-07,0.0,17.06401252746582,-0.022967176511883736,32831548.0,-11.216838409983463,0.12653639912605286,-3.5236976146698,0.0,91.5824966430664,11.285103797912598,275.5859375,81.22480010986328,68.73406982421875,0.15130909816125113,81.23789978027344,152.62164377372028,1.8787000179290771,111.22480010986328,POINT (138000 443000),7800.0939749655945
120000.0,453000.0,0,9.999999974752427e-07,0.0,11.92772102355957,-0.0061081103049218655,22761790.0,-7.776522933028399,0.12653639912605286,-9.427620887756348,0.0,68.4425048828125,4.015903472900391,196.2890625,58.373268127441406,38.81402587890625,0.07349034281027436,65.40689849853516,77.11473463968741,1.1790000200271606,88.3732681274414,POINT (120000 453000),7800.682105788263
148000.0,460000.0,0,6.9862895011901855,0.0,14.519320487976074,-1.3712247610092163,7.644399642944336,5.622473339624619,884019.875,7.429533958435059,0.0,54.7554931640625,233.1486053466797,1023.2421875,46.493675231933594,75.30135345458984,10.292634694291172,125.74420166015625,10710.337589610368,85.17559814453125,76.4936752319336,POINT (148000 460000),7821.942154060538
134000.0,441000.0,0,0.1767171174287796,0.0,10.97903060913086,-0.04930056631565094,123.2164077758789,-6.835451432520134,22361.146484375,3.258357524871826,0.0,62.896419525146484,15.591086387634277,309.5703125,57.13505554199219,68.08216094970703,0.3704942939267271,89.69550323486328,372.05692620421905,4.1479997634887695,87.13505554199219,POINT (134000 441000),7833.65896613527
144000.0,446000.0,0,1.25368070602417,0.0,15.01076889038086,-0.29426899552345276,27.156375885009766,-7.348381737984019,158636.234375,4.657598972320557,0.0,78.5301513671875,56.794471740722656,592.7734375,66.07972717285156,87.74128723144531,1.1877382954025375,91.25910186767578,1203.2603476911536,13.185099601745605,96.07972717285156,POINT (144000 446000),7842.982705650809
126000.0,444000.0,0,0.36561015248298645,0.0,14.142989158630371,-0.10411261022090912,78.81231689453125,-8.59535193301778,46262.9921875,3.135260581970215,0.0,77.62153625488281,27.36317253112793,411.5234375,71.43325805664062,84.53214263916016,0.5018347555033681,97.49469757080078,535.5188978011029,5.492800235748291,101.43325805664062,POINT (126000 444000),7845.320522543595
119000.0,462000.0,0,0.14143013954162598,0.0,15.634774208068848,-0.06232130527496338,218.1959228515625,-10.059894470603012,17896.060546875,1.5534778833389282,0.0,85.02227783203125,21.332571029663086,377.5390625,75.34307098388672,81.86646270751953,0.3451388072588302,84.34819793701172,350.6439105686768,4.157100200653076,105.34307098388672,POINT (119000 462000),7862.873337887631
126000.0,469000.0,0,2.8199455738067627,0.0,12.351799011230469,-0.5731373429298401,12.146265983581543,-2.067776017085624,356825.75,6.706021785736084,0.0,59.88014221191406,100.82588958740234,660.7421875,49.04328918457031,76.03329467773438,3.380322404784391,132.96029663085938,3514.579411367071,26.433300018310547,79.04328918457031,POINT (126000 469000),7870.443515578899
131000.0,441000.0,0,0.42871367931365967,0.0,12.453880310058594,-0.10842408984899521,59.92060470581055,-7.3118352078268565,54247.8828125,3.9591245651245117,0.0,69.39820861816406,27.031639099121094,388.8671875,66.00617218017578,81.4558334350586,0.5655139974420468,103.52739715576172,575.0015203341027,5.554100036621094,96.00617218017578,POINT (131000 441000),7877.043427641217
127000.0,443000.0,0,0.44689422845840454,0.0,13.538406372070312,-0.11784934252500534,62.48801803588867,-8.013904403384226,56548.38671875,3.635240077972412,0.0,74.5547103881836,29.14275550842285,400.1953125,68.83049011230469,83.82952117919922,0.5621305375940853,102.11740112304688,592.4647147745127,5.801799774169922,98.83049011230469,POINT (127000 443000),7888.830994860066
149000.0,451000.0,0,4.808033466339111,0.0,14.097312927246094,-0.9733256697654724,9.381571769714355,1.0158650749586822,608391.25,6.782468318939209,0.0,61.04384994506836,165.77244567871094,943.9453125,51.196983337402344,79.23745727539062,5.874453512917419,104.09459686279297,6053.017577638617,58.149200439453125,81.19698333740234,POINT (149000 451000),7913.583068085257
124000.0,468000.0,0,1.5176584720611572,0.0,11.195596694946289,-0.3123927116394043,17.884933471679688,-4.088380460504579,192039.03125,6.471450328826904,0.0,58.81382369995117,58.259727478027344,513.4765625,47.972557067871094,73.0722885131836,1.8792981300901526,126.01080322265625,1945.6446034605615,15.440299987792969,77.9725570678711,POINT (124000 468000),7914.795771935675
119000.0,455000.0,0,9.999999974752427e-07,0.0,11.68050765991211,-0.008271604776382446,22333182.0,-7.630089748045528,0.12653639912605286,-4.445655345916748,0.0,67.18419647216797,5.540229797363281,230.2734375,56.82056427001953,45.91939926147461,0.11244946504156224,63.36130142211914,116.05889374832486,1.8316999673843384,86.82056427001953,POINT (119000 455000),7915.323298083877
144000.0,465000.0,0,6.175838947296143,0.0,14.912469863891602,-1.2430299520492554,8.377290725708008,3.423859418963849,781468.4375,6.895919322967529,0.0,60.39146423339844,209.87416076660156,932.6171875,51.56843566894531,80.01251220703125,7.641427954594385,134.881103515625,7937.496499855071,58.84809875488281,81.56843566894531,POINT (144000 465000),7985.119210375181
137000.0,442000.0,0,9.999999974752427e-07,0.0,16.588151931762695,-0.02313658595085144,31931242.0,-10.909250415734196,0.12653639912605286,-3.2126641273498535,0.0,89.59011840820312,11.621163368225098,286.9140625,81.90156555175781,70.6156997680664,0.159164325644403,79.93229675292969,160.46408039544986,2.007499933242798,111.90156555175781,POINT (137000 442000),7993.916261514978
143000.0,445000.0,0,0.4525497257709503,0.0,16.431106567382812,-0.1344699114561081,74.53540802001953,-9.978002175058318,57264.01171875,2.900797128677368,0.0,87.44190979003906,32.94804382324219,456.8359375,74.0501937866211,87.60860443115234,0.5505508069060987,87.15750122070312,556.5616752278293,6.385700225830078,104.0501937866211,POINT (143000 445000),8025.2292649725405
141000.0,444000.0,0,0.33816275000572205,0.0,12.179823875427246,-0.08562519401311874,73.15658569335938,-7.29665183008629,42789.89453125,3.9493041038513184,0.0,68.3504409790039,21.716114044189453,388.8671875,54.218231201171875,69.30670166015625,0.5307894997559692,82.50479888916016,535.4479035638469,6.4899001121521,84.21823120117188,POINT (141000 444000),8030.3849491165065
125000.0,445000.0,0,0.4278239905834198,0.0,14.0612154006958,-0.11660343408584595,67.53874206542969,-8.410168799228275,54135.3046875,3.407073974609375,0.0,77.0179214477539,29.21723747253418,434.1796875,70.32135772705078,84.67036437988281,0.5522088504154535,91.97209930419922,596.4666615117312,6.485300064086914,100.32135772705078,POINT (125000 445000),8041.505439897843
145000.0,464000.0,0,5.723953723907471,0.0,14.994780540466309,-1.1642649173736572,8.806653022766113,2.3336840273474158,724288.4375,6.691242694854736,0.0,62.571048736572266,196.50680541992188,909.9609375,54.167510986328125,82.39031219482422,6.6078149909778,133.45919799804688,6866.689154418185,51.45159912109375,84.16751098632812,POINT (145000 464000),8041.631848328777
139000.0,468000.0,0,5.976165771484375,0.0,15.075170516967773,-1.2120682001113892,8.611254692077637,2.8354662190282345,756202.5,6.74627685546875,0.0,62.075477600097656,204.26808166503906,909.9609375,53.044532775878906,81.37065887451172,7.057901780025885,138.8054962158203,7327.556039338,52.79010009765625,83.0445327758789,POINT (139000 468000),8059.662391578082
121000.0,450000.0,0,9.999999974752427e-07,0.0,14.036362648010254,-0.00795506127178669,26800188.0,-9.156234654154606,0.12653639912605286,-12.060330390930176,0.0,78.4782485961914,4.561409950256348,196.2890625,68.77293395996094,42.274696350097656,0.06750422378167613,68.402099609375,74.14787538946257,1.0839999914169312,98.77293395996094,POINT (121000 450000),8061.854815931957
135000.0,441000.0,0,0.11570270359516144,0.0,10.303854942321777,-0.03411154821515083,174.63986206054688,-6.508152746898276,14640.603515625,2.9420056343078613,0.0,59.56723403930664,12.163117408752441,286.9140625,52.43402862548828,61.58449935913086,0.3132710738045115,84.2885971069336,314.4976118212526,3.7311999797821045,82.43402862548828,POINT (135000 441000),8070.874343999753
132000.0,469000.0,0,6.74991512298584,0.0,14.940635681152344,-1.3451427221298218,7.9577956199646,4.709521049564508,854109.9375,7.098886489868164,0.0,58.30459976196289,227.2252655029297,955.2734375,49.200904846191406,77.85240936279297,8.968421536767083,139.61459350585938,9332.384288153611,66.84390258789062,79.2009048461914,POINT (132000 469000),8090.970382365913
121000.0,466000.0,0,0.026140425354242325,0.0,13.226866722106934,-0.025451745837926865,979.0555419921875,-8.654471659361011,3307.71533203125,0.5700794458389282,0.0,74.5908432006836,12.899928092956543,264.2578125,65.0612564086914,67.03246307373047,0.23449868886520678,108.17769622802734,240.51146987791435,2.223299980163574,95.0612564086914,POINT (121000 466000),8102.8317383323765
134000.0,469000.0,0,7.553653717041016,0.0,14.87378215789795,-1.4804223775863647,7.431723117828369,6.627933064312748,955812.0625,7.462578296661377,0.0,54.590843200683594,251.06182861328125,1011.9140625,45.37762451171875,74.28826904296875,11.439067729575957,140.0458984375,11889.686503350735,84.89849853515625,75.37762451171875,POINT (134000 469000),8140.143137562716
130000.0,441000.0,0,0.4168146252632141,0.0,12.759324073791504,-0.10775855928659439,62.992454528808594,-7.546336997916197,52742.21875,3.7836368083953857,0.0,70.94812774658203,27.193832397460938,377.5390625,67.64379119873047,82.5967025756836,0.5445155551063865,105.65260314941406,557.1061514188332,5.2729997634887695,97.64379119873047,POINT (130000 441000),8140.946706742634
128000.0,442000.0,0,0.48365041613578796,0.0,13.067421913146973,-0.12293572723865509,56.088321685791016,-7.6155569874050295,61199.37890625,3.91784405708313,0.0,72.1883316040039,29.702024459838867,400.1953125,67.36612701416016,83.26583099365234,0.596896678369671,105.21050262451172,621.573113364735,5.907899856567383,97.36612701416016,POINT (128000 442000),8143.059160158634
135000.0,469000.0,0,5.632317066192627,0.0,13.13817024230957,-1.0977500677108765,8.101536750793457,3.6531582852259215,712693.0625,7.590688228607178,0.0,52.76108932495117,188.47943115234375,875.9765625,43.282386779785156,71.93941497802734,8.488673898141895,139.9582061767578,8816.65316726052,62.99489974975586,73.28238677978516,POINT (135000 469000),8145.281974177912
143000.0,466000.0,0,6.203754425048828,0.0,14.926840782165527,-1.2483649253845215,8.360198020935059,3.475563615227151,785000.75,6.90045166015625,0.0,60.36507797241211,210.70352172851562,932.6171875,51.282745361328125,79.73937225341797,7.71054704535152,135.94110107421875,8005.13627557992,58.88679885864258,81.28274536132812,POINT (143000 466000),8166.731487402745
148000.0,449000.0,0,6.13603401184082,0.0,13.496838569641113,-1.1908708810806274,7.83342170715332,4.541939376822531,776431.5625,7.69087553024292,0.0,52.0220832824707,203.88040161132812,1068.5546875,40.57276153564453,69.39452362060547,10.19837714032012,99.75990295410156,10442.737283377792,104.67870330810547,70.57276153564453,POINT (148000 449000),8168.700063818806
150000.0,454000.0,0,6.076501846313477,0.0,14.030571937561035,-1.1979397535324097,8.098856925964355,3.9468229979965566,768898.625,7.330893039703369,0.0,55.54801940917969,204.17300415039062,1023.2421875,46.579856872558594,75.2059097290039,8.714014044734489,110.31079864501953,9058.226540990348,82.1155014038086,76.5798568725586,POINT (150000 454000),8173.428803539957
119000.0,463000.0,0,0.1541873961687088,0.0,15.13664436340332,-0.06267134100198746,194.05149841308594,-9.695438987110135,19510.318359375,1.7467538118362427,0.0,82.81147766113281,21.013154983520508,366.2109375,73.45094299316406,80.65763854980469,0.350701792282482,87.83460235595703,356.47671724359316,4.058499813079834,103.45094299316406,POINT (119000 463000),8180.8803181612475
150000.0,455000.0,0,6.989948272705078,0.0,14.0055570602417,-1.3529115915298462,7.451477527618408,6.086136105110282,884482.875,7.756404399871826,0.0,51.49238204956055,231.42144775390625,1079.8828125,42.371726989746094,71.30619049072266,11.596371745227131,112.72540283203125,12066.983808809426,107.04759979248047,72.3717269897461,POINT (150000 455000),8190.7230202672135
147000.0,448000.0,0,5.300199508666992,0.0,13.569755554199219,-1.0477306842803955,8.585962295532227,2.560545043023706,670668.125,7.271523475646973,0.0,56.018280029296875,178.87002563476562,1011.9140625,44.228782653808594,72.7133560180664,7.718152202055896,97.68779754638672,7876.469213721575,80.62899780273438,74.2287826538086,POINT (147000 448000),8192.284765435079
149000.0,459000.0,0,7.3564629554748535,0.0,14.36885929107666,-1.4280691146850586,7.36651086807251,6.618808394040718,930860.3125,7.685194492340088,0.0,52.25050735473633,243.65499877929688,1057.2265625,43.725242614746094,72.67586517333984,11.860677732465692,122.49710083007812,12345.870755757205,100.78500366210938,73.7252426147461,POINT (149000 459000),8195.204587687525
123000.0,447000.0,0,0.14254699647426605,0.0,12.507613182067871,-0.047862447798252106,172.92266845703125,-7.934486057442427,18037.3828125,2.351795196533203,0.0,70.67027282714844,16.347328186035156,354.8828125,62.30540466308594,70.77613830566406,0.3458251368979321,79.58090209960938,381.4949187099264,4.793799877166748,92.30540466308594,POINT (123000 447000),8204.854071811225
120000.0,465000.0,0,0.09282229095697403,0.0,13.74617862701416,-0.042427778244018555,289.7882995605469,-8.872807652520919,11745.3984375,1.4750195741653442,0.0,76.77508544921875,16.39896583557129,298.2421875,67.41288757324219,72.93659973144531,0.2933319282249702,99.80770111083984,299.56283350489684,3.0013999938964844,97.41288757324219,POINT (120000 465000),8218.750106535044
141000.0,467000.0,0,6.192686557769775,0.0,14.980633735656738,-1.247936487197876,8.390329360961914,3.4056134509533402,783600.25,6.871758460998535,0.0,60.696006774902344,210.51441955566406,932.6171875,51.55345916748047,79.99411010742188,7.638841689360854,137.71339416503906,7929.867923840939,57.582401275634766,81.55345916748047,POINT (141000 467000),8219.231797303568
122000.0,467000.0,0,0.0418008491396904,0.0,10.668890953063965,-0.019490407779812813,493.3839416503906,-6.903297224458382,5289.3291015625,1.434541940689087,0.0,61.8451042175293,9.44705867767334,218.9453125,51.486328125,55.74272918701172,0.22006598804940575,116.15979766845703,226.80200328598312,1.9524999856948853,81.486328125,POINT (122000 467000),8231.88380905508
122000.0,448000.0,0,9.999999974752427e-07,0.0,12.219341278076172,-0.015415645204484463,23490864.0,-8.025609809400756,0.12653639912605286,-0.1380164921283722,0.0,69.81100463867188,9.936803817749023,286.9140625,60.641334533691406,60.21245193481445,0.20396095868458353,73.38670349121094,226.69885724427877,3.089099884033203,90.6413345336914,POINT (122000 448000),8235.341893282022
119000.0,454000.0,0,9.999999974752427e-07,0.0,11.557852745056152,-0.0058199139311909676,22054106.0,-7.53474391331477,0.12653639912605286,-8.863800048828125,0.0,66.59124755859375,3.932793140411377,196.2890625,56.53541564941406,38.3154296875,0.07500555021873741,61.45859909057617,77.80658844146001,1.2660000324249268,86.53541564941406,POINT (119000 454000),8240.378594671181
133000.0,469000.0,0,7.154469966888428,0.0,14.907620429992676,-1.413804054260254,7.679895877838135,5.671058796569887,905300.8125,7.278833389282227,0.0,56.43812561035156,239.27325439453125,989.2578125,47.411415100097656,76.19816589355469,10.132331070227638,139.9376983642578,10539.142251611105,75.31310272216797,77.41141510009766,POINT (133000 469000),8257.01169680358
147000.0,462000.0,0,6.889227867126465,0.0,14.658247947692871,-1.359621524810791,7.758651256561279,5.275446329678616,871738.0625,7.307266712188721,0.0,56.01924133300781,230.70535278320312,1000.5859375,47.81901550292969,76.56453704833984,9.728583263693782,129.4499969482422,10119.184046796872,78.17060089111328,77.81901550292969,POINT (147000 462000),8261.624172434222
125000.0,469000.0,0,2.1311116218566895,0.0,11.28616714477539,-0.4295165240764618,13.852962493896484,-2.805305798039603,269663.1875,6.869007110595703,0.0,56.8433837890625,77.40233612060547,581.4453125,45.89080810546875,72.37500762939453,2.7389289446606995,131.160400390625,2846.8234717040323,21.70490074157715,75.89080810546875,POINT (125000 469000),8267.699136394154
136000.0,469000.0,0,7.71376895904541,0.0,14.286625862121582,-1.4857233762741089,7.145889759063721,7.521709998994947,976072.5,7.876599311828613,0.0,50.502811431884766,253.89891052246094,1011.9140625,40.71428680419922,69.78326416015625,13.353878858637785,139.69729614257812,13859.759773132391,99.21279907226562,70.71428680419922,POINT (136000 469000),8272.200830354994
150000.0,453000.0,0,5.6724066734313965,0.0,13.997050285339355,-1.1260939836502075,8.425920486450195,3.050515510279155,717765.875,7.179746627807617,0.0,57.02138900756836,191.8408966064453,1000.5859375,47.78504180908203,76.26390838623047,7.7680445560934555,107.77079772949219,8063.993189193425,74.82540130615234,77.78504180908203,POINT (150000 453000),8277.797606751325
150000.0,456000.0,0,7.705034255981445,0.1716703474521637,14.07682991027832,-1.4854822158813477,7.10170316696167,7.629510131075943,974967.25,7.812601566314697,5.672558784484863,48.62004852294922,252.75918579101562,1113.8671875,39.38689422607422,68.5010757446289,14.31263300667692,114.98359680175781,14904.334670961834,129.62139892578125,69.38689422607422,POINT (150000 456000),8323.694512309798
146000.0,463000.0,0,5.972726821899414,0.0,14.884370803833008,-1.2059717178344727,8.536325454711914,2.986732919160998,755767.3125,6.833088397979736,0.0,60.9941291809082,203.78662109375,932.6171875,52.84930419921875,81.2044677734375,7.197417222071757,131.65260314941406,7483.278620970959,56.84109878540039,82.84930419921875,POINT (146000 463000),8332.275500981475
148000.0,461000.0,0,7.283309459686279,0.0,14.531095504760742,-1.4217650890350342,7.466482639312744,6.304227570808589,921603.75,7.554059982299805,0.0,53.54463577270508,242.03834533691406,1045.8984375,45.23035430908203,74.1241683959961,11.231997234480724,126.85420227050781,11685.390395186841,92.11669921875,75.23035430908203,POINT (148000 461000),8366.320523811857
120000.0,452000.0,0,9.999999974752427e-07,0.0,12.89515209197998,-0.005777174141258001,24592376.0,-8.401939487000924,0.12653639912605286,-14.114575386047363,0.0,73.15711212158203,3.553534507751465,184.9609375,63.32695770263672,36.2607307434082,0.056657551057901503,64.01319885253906,60.45406579606333,0.9444000124931335,93.32695770263672,POINT (120000 452000),8368.098202813506
124000.0,446000.0,0,0.2886653542518616,0.0,13.262377738952637,-0.08252096176147461,92.61844635009766,-8.147998449127659,36526.67578125,3.1127593517303467,0.0,73.764404296875,22.929014205932617,400.1953125,66.28571319580078,78.57057189941406,0.46078082081094046,85.90969848632812,503.31057154653536,5.85860013961792,96.28571319580078,POINT (124000 446000),8382.806895511387
149000.0,450000.0,0,4.768257141113281,0.0,13.946542739868164,-0.962158203125,9.35566520690918,1.0496643993736625,603358.0625,6.845663547515869,0.0,60.34038543701172,163.99444580078125,955.2734375,49.743011474609375,77.82469940185547,6.001517511209579,101.31590270996094,6173.765447072568,60.93579864501953,79.74301147460938,POINT (149000 450000),8387.001358488444
129000.0,470000.0,0,5.4036993980407715,0.0,14.70378589630127,-1.0983474254608154,8.996476173400879,1.8526700510274052,683764.625,6.704681873321533,0.0,62.31037521362305,185.7272186279297,875.9765625,52.66778564453125,80.8360824584961,6.311146845345987,137.80099487304688,6576.166428945027,47.722198486328125,82.66778564453125,POINT (129000 470000),8395.511469825626
142000.0,444000.0,0,0.5449084043502808,0.0,12.199935913085938,-0.1277923583984375,46.928245544433594,-6.874821611476708,68950.75,4.666803359985352,0.0,67.67724609375,28.570539474487305,434.1796875,53.38468933105469,71.86823272705078,0.730483211772257,82.87239837646484,737.2660423465422,8.896400451660156,83.38468933105469,POINT (142000 444000),8401.615615337225
128000.0,470000.0,0,4.1498637199401855,0.0,14.241775512695312,-0.8561255931854248,10.403409957885742,-0.5719521346273542,525108.8125,6.431262016296387,0.0,64.68399047851562,146.18557739257812,785.3515625,54.69319152832031,82.23529052734375,4.487201947603464,136.97230529785156,4676.60435484536,34.1427001953125,84.69319152832031,POINT (128000 470000),8420.092600870821
136000.0,441000.0,0,0.15132547914981842,0.0,9.49071216583252,-0.03832298144698143,123.85078430175781,-5.886095843891725,19148.181640625,3.947951555252075,0.0,54.94716262817383,12.093435287475586,298.2421875,46.535545349121094,58.5236930847168,0.3631478613930967,79.50129699707031,365.04611154757004,4.591700077056885,76.5355453491211,POINT (136000 441000),8420.915185153892
118000.0,459000.0,0,0.12873747944831848,0.0,14.509794235229492,-0.05342613905668259,221.81504821777344,-9.316247861841308,16289.9765625,1.6941136121749878,0.0,80.0655746459961,18.764278411865234,388.8671875,69.76555633544922,76.48201751708984,0.33970042532374567,69.93789672851562,347.6263151555031,4.9704999923706055,99.76555633544922,POINT (118000 459000),8446.267423603726
118000.0,460000.0,0,0.2048807591199875,0.0,14.573978424072266,-0.0705265998840332,141.5457763671875,-9.207830390864252,25924.873046875,2.258124828338623,0.0,80.09268951416016,21.706228256225586,411.5234375,70.04500579833984,79.29412078857422,0.3964361741074116,73.36489868164062,404.5267003996705,5.513899803161621,100.04500579833984,POINT (118000 460000),8453.318483394616
146000.0,447000.0,0,1.0096007585525513,0.0,10.755786895751953,-0.2107306718826294,24.160539627075195,-4.884371623991271,127751.2421875,6.228907585144043,0.0,58.3717155456543,41.29789733886719,490.8203125,45.969459533691406,69.49263000488281,1.3597438433209037,95.02339935302734,1383.5407344534833,14.5600004196167,75.9694595336914,POINT (146000 447000),8455.73170242091
123000.0,468000.0,0,0.8644057512283325,0.0,10.988119125366211,-0.18471087515354156,28.16190528869629,-5.36362346037262,109378.7890625,5.852323055267334,0.0,60.28569412231445,37.435569763183594,422.8515625,49.46907043457031,71.73497772216797,1.1020541672368402,123.29949951171875,1140.6066797567764,9.250699996948242,79.46907043457031,POINT (123000 468000),8466.130494592064
145000.0,446000.0,0,1.2540888786315918,0.0,13.91563606262207,-0.28455162048339844,25.343521118164062,-6.5740437027043095,158687.890625,5.0403008460998535,0.0,73.45106506347656,54.72943115234375,570.1171875,61.069190979003906,83.44523620605469,1.2684044396994896,91.74919891357422,1287.066938539494,14.02810001373291,91.0691909790039,POINT (145000 446000),8484.373974917773
137000.0,469000.0,0,6.101870536804199,0.0,15.060410499572754,-1.2341381311416626,8.497417449951172,3.1324240095622295,772108.6875,6.799921989440918,0.0,61.49772262573242,208.0178985595703,921.2890625,52.42210388183594,80.805419921875,7.344391828604688,139.2845001220703,7617.873461159412,54.692901611328125,82.42210388183594,POINT (137000 469000),8488.631851528105
130000.0,470000.0,0,6.17995548248291,0.0,14.9611234664917,-1.2450469732284546,8.39280891418457,3.393376881082928,781989.3125,6.876919746398926,0.0,60.6383056640625,210.04110717773438,932.6171875,51.34834289550781,79.79119110107422,7.648450444496577,138.4705047607422,7967.136057763302,57.53670120239258,81.34834289550781,POINT (130000 470000),8489.479740991654
150000.0,457000.0,0,7.780566692352295,0.10835884511470795,14.14299488067627,-1.4958821535110474,7.074094295501709,7.777692759554011,984524.875,7.895791053771973,5.7083964347839355,48.764564514160156,255.25994873046875,1113.8671875,39.61675262451172,68.7332763671875,14.393393272940921,117.05719757080078,14993.118327769102,128.0836944580078,69.61675262451172,POINT (150000 457000),8492.420586600676
150000.0,452000.0,0,5.343545436859131,0.0,13.942581176757812,-1.0660152435302734,8.713265419006348,2.3490795072850226,676153.0,7.076597213745117,0.0,58.02410888671875,181.63418579101562,989.2578125,48.29057312011719,76.64881134033203,7.134041834702681,105.13990020751953,7395.088582985161,70.33570098876953,78.29057312011719,POINT (150000 452000),8499.348682701477
140000.0,468000.0,0,6.0803399085998535,0.0,15.027573585510254,-1.2293461561203003,8.502402305603027,3.1110158130444283,769384.25,6.806857585906982,0.0,61.40174102783203,207.28741455078125,921.2890625,52.40544891357422,80.78638458251953,7.325839552839498,138.0133056640625,7602.573376735672,55.08580017089844,82.40544891357422,POINT (140000 468000),8503.835808769956
121000.0,449000.0,0,9.999999974752427e-07,0.0,13.591108322143555,-0.00847606360912323,25964618.0,-8.870763602806663,0.12653639912605286,-9.648690223693848,0.0,76.41294860839844,4.991518020629883,218.9453125,66.78955841064453,44.485687255859375,0.08026646659290242,67.72149658203125,89.4533223551698,1.3208999633789062,96.78955841064453,POINT (121000 449000),8504.23905230648
139000.0,443000.0,0,9.999999974752427e-07,0.0,16.068803787231445,-0.024180486798286438,30964846.0,-10.579082886815678,0.12653639912605286,-1.700053095817566,0.0,87.38233947753906,12.452366828918457,298.2421875,75.44913482666016,69.23101043701172,0.1866709008904139,79.4219970703125,188.2142558679334,2.369800090789795,105.44913482666016,POINT (139000 443000),8504.650482553663
129000.0,441000.0,0,0.3978719413280487,0.0,13.013813972473145,-0.10526978224515915,67.08809661865234,-7.76011395679171,50345.28125,3.6113195419311523,0.0,72.24264526367188,26.993061065673828,377.5390625,68.85591888427734,83.251220703125,0.525905234745817,105.84410095214844,541.6677672373407,5.117599964141846,98.85591888427734,POINT (129000 441000),8514.82315747672
126000.0,443000.0,0,0.29613199830055237,0.0,14.324918746948242,-0.09053199738264084,97.60545349121094,-8.863305382556355,37471.4765625,2.757854461669922,0.0,78.70164489746094,25.406566619873047,388.8671875,73.11614990234375,84.55198669433594,0.44690551540757645,96.87940216064453,475.5325643533688,4.9085001945495605,103.11614990234375,POINT (126000 443000),8543.131885607014
118000.0,458000.0,0,9.999999974752427e-07,0.0,15.520398139953613,-0.02430126629769802,29925886.0,-10.224123992278468,0.12653639912605286,-1.2031773328781128,0.0,84.99185180664062,12.866551399230957,332.2265625,74.7787094116211,70.40201568603516,0.2040298162595815,66.6322021484375,209.41169108872418,3.1428000926971436,104.7787094116211,POINT (118000 458000),8556.884561588871
127000.0,470000.0,0,3.2212109565734863,0.0,13.42939567565918,-0.6660096645355225,11.811657905578613,-1.9937678982682763,407600.4375,6.39225435256958,0.0,64.03013610839844,115.662109375,694.7265625,53.6766357421875,80.67135620117188,3.4923528791884433,135.99769592285156,3640.5221997243643,26.768999099731445,83.6766357421875,POINT (127000 470000),8562.202168513979
138000.0,442000.0,0,9.999999974752427e-07,0.0,16.750288009643555,-0.022115401923656464,32219842.0,-11.007850108661199,0.12653639912605286,-3.6129164695739746,0.0,90.27745056152344,11.023661613464355,275.5859375,80.87627410888672,68.30989074707031,0.14977142032839244,77.01470184326172,150.9488185506707,1.9600000381469727,110.87627410888672,POINT (138000 442000),8566.814519307587
119000.0,464000.0,0,0.11033577471971512,0.0,14.563024520874023,-0.05011802539229393,259.16015625,-9.39234779532051,13961.4912109375,1.488071322441101,0.0,80.42013549804688,18.433338165283203,332.2265625,71.16676330566406,77.02947998046875,0.31451158195418183,91.51969909667969,320.0809997752549,3.4974000453948975,101.16676330566406,POINT (119000 464000),8569.703871640673
142000.0,467000.0,0,6.322991371154785,0.0,14.924741744995117,-1.2693743705749512,8.2645263671875,3.74903773829956,800088.5,6.947590351104736,0.0,59.8688850402832,214.2900848388672,943.9453125,50.759788513183594,79.26364135742188,7.995242635120205,136.66909790039062,8297.2631819034,60.710601806640625,80.7597885131836,POINT (142000 467000),8571.413920481915
118000.0,461000.0,0,0.07096162438392639,0.0,15.931511878967285,-0.04787500202655792,438.97906494140625,-10.40013171072852,8979.2275390625,0.8839879631996155,0.0,86.51510620117188,19.156097412109375,377.5390625,76.80593872070312,80.45246124267578,0.3022846046033086,76.81690216064453,307.5748906098488,4.004000186920166,106.80593872070312,POINT (118000 461000),8577.74756986778
118000.0,457000.0,0,9.999999974752427e-07,0.0,14.416814804077148,-0.018549082800745964,27722166.0,-9.471226849876892,0.12653639912605286,-1.8893463611602783,0.0,80.12462615966797,10.417562484741211,309.5703125,69.99767303466797,63.75308609008789,0.17761120035608344,63.56129837036133,182.84043261369789,2.8766000270843506,99.99767303466797,POINT (118000 457000),8616.960691813238
125000.0,444000.0,0,0.24607481062412262,0.0,14.535672187805176,-0.08070539683103561,118.33425903320312,-9.107773151693468,31137.419921875,2.445183038711548,0.0,79.81654357910156,23.90471839904785,388.8671875,73.67621612548828,83.78033447265625,0.4142039022946939,91.51300048828125,446.62918422109215,4.880499839782715,103.67621612548828,POINT (125000 444000),8617.161393640097
144000.0,445000.0,0,0.9050925970077515,0.0,15.769073486328125,-0.22741593420505524,37.814292907714844,-8.600828048527836,114527.15625,4.013513565063477,0.0,83.09188079833984,46.858360290527344,547.4609375,70.08321380615234,89.10505676269531,0.8816813948172735,87.93689727783203,892.4803908644753,10.149100303649902,100.08321380615234,POINT (144000 445000),8627.293032688047
119000.0,453000.0,0,9.999999974752427e-07,0.0,11.767481803894043,-0.005035740789026022,22437342.0,-7.6656758326445456,0.12653639912605286,-12.242769241333008,0.0,67.65131378173828,3.3495545387268066,184.9609375,57.91233825683594,35.017887115478516,0.06012535481249923,59.7317008972168,63.24989800031244,1.058899998664856,87.91233825683594,POINT (119000 453000),8667.663232872608
138000.0,469000.0,0,6.164144039154053,0.0,15.032611846923828,-1.2445331811904907,8.434786796569824,3.296290670683711,779988.5625,6.834478855133057,0.0,61.119449615478516,209.82159423828125,921.2890625,52.01776123046875,80.43328857421875,7.496812835153718,138.73609924316406,7772.74521235947,56.02539825439453,82.01776123046875,POINT (138000 469000),8684.119777333655
120000.0,451000.0,0,9.999999974752427e-07,0.0,13.955811500549316,-0.005726022180169821,26605244.0,-9.089632372318285,0.12653639912605286,-18.642030715942383,0.0,78.12167358398438,3.298246145248413,173.6328125,68.43270874023438,34.64337158203125,0.04599742277365214,63.027400970458984,49.942912685271494,0.7924000024795532,98.43270874023438,POINT (120000 451000),8688.770271603109
149000.0,460000.0,0,7.401154518127441,0.0,14.418716430664062,-1.4373835325241089,7.3585333824157715,6.679190515523055,936515.4375,7.674591541290283,0.0,52.3624382019043,245.1600799560547,1057.2265625,43.904930114746094,72.85655212402344,11.893197545434939,123.88169860839844,12375.855601111078,99.90059661865234,73.9049301147461,POINT (149000 460000),8689.148655230403
145000.0,465000.0,0,5.782081127166748,0.0,14.985550880432129,-1.1744452714920044,8.748265266418457,2.472724515103698,731643.75,6.7178521156311035,0.0,62.27275466918945,198.26596069335938,921.2890625,53.99419403076172,82.24365234375,6.734586647892482,133.4665069580078,6994.79275700869,52.408599853515625,83.99419403076172,POINT (145000 465000),8689.382699939737
127000.0,442000.0,0,0.3331132233142853,0.0,13.780875205993652,-0.09561090916395187,83.95598602294922,-8.416749750440434,42150.9453125,3.0896856784820557,0.0,76.07400512695312,25.88316535949707,388.8671875,71.29096221923828,83.89390563964844,0.47618616014536197,101.2571029663086,500.0379650205505,4.938300132751465,101.29096221923828,POINT (127000 442000),8690.492958066729
118000.0,456000.0,0,9.999999974752427e-07,0.0,11.68899154663086,-0.011389581486582756,22408046.0,-7.6556669047027945,0.12653639912605286,-1.3574243783950806,0.0,67.19865417480469,7.62701416015625,264.2578125,57.066009521484375,53.250118255615234,0.1629657702952053,60.82590103149414,168.33567646401207,2.7674999237060547,87.06600952148438,POINT (118000 456000),8695.017968293096
131000.0,470000.0,0,6.437440872192383,0.0,14.968033790588379,-1.2910592555999756,8.19383716583252,3.972367104644877,814570.5625,6.967824459075928,0.0,59.675201416015625,217.9030303955078,943.9453125,50.65491485595703,79.18915557861328,8.184591660180459,138.97149658203125,8522.06558240368,61.3223991394043,80.65491485595703,POINT (131000 470000),8698.156109512049
133000.0,440000.0,0,0.14172323048114777,0.0,12.409599304199219,-0.048709943890571594,172.72738647460938,-7.879177958405417,17933.146484375,2.263819694519043,0.0,70.23101043701172,17.07476806640625,320.8984375,67.12626647949219,75.20146942138672,0.3344248291687165,91.98030090332031,336.0040499015777,3.6530001163482666,97.12626647949219,POINT (133000 440000),8718.567196341724
132000.0,440000.0,0,0.19303728640079498,0.0,12.764251708984375,-0.06142155081033707,131.54132080078125,-8.015753891704989,24426.2421875,2.573474884033203,0.0,71.77114868164062,19.670103073120117,332.2265625,69.48023223876953,79.050048828125,0.3718070729698878,97.01940155029297,375.1837277721479,3.8671000003814697,99.48023223876953,POINT (132000 440000),8731.587145428033
150000.0,458000.0,0,7.820225238800049,1.7352047507301904e-05,14.196903228759766,-1.4973702430725098,7.054893493652344,7.86863671852255,989543.125,8.025760650634766,5.7691569328308105,49.08219909667969,256.7312316894531,1102.5390625,39.99993896484375,69.11101531982422,14.285315520503074,118.92230224609375,14878.987181408796,125.11519622802734,69.99993896484375,POINT (150000 458000),8744.929480487028
144000.0,466000.0,0,5.781823635101318,0.0,15.014469146728516,-1.1752718687057495,8.760845184326172,2.447764511609602,731611.125,6.703589916229248,0.0,62.464115142822266,198.282958984375,909.9609375,53.87760925292969,82.12540435791016,6.711330870397848,134.65269470214844,6966.297308023903,51.73529815673828,83.87760925292969,POINT (144000 466000),8747.973427452636
140000.0,443000.0,0,0.04655243083834648,0.0,14.550336837768555,-0.034382063895463943,607.3587646484375,-9.500726511300211,5890.57666015625,0.7909048795700073,0.0,80.57142639160156,15.155437469482422,320.8984375,67.47532653808594,70.47691345214844,0.2666145819420867,78.60710144042969,268.71051943218845,3.4184000492095947,97.47532653808594,POINT (140000 443000),8751.987014381242
124000.0,469000.0,0,1.3774415254592896,0.0,10.551719665527344,-0.2798541188240051,18.37288475036621,-3.940283815377876,174296.484375,6.713020324707031,0.0,55.8660888671875,52.70567321777344,479.4921875,44.840858459472656,69.94719696044922,1.8259784421095953,129.22000122070312,1897.7119816188351,14.68589973449707,74.84085845947266,POINT (124000 469000),8754.317063000715
118000.0,462000.0,0,0.13482308387756348,0.0,15.313241004943848,-0.05920897051692009,223.92567443847656,-9.85386020971654,17060.02734375,1.5610071420669556,0.0,83.63717651367188,20.564668655395508,377.5390625,74.19503784179688,80.63755798339844,0.34091885716769027,80.25289916992188,346.25112183528836,4.314499855041504,104.19503784179688,POINT (118000 462000),8814.585263246603
126000.0,470000.0,0,2.514617443084717,0.0,12.32608413696289,-0.5152455568313599,13.167848587036133,-2.721545248898864,318190.625,6.554375171661377,0.0,60.953269958496094,91.40054321289062,626.7578125,50.252098083496094,76.82881927490234,2.924782322770358,134.89430236816406,3049.8251813839597,22.608999252319336,80.2520980834961,POINT (126000 470000),8816.158604617513
134000.0,440000.0,0,0.08879448473453522,0.0,12.045626640319824,-0.035647083073854446,265.13214111328125,-7.739811813799381,11235.734375,1.7791657447814941,0.0,68.64080047607422,14.308034896850586,298.2421875,64.37792205810547,70.40027618408203,0.28872688276621783,86.33499908447266,289.3344825305958,3.351300001144409,94.37792205810547,POINT (134000 440000),8819.649303461445
150000.0,451000.0,0,5.201594829559326,0.0,13.836734771728516,-1.0376619100570679,8.809700012207031,2.115300996879816,658191.0625,7.077294826507568,0.0,57.980411529541016,176.9153594970703,989.2578125,47.64869689941406,75.98210144042969,7.000969182709943,102.45549774169922,7245.129985846637,70.71489715576172,77.64869689941406,POINT (150000 451000),8829.265136008811
120000.0,466000.0,0,0.02485642023384571,0.0,12.874006271362305,-0.02374972030520439,1001.386962890625,-8.419010016014798,3145.241943359375,0.5826588869094849,0.0,72.92835998535156,12.26710319519043,252.9296875,63.42411804199219,65.39218139648438,0.22794854011973464,104.19120025634766,233.48206478801148,2.2409000396728516,93.42411804199219,POINT (120000 466000),8835.20656132073
121000.0,467000.0,0,9.999999974752427e-07,0.0,10.99085807800293,-0.01124234776943922,21079752.0,-7.201857547402794,0.12653639912605286,-0.18949179351329803,0.0,63.69352340698242,7.942714214324951,196.2890625,53.61083221435547,53.07798767089844,0.16933026841078314,112.66230010986328,174.3336429321389,1.5473999977111816,83.61083221435547,POINT (121000 467000),8841.317992655933
146000.0,464000.0,0,5.891407489776611,0.0,14.921309471130371,-1.1923831701278687,8.622594833374023,2.772426312279224,745477.5,6.786665439605713,0.0,61.49195098876953,201.4563446044922,932.6171875,53.50001525878906,81.80838012695312,6.9935939370016085,131.92269897460938,7267.581750273472,55.089698791503906,83.50001525878906,POINT (146000 464000),8851.71186457393
148000.0,448000.0,0,5.741901397705078,0.0,13.402934074401855,-1.1202833652496338,8.108415603637695,3.7107412557177537,726559.5,7.566201686859131,0.0,53.169010162353516,191.66693115234375,1045.8984375,41.081207275390625,69.79610443115234,9.217924206566178,96.95919799804688,9431.066258129664,97.26840209960938,71.08120727539062,POINT (148000 448000),8856.898754329006
137000.0,441000.0,0,0.18720978498458862,0.0,8.948897361755371,-0.043441977351903915,95.13134002685547,-5.444991928474813,23688.8515625,4.781683444976807,0.0,51.694122314453125,12.447936058044434,309.5703125,42.17607116699219,56.543338775634766,0.4220865860877783,75.73359680175781,424.9336326325283,5.610899925231934,72.17607116699219,POINT (137000 441000),8857.287518537392
131000.0,440000.0,0,0.25087785720825195,0.0,12.953753471374512,-0.07464797794818878,103.6417236328125,-8.026217532207513,31745.177734375,2.8936502933502197,0.0,72.46729278564453,22.103242874145508,354.8828125,70.54682159423828,81.62980651855469,0.4164587241451175,100.9354019165039,422.58623380450445,4.186699867248535,100.54682159423828,POINT (131000 440000),8858.206037301352
143000.0,444000.0,0,0.16438908874988556,0.0,16.923063278198242,-0.07298877090215683,203.82444763183594,-10.885810605608011,20801.203125,1.5368191003799438,0.0,90.4205551147461,23.58924674987793,400.1953125,76.75174713134766,83.63418579101562,0.3648050080947129,83.7477035522461,368.4899036166862,4.400000095367432,106.75174713134766,POINT (143000 444000),8869.976468659836
124000.0,445000.0,0,0.25820860266685486,0.0,13.739869117736816,-0.0787276029586792,106.77743530273438,-8.537369059721392,32672.787109375,2.7708420753479004,0.0,76.1105728149414,22.782556533813477,400.1953125,69.18058776855469,80.26395416259766,0.43297044618289326,85.56919860839844,472.77839901234984,5.525100231170654,99.18058776855469,POINT (124000 445000),8879.215560756706
118000.0,455000.0,0,9.999999974752427e-07,0.0,12.408713340759277,-0.008848339319229126,23726666.0,-8.106171156564903,0.12653639912605286,-5.6854729652404785,0.0,70.77511596679688,5.625833511352539,241.6015625,60.968345642089844,46.95746612548828,0.1061364509930201,58.48889923095703,110.12289847917327,1.8827999830245972,90.96834564208984,POINT (118000 455000),8882.36181585711
122000.0,447000.0,0,0.04710780456662178,0.0,12.24765682220459,-0.026300596073269844,504.1571350097656,-7.953113443404101,5960.85205078125,1.1250706911087036,0.0,69.75713348388672,12.23585319519043,320.8984375,61.06797790527344,64.79954528808594,0.2583852612981877,72.99299621582031,288.34423136421174,3.9502999782562256,91.06797790527344,POINT (122000 447000),8896.596814785711
149000.0,449000.0,0,4.834537506103516,0.0,13.763284683227539,-0.9696293473243713,9.184551239013672,1.3468859585748911,611744.9375,6.9669880867004395,0.0,59.0548210144043,165.39541625976562,966.6015625,47.804443359375,75.99269104003906,6.359271623382898,98.56580352783203,6532.379595445527,66.27429962158203,77.804443359375,POINT (149000 449000),8947.557577299425
123000.0,446000.0,0,0.23019637167453766,0.0,12.461166381835938,-0.0662015751004219,108.19890594482422,-7.7229698761030905,29128.21875,3.0784871578216553,0.0,70.10725402832031,19.49224090576172,388.8671875,62.32343292236328,73.80172729492188,0.424096182204407,79.3031005859375,468.4592646486126,5.907199859619141,92.32343292236328,POINT (123000 446000),8980.434796006626
141000.0,443000.0,0,0.20626893639564514,0.0,13.032154083251953,-0.0621618926525116,125.63687133789062,-8.149095580014663,26100.529296875,2.8285765647888184,0.0,72.97787475585938,18.531280517578125,366.2109375,59.058868408203125,69.87960815429688,0.39969902932828694,78.63870239257812,402.88179535792733,5.123199939727783,89.05886840820312,POINT (141000 443000),8984.148993797717
128000.0,441000.0,0,0.35145822167396545,0.0,13.217369079589844,-0.09669829905033112,76.58786010742188,-7.995543701075863,44472.2578125,3.3456966876983643,0.0,73.37091827392578,25.752185821533203,377.5390625,69.85279083251953,83.19147491455078,0.49085210144463437,103.87419891357422,509.07704972657666,4.900899887084961,99.85279083251953,POINT (128000 441000),8984.954842634428
139000.0,469000.0,0,6.20912504196167,0.0,15.001115798950195,-1.251504898071289,8.385209083557129,3.42551546600309,785680.3125,6.867707252502441,0.0,60.74515151977539,211.0919952392578,932.6171875,51.691001892089844,80.13153076171875,7.642486257570274,138.06239318847656,7922.95878784993,57.38679885864258,81.69100189208984,POINT (139000 469000),8987.268878996421
148000.0,462000.0,0,7.251786708831787,0.0,14.566366195678711,-1.4179322719573975,7.498213768005371,6.198326325657302,917614.9375,7.516205310821533,0.0,53.9241828918457,241.23123168945312,1034.5703125,45.655418395996094,74.53173065185547,11.021844684072557,127.69339752197266,11463.177129268995,89.77110290527344,75.6554183959961,POINT (148000 462000),8989.319170707078
120000.0,450000.0,0,9.999999974752427e-07,0.0,14.1078519821167,-0.0056984699331223965,26893398.0,-9.188079690113462,0.12653639912605286,-19.289398193359375,0.0,78.8106918334961,3.253678321838379,184.9609375,69.01019287109375,34.30970001220703,0.04572084901406456,62.36140060424805,50.53144244573696,0.8102999925613403,99.01019287109375,POINT (120000 450000),8990.17839746817
147000.0,447000.0,0,3.8704795837402344,0.0,12.571744918823242,-0.7691958546638489,9.911911010742188,0.11648382611460684,489756.53125,7.156987190246582,0.0,56.42710876464844,132.93453979492188,887.3046875,43.82074737548828,71.80931854248047,5.45685243571826,94.83719635009766,5564.80974801394,58.6775016784668,73.82074737548828,POINT (147000 447000),8990.57976382953
147000.0,463000.0,0,6.503140449523926,0.0,14.734617233276367,-1.295175552368164,8.05483627319336,4.321738763811421,822883.9375,7.111649990081787,0.0,58.022613525390625,219.36985778808594,977.9296875,49.98149871826172,78.57711029052734,8.58803872928737,130.00100708007812,8929.131747686537,68.68509674072266,79.98149871826172,POINT (147000 463000),9003.72000965355
132000.0,470000.0,0,6.579916477203369,0.0,14.967647552490234,-1.3161245584487915,8.088086128234863,4.298014814567077,832598.875,7.022183895111084,0.0,59.096561431884766,222.23463439941406,955.2734375,50.24781799316406,78.83063507080078,8.511923219862085,139.29820251464844,8857.360037477221,63.585601806640625,80.24781799316406,POINT (132000 470000),9013.577155501354
143000.0,467000.0,0,6.096510410308838,0.0,14.948988914489746,-1.22984778881073,8.456927299499512,3.214007770791775,771430.4375,6.850964069366455,0.0,60.882564544677734,207.56532287597656,932.6171875,52.00764465332031,80.41250610351562,7.449378538967866,135.50869750976562,7728.372559134732,57.03229904174805,82.00764465332031,POINT (143000 467000),9021.225075046974
135000.0,440000.0,0,0.023326456546783447,0.0,11.472854614257812,-0.01914888434112072,949.3035278320312,-7.485726422843996,2951.645751953125,0.6964174509048462,0.0,66.02669525146484,10.57601261138916,264.2578125,60.421600341796875,62.55343246459961,0.22236271391930304,80.73249816894531,222.65215666933727,2.7578999996185303,90.42160034179688,POINT (135000 440000),9031.00291855616
121000.0,448000.0,0,9.999999974752427e-07,0.0,12.280030250549316,-0.010652235709130764,23516332.0,-8.0343109077357,0.12653639912605286,-3.3697738647460938,0.0,70.13800048828125,6.8343048095703125,252.9296875,60.72239685058594,51.67282485961914,0.13335669793674018,67.11309814453125,150.05817112344084,2.2358999252319336,90.72239685058594,POINT (121000 448000),9036.075511215251
141000.0,468000.0,0,6.43694543838501,0.0,14.927741050720215,-1.2897465229034424,8.178740501403809,4.005261550867903,814507.875,6.986943244934082,0.0,59.457889556884766,217.76425170898438,943.9453125,50.421470642089844,78.9653091430664,8.230186027565585,137.09910583496094,8538.422838802973,62.27920150756836,80.42147064208984,POINT (141000 468000),9037.260262224016
122000.0,468000.0,0,0.582214891910553,0.0,10.564448356628418,-0.12709945440292358,38.5653190612793,-5.682005097907018,73671.375,5.540379524230957,0.0,59.13847732543945,27.749475479125977,366.2109375,48.35279846191406,68.55236053466797,0.8120071357944852,120.4813003540039,840.1522493686571,6.973299980163574,78.35279846191406,POINT (122000 468000),9049.081523531997
119000.0,465000.0,0,0.04879822954535484,0.0,13.79870891571045,-0.032920971512794495,549.5980224609375,-8.996086646351266,6174.751953125,0.8840302228927612,0.0,77.15869903564453,14.76974105834961,298.2421875,67.8360824584961,71.05919647216797,0.26238490913866536,95.6072006225586,267.57588139075415,2.7987000942230225,97.8360824584961,POINT (119000 465000),9052.781125993724
130000.0,440000.0,0,0.2298664003610611,0.0,13.565389633178711,-0.07349875569343567,118.07312774658203,-8.487356123038664,29086.46484375,2.5521206855773926,0.0,75.44908905029297,22.495071411132812,343.5546875,73.79342651367188,83.79898071289062,0.3933177862378374,103.3009033203125,401.3446720232605,3.885200023651123,103.79342651367188,POINT (130000 440000),9093.679910814993
150000.0,459000.0,0,7.762028217315674,0.0,14.265685081481934,-1.490800142288208,7.108663082122803,7.667488575105116,982179.0625,7.947473526000977,0.0,49.801841735839844,255.27182006835938,1091.2109375,40.876556396484375,69.95809173583984,13.778268612447379,120.55889892578125,14343.398237639107,118.97419738769531,70.87655639648438,POINT (150000 459000),9100.354143222296
118000.0,463000.0,0,0.1198190450668335,0.0,14.97257137298584,-0.05421813577413559,245.7830352783203,-9.652006848805032,15161.4697265625,1.496103286743164,0.0,82.18952941894531,19.47311782836914,366.2109375,72.977294921875,79.01493072509766,0.32895601882690556,83.73210144042969,333.965496496945,3.9885001182556152,102.977294921875,POINT (118000 463000),9125.34366172557
134000.0,470000.0,0,6.775698184967041,0.0,14.717228889465332,-1.3423380851745605,7.857112407684326,4.960582085830646,857372.375,7.224128723144531,0.0,56.92375564575195,227.3472442626953,966.6015625,47.9002685546875,76.60657501220703,9.36046495129496,139.43240356445312,9723.137904250994,69.73370361328125,77.9002685546875,POINT (134000 470000),9138.7312845431
135000.0,470000.0,0,3.658384084701538,0.0,12.720949172973633,-0.7357671856880188,10.391807556152344,-0.48971264010465143,462918.71875,6.9113054275512695,0.0,58.595726013183594,127.69790649414062,717.3828125,49.495338439941406,77.12843322753906,4.453107476595445,139.25540161132812,4621.803187141428,33.18939971923828,79.4953384399414,POINT (135000 470000),9143.308899405347
151000.0,454000.0,0,6.524908542633057,0.0,13.836142539978027,-1.2684601545333862,7.689367294311523,5.150916987335514,825638.375,7.651100158691406,0.0,52.440303802490234,216.8890838623047,1068.5546875,42.76911163330078,71.60905456542969,10.497026170991724,108.3666000366211,10937.8204629065,100.93350219726562,72.76911163330078,POINT (151000 454000),9172.571301057935
125000.0,470000.0,0,1.866673231124878,0.0,11.20328426361084,-0.37880128622055054,15.219155311584473,-3.328493612947252,236202.09375,6.735718250274658,0.0,57.46903610229492,69.08096313476562,547.4609375,46.46064758300781,72.46595764160156,2.3638696726766044,133.6826934814453,2465.189002755942,18.44059944152832,76.46064758300781,POINT (125000 470000),9172.67676902644
118000.0,454000.0,0,9.999999974752427e-07,0.0,12.11477279663086,-0.006919061299413443,23132220.0,-7.903079704514713,0.12653639912605286,-8.301678657531738,0.0,69.35231018066406,4.489415645599365,218.9453125,59.77904510498047,41.61592102050781,0.0834588811400082,56.545501708984375,87.22709295311142,1.5426000356674194,89.77904510498047,POINT (118000 454000),9173.613247456691
119000.0,452000.0,0,9.999999974752427e-07,0.0,13.036783218383789,-0.004924384877085686,24845216.0,-8.488321837519507,0.12653639912605286,-18.235626220703125,0.0,73.837158203125,3.0010735988616943,173.6328125,64.2415542602539,32.7480583190918,0.0453890899874349,58.4567985534668,48.5600614043658,0.8306999802589417,94.2415542602539,POINT (119000 452000),9182.571235293697
151000.0,455000.0,0,8.462333679199219,2.106401205062866,14.202773094177246,-1.7939904928207397,7.181397438049316,8.148978662699282,1070793.125,5.91579008102417,4.8402299880981445,43.474605560302734,274.03778076171875,1181.8359375,33.09088134765625,62.42412567138672,19.72322816224701,110.75389862060547,20564.308203012333,185.6757049560547,63.09088134765625,POINT (151000 455000),9187.985059913315
146000.0,446000.0,0,1.0302350521087646,0.0,11.408173561096191,-0.21934492886066437,25.036502838134766,-5.292518054993785,130362.21875,5.908347129821777,0.0,61.754459381103516,42.97225570678711,513.4765625,48.773155212402344,71.91166687011719,1.3121115144419264,92.12439727783203,1333.988905263359,14.480299949645996,78.77315521240234,POINT (146000 446000),9190.039486932923
149000.0,461000.0,0,8.107521057128906,0.0,14.43321704864502,-1.5537000894546509,6.991161823272705,8.334242697341466,1025896.5,8.003973007202148,0.0,49.3147087097168,266.1138610839844,1102.5390625,40.66130828857422,69.78878021240234,14.708695770512518,125.00460052490234,15300.83796330163,122.4021987915039,70.66130828857422,POINT (149000 461000),9195.039113209246
139000.0,442000.0,0,9.999999974752427e-07,0.0,17.101158142089844,-0.021895121783018112,32881872.0,-11.234031517907436,0.12653639912605286,-3.9031260013580322,0.0,91.7283935546875,10.741226196289062,286.9140625,80.53929901123047,66.90951538085938,0.14642164616077702,75.24669647216797,147.4835279558829,1.9600000381469727,110.53929901123047,POINT (139000 442000),9212.92162239129
133000.0,470000.0,0,6.7869791984558105,0.0,14.948505401611328,-1.3517420291900635,7.934861660003662,4.788559480265719,858799.875,7.111079692840576,0.0,58.1649169921875,228.41285705566406,966.6015625,49.332008361816406,77.99003601074219,9.04684464451997,139.45010375976562,9406.160158114973,67.45179748535156,79.3320083618164,POINT (133000 470000),9242.982275879824
145000.0,445000.0,0,1.2391976118087769,0.0,14.776446342468262,-0.28896647691726685,27.034109115600586,-7.211726437897155,156803.609375,4.728053569793701,0.0,77.49896240234375,55.78032684326172,592.7734375,64.59486389160156,86.36911010742188,1.1993181740046575,88.80419921875,1215.853775377851,13.691399574279785,94.59486389160156,POINT (145000 445000),9245.95374680586
150000.0,450000.0,0,5.1062517166137695,0.0,13.7221040725708,-1.0175127983093262,8.857213973999023,1.9936380908083673,646126.625,7.100446701049805,0.0,57.70981216430664,173.60638427734375,989.2578125,46.847015380859375,75.17791748046875,6.966957792710989,99.7582015991211,7196.52691978059,72.13970184326172,76.84701538085938,POINT (150000 450000),9255.966597484135
136000.0,470000.0,0,4.522181510925293,0.0,13.563946723937988,-0.911026120185852,9.491057395935059,0.78631404258129,572220.5625,6.877722263336182,0.0,59.71053695678711,156.0579071044922,796.6796875,50.50212860107422,78.48558807373047,5.468221841225148,138.9333038330078,5670.0766056991415,40.811500549316406,80.50212860107422,POINT (136000 470000),9256.55366585228
125000.0,443000.0,0,0.211460679769516,0.0,14.588563919067383,-0.07367079704999924,137.55252075195312,-9.21505366025135,26757.470703125,2.2148046493530273,0.0,80.16349792480469,22.8770809173584,388.8671875,74.60281372070312,83.67805480957031,0.39176361722292363,90.82620239257812,421.0248570331023,4.635499954223633,104.60281372070312,POINT (125000 443000),9257.604814021277
151000.0,453000.0,0,5.969974994659424,0.0,13.811418533325195,-1.1724956035614014,8.093360900878906,3.8888414278618813,755419.125,7.415180683135986,0.0,54.669490814208984,200.15980529785156,1034.5703125,44.9071044921875,73.56193542480469,8.880209310853292,105.86160278320312,9246.365521294065,87.34390258789062,74.9071044921875,POINT (151000 453000),9265.692585273537
126000.0,442000.0,0,0.22883625328540802,0.0,14.309818267822266,-0.07624132931232452,125.00703430175781,-8.991423126132219,28956.11328125,2.382096767425537,0.0,78.85700225830078,23.179489135742188,377.5390625,74.13105010986328,83.81669616699219,0.400552416035187,95.90899658203125,424.3589582040149,4.424600124359131,104.13105010986328,POINT (126000 442000),9294.554391733967
123000.0,469000.0,0,0.700896680355072,0.0,10.342011451721191,-0.14888383448123932,32.01822280883789,-5.272486988142951,88688.9453125,5.944094657897949,0.0,57.4638671875,31.149887084960938,377.5390625,46.405799865722656,68.03823852539062,0.9674016612240839,127.16999816894531,1005.4060229878232,7.906000137329102,76.40579986572266,POINT (123000 469000),9295.207308454643
151000.0,456000.0,0,8.262195587158203,1.4061501026153564,14.168838500976562,-1.6849249601364136,7.098811626434326,8.189371875097613,1045468.375,6.527777194976807,5.101473331451416,45.20849609375,268.6442565917969,1159.1796875,35.288230895996094,64.55718994140625,17.789597019392517,112.99259948730469,18550.153470917372,164.17140197753906,65.2882308959961,POINT (151000 456000),9310.668317665373
142000.0,443000.0,0,0.25157853960990906,0.0,13.179495811462402,-0.07233807444572449,104.88370513916016,-8.15538521831696,31833.84375,3.0794878005981445,0.0,73.51880645751953,20.306476593017578,377.5390625,59.272705078125,71.32561492919922,0.4375067913446993,79.39540100097656,441.1684926526141,5.556600093841553,89.272705078125,POINT (142000 443000),9317.632152880313
136000.0,440000.0,0,0.012475620955228806,0.0,10.840120315551758,-0.014344250783324242,1671.4200439453125,-7.081427982070649,1578.6201171875,0.47145912051200867,0.0,62.81991958618164,8.88413143157959,252.9296875,55.723533630371094,57.0760498046875,0.20216179569092368,75.77320098876953,202.58722701290935,2.6735999584198,85.7235336303711,POINT (136000 440000),9345.149201264356
138000.0,441000.0,0,0.1717710793018341,0.0,9.110367774963379,-0.040806956589221954,105.17744445800781,-5.585516026141674,21735.29296875,4.532608985900879,0.0,52.689247131347656,12.014925956726074,309.5703125,42.2017822265625,55.866119384765625,0.40023084921179164,72.8563003540039,402.7277676314661,5.527699947357178,72.2017822265625,POINT (138000 441000),9377.587962698295
140000.0,469000.0,0,6.36713171005249,0.0,14.949127197265625,-1.2779916524887085,8.240006446838379,3.828548230067003,805673.875,6.951449394226074,0.0,59.8359489440918,215.7211456298828,943.9453125,50.831146240234375,79.34384155273438,8.051628683263447,137.26890563964844,8346.251498049824,60.80220031738281,80.83114624023438,POINT (140000 469000),9387.655058622342
120000.0,449000.0,0,9.999999974752427e-07,0.0,13.821025848388672,-0.006122832652181387,26356810.0,-9.004755324110985,0.12653639912605286,-16.47050666809082,0.0,77.49658203125,3.5552663803100586,184.9609375,67.64754486083984,36.27581024169922,0.05169281189786165,61.89780044555664,58.14060399983259,0.939300000667572,97.64754486083984,POINT (120000 449000),9388.923601985089
129000.0,471000.0,0,5.675217628479004,0.0,14.638360023498535,-1.145897626876831,8.702052116394043,2.516627997019136,718121.625,6.833141803741455,0.0,60.92792892456055,193.84385681152344,887.3046875,51.48674774169922,79.79473876953125,6.874009955862952,138.1844940185547,7167.146177090937,51.86650085449219,81.48674774169922,POINT (129000 471000),9394.965899343495
145000.0,466000.0,0,5.757423400878906,0.0,15.000836372375488,-1.1704425811767578,8.77767276763916,2.4043343126227676,728523.5625,6.701466083526611,0.0,62.44367980957031,197.60494995117188,921.2890625,54.369850158691406,82.60003662109375,6.6594308165879985,133.25650024414062,6911.70800040639,51.867698669433594,84.3698501586914,POINT (145000 466000),9397.975225876859
128000.0,471000.0,0,4.611838340759277,0.0,14.02980899810791,-0.9374406933784485,9.606266021728516,0.6203776950366497,583565.375,6.703753471374512,0.0,61.808349609375,159.83140563964844,819.3359375,52.04236602783203,79.9599838256836,5.366272939003055,137.7404022216797,5598.031530310982,40.64189910888672,82.04236602783203,POINT (128000 471000),9416.938505538466
144000.0,444000.0,0,0.5351474285125732,0.0,16.370067596435547,-0.15209999680519104,63.43541717529297,-9.769714212133884,67715.625,3.146425485610962,0.0,86.90946960449219,35.620933532714844,479.4921875,73.46500396728516,88.29314422607422,0.607811268696505,84.94850158691406,614.6958690541942,7.236100196838379,103.46500396728516,POINT (144000 444000),9418.19318505812
124000.0,444000.0,0,0.1761842668056488,0.0,14.488297462463379,-0.06516273319721222,163.10340881347656,-9.215760513916834,22293.720703125,2.015206813812256,0.0,79.82038879394531,21.274703979492188,388.8671875,73.51687622070312,81.63959503173828,0.3702571546033544,85.11289978027344,403.4181203655244,4.739799976348877,103.51687622070312,POINT (124000 444000),9429.367420258775
129000.0,440000.0,0,0.22322310507297516,0.0,13.666929244995117,-0.07256068289279938,122.37155151367188,-8.569879664785034,28245.845703125,2.4820008277893066,0.0,75.93357849121094,22.40847396850586,354.8828125,74.11328125,83.87027740478516,0.39221701259627345,103.66790008544922,402.4802590090876,3.8824000358581543,104.11328125,POINT (129000 440000),9429.85760451547
117000.0,459000.0,0,0.117007315158844,0.0,14.34923267364502,-0.05022217705845833,240.9309539794922,-9.231544718882649,14805.68359375,1.6131422519683838,0.0,79.3750991821289,18.146297454833984,388.8671875,69.59700012207031,75.9057846069336,0.3313494081893593,66.37090301513672,339.70619031988826,5.118299961090088,99.59700012207031,POINT (117000 459000),9445.050950561399
146000.0,465000.0,0,5.882969856262207,0.0,14.936683654785156,-1.1913318634033203,8.636556625366211,2.740393692536867,744409.8125,6.775975227355957,0.0,61.60502243041992,201.27810668945312,932.6171875,53.765228271484375,82.06299591064453,6.950192983909161,131.95069885253906,7217.980171487841,54.70209884643555,83.76522827148438,POINT (146000 465000),9446.598279385982
117000.0,460000.0,0,0.21988265216350555,0.0,14.222515106201172,-0.07209506630897522,128.98812866210938,-8.938688925761085,27823.158203125,2.4463202953338623,0.0,78.44812774658203,21.72139549255371,411.5234375,68.85613250732422,78.76348876953125,0.4079527620648598,69.8727035522461,416.9164624286532,5.966800212860107,98.85613250732422,POINT (117000 460000),9451.356910484988
151000.0,452000.0,0,5.807671546936035,0.0,13.712308883666992,-1.1411643028259277,8.1854829788208,3.6003300048079305,734881.8125,7.404447078704834,0.0,54.7432975769043,194.903564453125,1034.5703125,44.57933807373047,73.20463562011719,8.652173301849336,103.27200317382812,8999.556428008946,87.14420318603516,74.57933807373047,POINT (151000 452000),9464.145703474474
137000.0,470000.0,0,6.240694522857666,0.0,15.003077507019043,-1.2571780681610107,8.360517501831055,3.495577522702217,789675.0,6.878589630126953,0.0,60.6385383605957,212.02618408203125,932.6171875,51.4583740234375,79.91317749023438,7.717889325784858,138.47999572753906,7996.9841496349545,57.74829864501953,81.4583740234375,POINT (137000 470000),9474.569853437226
151000.0,457000.0,0,8.360230445861816,1.340721845626831,14.242817878723145,-1.696691870689392,7.058891296386719,8.400565594439794,1057873.375,6.615574836730957,5.1357574462890625,45.331817626953125,271.8510437011719,1159.1796875,35.56000518798828,64.831787109375,17.927344887385924,115.0551986694336,18687.94457558077,162.4259033203125,65.56000518798828,POINT (151000 457000),9474.720819167274
118000.0,464000.0,0,0.07098455727100372,0.0,14.549662590026855,-0.04128238186240196,400.1260986328125,-9.461240879206073,8982.1298828125,1.0668995380401611,0.0,80.48221588134766,16.90389060974121,332.2265625,71.26891326904297,75.37994384765625,0.288409505523897,87.43900299072266,293.069312227899,3.3517000675201416,101.26891326904297,POINT (118000 464000),9478.650602754145
130000.0,471000.0,0,6.534853935241699,0.0,14.902039527893066,-1.3060439825057983,8.095728874206543,4.251516776292622,826896.875,7.038999557495117,0.0,58.907718658447266,220.60504150390625,955.2734375,49.745338439941406,78.3326644897461,8.525400896835441,138.52999877929688,8883.402105024783,64.1261978149414,79.7453384399414,POINT (130000 471000),9479.031473867
142000.0,468000.0,0,6.4774603843688965,0.0,14.89085865020752,-1.295608639717102,8.133827209472656,4.1298646106925485,819634.4375,7.0225396156311035,0.0,59.0632438659668,218.8805389404297,955.2734375,50.089996337890625,78.6564712524414,8.386279633247081,136.0657958984375,8696.753950832877,63.91579818725586,80.08999633789062,POINT (142000 468000),9495.058465515207
120000.0,467000.0,0,9.999999974752427e-07,0.0,11.55746841430664,-0.011445513926446438,22159382.0,-7.570711277391636,0.12653639912605286,-1.2019366025924683,0.0,66.58930969238281,7.734605312347412,196.2890625,56.73970031738281,53.368309020996094,0.15317020715859275,109.17160034179688,157.46911400085082,1.4423999786376953,86.73970031738281,POINT (120000 467000),9517.031924331239
127000.0,441000.0,0,0.24819369614124298,0.0,13.658835411071777,-0.07725577056407928,110.35438537597656,-8.50954458062455,31405.53515625,2.67252516746521,0.0,75.80321502685547,22.926671981811523,366.2109375,72.13562774658203,82.73188781738281,0.4135606574967299,99.88729858398438,432.0525088732684,4.325399875640869,102.13562774658203,POINT (127000 441000),9528.345168203929
117000.0,458000.0,0,0.004359960090368986,0.0,14.582846641540527,-0.026009537279605865,6462.900390625,-9.612064448004485,551.693603515625,0.08227802813053131,0.0,80.8162841796875,14.104702949523926,354.8828125,71.06353759765625,71.3658218383789,0.24513008347394608,62.95009994506836,252.16549590379327,4.005799770355225,101.06353759765625,POINT (117000 458000),9544.099091482089
127000.0,471000.0,0,3.3192148208618164,0.0,13.355509757995605,-0.6833794116973877,11.519250869750977,-1.7228365110768378,420001.46875,6.467329025268555,0.0,63.265281677246094,118.56396484375,706.0546875,53.184112548828125,80.3017349243164,3.6573846212566106,137.21240234375,3817.729232643731,27.82349967956543,83.18411254882812,POINT (127000 471000),9544.216960251844
150000.0,460000.0,0,5.936689853668213,1.399095892906189,11.270004272460938,-1.2480605840682983,7.565797805786133,4.937194318671906,751207.3125,6.035275936126709,4.888743877410889,43.07182693481445,193.90670776367188,955.2734375,33.516693115234375,62.59782791137695,22.120975742204184,121.95140075683594,23018.70464148489,188.7530975341797,63.516693115234375,POINT (150000 460000),9547.584597724226
144000.0,467000.0,0,5.800188064575195,0.0,15.01082706451416,-1.1785612106323242,8.74260139465332,2.491691458248782,733934.875,6.710757255554199,0.0,62.37785720825195,198.86781311035156,909.9609375,53.95209503173828,82.20565032958984,6.733752972098678,134.23489379882812,6984.496369102271,52.031898498535156,83.95209503173828,POINT (144000 467000),9553.874048446327
118000.0,453000.0,0,9.999999974752427e-07,0.0,12.55249309539795,-0.005377386696636677,23934250.0,-8.177091872630596,0.12653639912605286,-14.386690139770508,0.0,71.51101684570312,3.383756399154663,184.9609375,62.08240509033203,35.354148864746094,0.05542794176097218,55.00749969482422,58.61049207893848,1.065500020980835,92.08240509033203,POINT (118000 453000),9559.993399424064
117000.0,461000.0,0,0.019348401576280594,0.0,16.426836013793945,-0.038586631417274475,1649.546630859375,-10.83797298844589,2448.27685546875,0.25769883394241333,0.0,88.78883361816406,18.0300350189209,366.2109375,79.2924575805664,80.35033416748047,0.2705986180207631,73.33820343017578,275.6709675302136,3.7588999271392822,109.2924575805664,POINT (117000 461000),9562.808553978475
149000.0,448000.0,0,6.084707736968994,0.296396404504776,13.320646286010742,-1.1982334852218628,7.867320537567139,4.4334778336213585,769937.0,7.287772178649902,5.563650131225586,50.86553192138672,201.55953979492188,1079.8828125,38.670188903808594,67.53977966308594,10.612057823212542,95.89779663085938,10888.628809086047,113.54409790039062,68.6701889038086,POINT (149000 448000),9579.967714501428
148000.0,447000.0,0,5.357573986053467,0.0,13.331308364868164,-1.051076889038086,8.421281814575195,2.8896951402407884,677928.125,7.439718723297119,0.0,54.338993072509766,179.7726287841797,1034.5703125,41.67884826660156,70.27067565917969,8.328041967448787,94.30239868164062,8513.639144088607,90.28019714355469,71.67884826660156,POINT (148000 447000),9600.08595566915
119000.0,466000.0,0,0.015894299373030663,0.0,12.792814254760742,-0.021423397585749626,1553.569580078125,-8.381984106461754,2011.2073974609375,0.3946719169616699,0.0,72.56918334960938,11.750371932983398,252.9296875,63.05701446533203,64.37020111083984,0.22002647255170965,100.310302734375,224.97594670479884,2.242799997329712,93.05701446533203,POINT (119000 466000),9615.91741763017
122000.0,446000.0,0,0.09918976575136185,0.0,12.839295387268066,-0.04010237753391266,253.38433837890625,-8.247811168536579,12551.115234375,1.76060950756073,0.0,72.40756225585938,15.326913833618164,366.2109375,64.46000671386719,70.7542495727539,0.3133648946181717,72.8772964477539,349.854753107953,4.800600051879883,94.46000671386719,POINT (122000 446000),9616.548948061596
117000.0,457000.0,0,9.999999974752427e-07,0.0,15.274849891662598,-0.016766471788287163,29317692.0,-10.016335559707276,0.12653639912605286,-4.235574722290039,0.0,83.94880676269531,8.987449645996094,298.2421875,74.48143768310547,61.213138580322266,0.1397162536082798,59.752498626708984,144.26045533743672,2.414299964904785,104.48143768310547,POINT (117000 457000),9616.761732559436
124000.0,470000.0,0,1.3460673093795776,0.0,10.097574234008789,-0.26998040080070496,18.022315979003906,-3.6893151070140835,170326.5,6.966304779052734,0.0,53.44294738769531,50.893882751464844,468.1640625,42.17362976074219,67.52056884765625,1.89448768585712,132.3865966796875,1976.3068184870062,14.928299903869629,72.17362976074219,POINT (124000 470000),9616.811879072458
121000.0,468000.0,0,0.39576688408851624,0.0,10.316636085510254,-0.08937739580869675,53.748748779296875,-5.915402542242837,50078.9140625,5.097339630126953,0.0,58.55218505859375,21.342281341552734,320.8984375,47.95880126953125,65.79342651367188,0.61092693560505,117.61160278320312,631.6449001985166,5.37060022354126,77.95880126953125,POINT (121000 468000),9627.145242219867
121000.0,447000.0,0,9.999999974752427e-07,0.0,12.892801284790039,-0.014889278449118137,24759618.0,-8.459077428250051,0.12653639912605286,-1.534669280052185,0.0,73.07186126708984,9.16921615600586,286.9140625,64.22138214111328,59.544586181640625,0.17433381158952888,66.8822021484375,196.72061551519437,2.9412999153137207,94.22138214111328,POINT (121000 447000),9642.574315502749
138000.0,470000.0,0,6.16940975189209,0.0,15.00425910949707,-1.2444548606872559,8.418622016906738,3.33317816564244,780654.875,6.852532863616943,0.0,60.90924072265625,209.8822021484375,932.6171875,51.79386901855469,80.21930694580078,7.564874218398339,137.90609741210938,7834.376668195473,56.80950164794922,81.79386901855469,POINT (138000 470000),9655.401614859788
119000.0,451000.0,0,9.999999974752427e-07,0.0,13.706596374511719,-0.0048055099323391914,26114724.0,-8.922047059170145,0.12653639912605286,-21.755699157714844,0.0,76.9743881225586,2.8092637062072754,173.6328125,67.26165771484375,31.336322784423828,0.03959791943455195,57.65739822387695,43.11620196292142,0.7477999925613403,97.26165771484375,POINT (119000 451000),9660.462379090972
131000.0,471000.0,0,6.702330112457275,0.0,14.932064056396484,-1.3365775346755981,7.9877848625183105,4.60764961626909,848088.6875,7.084540367126465,0.0,58.43818283081055,225.81431579589844,955.2734375,49.5579833984375,78.19144439697266,8.840026669071767,138.7646942138672,9204.526035250747,66.33190155029297,79.5579833984375,POINT (131000 471000),9666.369076095494
148000.0,463000.0,0,7.468392848968506,0.0,14.578163146972656,-1.4547768831253052,7.376705169677734,6.693503207624245,945023.5,7.6040215492248535,0.0,53.075435638427734,247.73944091796875,1045.8984375,44.83728790283203,73.77108001708984,11.705988770918191,128.26429748535156,12169.652585491305,94.87950134277344,74.83728790283203,POINT (148000 463000),9675.763494346485
117000.0,456000.0,0,9.999999974752427e-07,0.0,13.313270568847656,-0.01258788164705038,25514580.0,-8.71700889523396,0.12653639912605286,-3.7656867504119873,0.0,75.07327270507812,7.545278072357178,275.5859375,65.67764282226562,54.99341583251953,0.13595600229907304,56.907901763916016,140.98932444923776,2.4774999618530273,95.67764282226562,POINT (117000 456000),9687.078780188818
147000.0,464000.0,0,6.626935005187988,0.0,14.734240531921387,-1.3166961669921875,7.965453147888184,4.606378426419049,838548.4375,7.161838054656982,0.0,57.50358200073242,223.1106414794922,989.2578125,49.558448791503906,78.1961669921875,8.900001101282053,130.2924041748047,9248.676169040264,70.98400115966797,79.5584487915039,POINT (147000 464000),9695.967848652414
151000.0,458000.0,0,6.74952507019043,3.540903091430664,11.438250541687012,-1.6998071670532227,7.963188648223877,4.696812671771613,854060.5625,4.282693862915039,4.1043806076049805,36.32563018798828,216.58494567871094,1023.2421875,25.397968292236328,54.790504455566406,34.42201584205556,116.91719818115234,35860.00111382804,306.7127990722656,55.39796829223633,POINT (151000 458000),9701.860605143052
133000.0,439000.0,0,0.06840983778238297,0.0,13.244712829589844,-0.037113867700099945,377.8194580078125,-8.596713801062036,8656.333984375,1.1682932376861572,0.0,74.49818420410156,15.98582935333252,309.5703125,72.77256774902344,76.95074462890625,0.27914397656044654,88.82129669189453,279.95584975286874,3.151900053024292,102.77256774902344,POINT (133000 439000),9717.685681038589
132000.0,439000.0,0,0.11938821524381638,0.0,13.43017864227295,-0.049293771386146545,221.36370849609375,-8.621266976063616,15106.9541015625,1.706850290298462,0.0,75.18389892578125,18.380367279052734,332.2265625,74.23893737792969,80.59165954589844,0.3192817752961339,93.89250183105469,321.69448160725005,3.4261999130249023,104.23893737792969,POINT (132000 439000),9729.368690544135
140000.0,442000.0,0,9.999999974752427e-07,0.0,15.988038063049316,-0.024629615247249603,30819964.0,-10.52958420105459,0.12653639912605286,-1.3747531175613403,0.0,87.02816772460938,12.735276222229004,309.5703125,74.26338958740234,69.1807632446289,0.19569766187708065,74.70050048828125,197.0375161790871,2.637700080871582,104.26338958740234,POINT (140000 442000),9737.55403098812
123000.0,445000.0,0,0.15146559476852417,0.0,13.72689437866211,-0.055674053728580475,178.9964599609375,-8.745221614506196,19165.91015625,2.034740686416626,0.0,76.4190444946289,18.89997673034668,377.5390625,69.2878189086914,77.11862182617188,0.3534645354709703,79.05770111083984,390.09441030876405,4.934299945831299,99.2878189086914,POINT (123000 445000),9740.228333224355
143000.0,443000.0,0,0.41254040598869324,0.0,13.341508865356445,-0.10688429325819016,66.28459167480469,-7.932959307193565,52201.375,3.767028331756592,0.0,73.70580291748047,26.048837661743164,422.8515625,59.32997131347656,74.75446319580078,0.574916799801572,80.71710205078125,580.1380441352085,7.187300205230713,89.32997131347656,POINT (143000 443000),9742.42518696632
137000.0,440000.0,0,0.032923098653554916,0.0,9.897653579711914,-0.015547197312116623,579.691650390625,-6.4079598073658115,4165.97021484375,1.409439206123352,0.0,57.70806884765625,8.127081871032715,252.9296875,48.97350311279297,52.85795593261719,0.21474150127919053,71.87020111083984,215.45249692305333,2.99780011177063,78.97350311279297,POINT (137000 440000),9746.81420649655
151000.0,451000.0,0,5.630354404449463,0.0,13.611490249633789,-1.1071181297302246,8.295326232910156,3.279111864729881,712444.75,7.38834810256958,0.0,54.866546630859375,189.1807098388672,1034.5703125,44.25691223144531,72.84638214111328,8.394624707179272,100.6332015991211,8721.688223501842,86.66809844970703,74.25691223144531,POINT (151000 451000),9761.508526267635
149000.0,462000.0,0,8.269826889038086,0.0,14.461166381835938,-1.5811940431594849,6.923015594482422,8.693626006871366,1046434.125,8.062658309936523,0.0,48.80075454711914,270.9713439941406,1102.5390625,40.09980010986328,69.25856018066406,15.32563439120713,125.86080169677734,15937.639664653863,126.62909698486328,70.09980010986328,POINT (149000 462000),9765.310253091511
150000.0,449000.0,0,5.0572509765625,0.0,13.594414710998535,-1.0052512884140015,8.849407196044922,1.9879954476048232,639926.3125,7.152693271636963,0.0,57.14326095581055,171.67857360839844,1000.5859375,45.84660339355469,74.19978332519531,7.062222555272664,97.091796875,7282.894410088658,75.0103988647461,75.84660339355469,POINT (150000 449000),9766.775950411855
126000.0,471000.0,0,2.4072437286376953,0.0,12.442739486694336,-0.49653443694114685,13.700733184814453,-3.0435963292747736,304603.9375,6.434305191040039,0.0,62.016231536865234,88.38513946533203,604.1015625,51.556419372558594,77.89562225341797,2.711927374462525,136.61819458007812,2832.3001864066464,20.73150062561035,81.5564193725586,POINT (126000 471000),9772.687652412968
117000.0,462000.0,0,0.07479928433895111,0.0,15.9707670211792,-0.0491165928542614,417.76593017578125,-10.420476225222426,9464.8310546875,0.9143230319023132,0.0,86.67236328125,19.4558048248291,377.5390625,77.35433197021484,81.14028930664062,0.304785205308261,76.72460174560547,309.5837563362729,4.034999847412109,107.35433197021484,POINT (117000 462000),9775.810320925599
134000.0,439000.0,0,0.051333412528038025,0.0,12.886751174926758,-0.03142910450696945,488.1771545410156,-8.386257207425935,6495.544921875,0.9987772703170776,0.0,72.8527603149414,14.477432250976562,309.5703125,69.9117202758789,73.36555480957031,0.2654139299911549,83.18099975585938,265.4139299911549,3.1907999515533447,99.9117202758789,POINT (134000 439000),9808.476684704123
147000.0,446000.0,0,0.9349502921104431,0.0,10.47487735748291,-0.19419889152050018,25.185970306396484,-4.8507653960370725,118305.234375,6.312157154083252,0.0,57.11302947998047,38.33846664428711,490.8203125,43.80152893066406,67.23035430908203,1.3264443077486279,92.20230102539062,1351.4460191488615,14.657400131225586,73.80152893066406,POINT (147000 446000),9825.859723280319
131000.0,439000.0,0,0.18207122385501862,0.0,13.427501678466797,-0.06286751478910446,146.53009033203125,-8.492761311312032,23038.63671875,2.2469375133514404,0.0,74.95658111572266,20.727088928222656,343.5546875,74.35310363769531,82.94988250732422,0.3627132513308074,97.83830261230469,367.30455387564143,3.754199981689453,104.35310363769531,POINT (131000 439000),9843.160835708139
122000.0,469000.0,0,0.35855361819267273,0.0,10.122055053710938,-0.08114474266767502,57.8641471862793,-5.863320767332752,45370.08203125,5.071601390838623,0.0,57.65781021118164,19.769163131713867,298.2421875,46.56127166748047,63.985389709472656,0.5726438189527602,125.05059814453125,595.078268128942,4.758699893951416,76.56127166748047,POINT (122000 469000),9854.134735489366
117000.0,455000.0,0,9.999999974752427e-07,0.0,15.791783332824707,-0.008565273135900497,30144634.0,-10.298858869715739,0.12653639912605286,-16.407541275024414,0.0,86.24787139892578,4.468876361846924,218.9453125,77.24930572509766,42.215145111083984,0.05837280281386594,54.508201599121094,60.87475685317531,1.1167999505996704,107.24930572509766,POINT (117000 455000),9855.828299247121
128000.0,440000.0,0,0.22191369533538818,0.0,13.477967262268066,-0.07118099927902222,121.35972595214844,-8.442896549921027,28080.158203125,2.538431167602539,0.0,75.06460571289062,21.96297836303711,343.5546875,72.8904800415039,82.77737426757812,0.38943620460437944,101.76339721679688,401.8534776778033,3.948899984359741,102.8904800415039,POINT (128000 440000),9856.440258151839
120000.0,448000.0,0,9.999999974752427e-07,0.0,15.120162010192871,-0.007430055178701878,28848062.0,-9.855887279079045,0.12653639912605286,-17.047700881958008,0.0,83.33743286132812,4.011956214904785,196.2890625,73.69525146484375,39.200740814208984,0.05336137126360459,61.52980041503906,60.80374931585993,0.9882000088691711,103.69525146484375,POINT (120000 448000),9873.219595933335
141000.0,469000.0,0,6.533230781555176,0.0,14.896080017089844,-1.305625081062317,8.094799995422363,4.252534153877592,826691.5,7.040493965148926,0.0,58.88120651245117,220.57730102539062,955.2734375,49.90808868408203,78.49320983886719,8.505588589385274,136.3572998046875,8814.081679319963,64.63960266113281,79.90808868408203,POINT (141000 469000),9873.455985417553
146000.0,445000.0,0,1.190592885017395,0.0,13.453912734985352,-0.2674178183078766,25.687631607055664,-6.38116356240507,150653.328125,5.164494514465332,0.0,71.44042205810547,51.70328140258789,570.1171875,58.36824035644531,80.80304718017578,1.2670372848338187,89.5176010131836,1286.9855728733237,14.376899719238281,88.36824035644531,POINT (146000 445000),9897.468601273646
143000.0,468000.0,0,6.185678005218506,0.0,14.929244995117188,-1.24531090259552,8.376063346862793,3.4319080081600246,782713.4375,6.891108512878418,0.0,60.44532012939453,210.24502563476562,932.6171875,51.731224060058594,80.1731185913086,7.6331746332629615,134.91529846191406,7912.485501247051,58.64780044555664,81.7312240600586,POINT (143000 468000),9903.004620920718
118000.0,465000.0,0,0.02532818913459778,0.0,13.943056106567383,-0.028257353231310844,1066.2269287109375,-9.139882185549215,3204.937744140625,0.48781391978263855,0.0,77.90776062011719,14.044285774230957,286.9140625,68.5219497680664,70.28173828125,0.2431855794945745,91.64839935302734,247.54232438005602,2.7009999752044678,98.5219497680664,POINT (118000 465000),9917.552062713188
139000.0,470000.0,0,6.330387592315674,0.0,14.956069946289062,-1.271632194519043,8.270986557006836,3.7394514556295517,801024.4375,6.9353346824646,0.0,60.01101303100586,214.61219787597656,943.9453125,50.93500518798828,79.43379974365234,7.973198092733264,137.2178955078125,8252.11979044322,60.13880157470703,80.93500518798828,POINT (139000 470000),9928.939819564677
119000.0,450000.0,0,9.999999974752427e-07,0.0,13.51883316040039,-0.005034415517002344,25762540.0,-8.801724002157659,0.12653639912605286,-19.546630859375,0.0,76.09697723388672,2.9770188331604004,184.9609375,66.13079071044922,32.45343780517578,0.04397519736038187,57.27790069580078,48.72058257219578,0.850600004196167,96.13079071044922,POINT (119000 450000),9932.427304714662
141000.0,442000.0,0,0.00816750805824995,0.0,15.396993637084961,-0.02920965850353241,3646.654052734375,-10.147773050798849,1033.4869384765625,0.1393461972475052,0.0,84.4297103881836,14.89077091217041,332.2265625,70.81635284423828,71.35375213623047,0.24671713944765677,75.11530303955078,248.40630127768054,3.306999921798706,100.81635284423828,POINT (141000 442000),9946.937721494935
132000.0,471000.0,0,6.476242542266846,0.0,14.986379623413086,-1.2986077070236206,8.172086715698242,4.044435471955133,819480.375,6.971472263336182,0.0,59.62940216064453,219.20863342285156,943.9453125,50.951751708984375,79.48951721191406,8.21034461260128,138.8791961669922,8541.76510858984,61.505001068115234,80.95175170898438,POINT (132000 471000),9951.147901022743
125000.0,442000.0,0,0.18020783364772797,0.0,14.46414852142334,-0.0664733350276947,159.34432983398438,-9.194785991686551,22802.849609375,2.0235767364501953,0.0,79.71074676513672,21.690263748168945,377.5390625,74.96639251708984,83.1201400756836,0.36912635002167105,89.72239685058594,394.78753912344837,4.400100231170654,104.96639251708984,POINT (125000 442000),9956.903028678911
139000.0,441000.0,0,0.1566501408815384,0.0,12.003949165344238,-0.048000235110521317,151.26649475097656,-7.560476435334518,19821.943359375,2.746778964996338,0.0,68.1530990600586,15.592511177062988,343.5546875,57.006805419921875,66.73651885986328,0.35761357428747453,71.35900115966797,359.6636543043933,5.040200233459473,87.00680541992188,POINT (139000 441000),9971.297298258118
135000.0,439000.0,0,0.04235904663801193,0.0,12.302078247070312,-0.026640260592103004,563.2672729492188,-8.0068256217134,5359.9609375,0.9653115272521973,0.0,70.05170440673828,12.877461433410645,309.5703125,65.64762878417969,68.84129333496094,0.25506803338971623,77.6321029663086,255.06803338971622,3.285599946975708,95.64762878417969,POINT (135000 439000),9998.950682611967
